event_id,source,tier,bbox_w,bbox_s,bbox_e,bbox_n,date_start,date_end,event_date_start,event_date_end,year,continent,country,place,area_km2_reported,match_modis,match_viirs,match_af,n_indep,aoi_tightened,modis_frac,viirs_frac,af_count,burn_km2,crop_frac,n_chips,notes,burned_crops,attempted
MC202033612475,mcd64-cluster,A,0.40424,10.11952,0.51653,10.20037,2019-11-26,2020-03-16,2020-01-10,2020-01-31,2020,Africa,Togo,Togo,51.32,True,True,True,2,True,0.927,0.896,13,47.57,0.805,1,,1,1
MC202094003044,mcd64-cluster,A,4.59039,11.84429,4.80599,12.01048,2019-11-17,2020-03-16,2020-01-01,2020-01-31,2020,Africa,Nigeria,Nigeria,168.89,True,True,True,2,True,0.941,0.91,18,158.88,0.178,3,,1,1
MC202026753317,mcd64-cluster,A,6.09956,10.54622,6.2927,10.68546,2019-11-30,2020-03-16,2020-01-14,2020-01-31,2020,Africa,Nigeria,Nigeria,166.22,True,True,True,2,True,0.954,0.916,58,158.62,0.674,5,,1,1
MC202048762555,mcd64-cluster,A,103.5488,14.10355,103.74643,14.28321,2019-11-17,2020-03-16,2020-01-01,2020-01-31,2020,SoutheastAsia,Cambodia,Cambodia,138.09,True,True,True,2,True,0.899,0.845,65,124.18,0.344,5,,1,1
MC202077382683,mcd64-cluster,A,103.82728,12.18565,104.05635,12.35633,2019-11-17,2020-03-16,2020-01-01,2020-01-31,2020,SoutheastAsia,Cambodia,Cambodia,80.68,True,True,True,2,True,0.903,0.819,29,72.82,0.219,5,,1,1
MC202017627108,mcd64-cluster,A,104.08779,13.62744,104.36627,13.93736,2019-11-17,2020-03-13,2020-01-01,2020-01-28,2020,SoutheastAsia,Cambodia,Cambodia,274.48,True,True,True,2,True,0.93,0.782,184,255.28,0.211,5,,1,1
MC202171455213,mcd64-cluster,A,4.63531,11.8892,4.7476,12.01497,2020-11-20,2021-03-16,2021-01-04,2021-01-30,2021,Africa,Nigeria,Nigeria,54.18,True,True,True,2,True,0.938,0.77,6,50.82,0.333,2,,1,1
MC202118102844,mcd64-cluster,A,0.4267,9.95782,0.54797,10.06113,2020-11-19,2021-03-17,2021-01-03,2021-01-31,2021,Africa,Togo,Togo,73.45,True,True,True,2,True,0.963,0.886,19,70.75,0.782,3,,1,1
MC202158166218,mcd64-cluster,A,5.55159,11.66462,5.68634,11.73649,2020-11-17,2021-03-01,2021-01-01,2021-01-15,2021,Africa,Nigeria,Nigeria,57.89,True,True,True,2,True,0.958,0.941,13,55.45,0.768,1,,1,1
MC202174463293,mcd64-cluster,A,96.92373,20.88583,97.08992,21.08795,2020-11-19,2021-03-14,2021-01-03,2021-01-28,2021,SouthAsia,Burma,Burma,122.26,True,True,True,2,True,0.951,0.848,63,116.26,0.969,5,,1,1
MC202161104351,mcd64-cluster,A,96.95517,19.98302,97.04949,20.13125,2020-11-29,2021-03-14,2021-01-13,2021-01-28,2021,SouthAsia,Burma,Burma,65.14,True,True,True,2,True,0.949,0.785,26,61.8,0.872,2,,1,1
MC202107810046,mcd64-cluster,A,105.62391,10.41597,105.87544,10.68097,2020-11-23,2021-03-17,2021-01-07,2021-01-31,2021,SoutheastAsia,Vietnam,Vietnam,267.05,True,True,True,2,True,0.937,0.93,42,250.31,0.906,5,,1,1
MC202189383145,mcd64-cluster,A,106.15392,13.02557,106.374,13.13786,2020-11-17,2021-03-17,2021-01-01,2021-01-31,2021,SoutheastAsia,Cambodia,Cambodia,97.43,True,True,True,2,True,0.938,0.903,46,91.35,0.181,3,,1,1
MC202189927398,mcd64-cluster,A,107.05672,13.1154,107.18249,13.22769,2020-11-17,2021-03-17,2021-01-01,2021-01-31,2021,SoutheastAsia,Cambodia,Cambodia,63.88,True,True,True,2,True,0.942,0.798,39,60.18,0.157,2,,1,1
MC202240246691,mcd64-cluster,A,4.76556,10.92351,4.9048,11.0358,2021-11-22,2022-03-17,2022-01-06,2022-01-31,2022,Africa,Nigeria,Nigeria,59.51,True,True,True,2,True,0.917,0.815,15,54.55,0.286,4,,1,1
MC202245567027,mcd64-cluster,A,0.44916,9.98477,0.61984,10.0791,2021-11-17,2022-03-17,2022-01-01,2022-01-31,2022,Africa,Togo,Togo,89.65,True,True,True,2,True,0.946,0.924,19,84.8,0.674,4,,1,1
MC202296820719,mcd64-cluster,A,5.43481,11.74098,5.52015,11.84878,2021-11-17,2022-03-11,2022-01-01,2022-01-25,2022,Africa,Nigeria,Nigeria,52.5,True,True,True,2,True,0.929,0.905,14,48.77,0.793,1,,1,1
MC202241914565,mcd64-cluster,A,105.63289,10.48334,105.79459,10.663,2021-11-17,2022-03-14,2022-01-01,2022-01-28,2022,SoutheastAsia,Vietnam,Vietnam,150.8,True,True,True,2,True,0.936,0.904,20,141.11,0.929,5,,1,1
MC202391990612,mcd64-cluster,A,-0.12127,9.72875,0.03593,9.88147,2022-11-17,2023-03-09,2023-01-01,2023-01-23,2023,Africa,Ghana,Ghana,94.39,True,True,True,2,True,0.928,0.895,20,87.57,0.546,5,,1,1
MC202365457051,mcd64-cluster,A,4.81048,10.94148,4.90929,11.0897,2022-11-24,2023-03-17,2023-01-08,2023-01-31,2023,Africa,Nigeria,Nigeria,58.52,True,True,True,2,True,0.925,0.934,17,54.11,0.197,3,,1,1
MC202373913309,mcd64-cluster,A,5.23269,10.47436,5.3315,10.62258,2022-11-19,2023-02-27,2023-01-03,2023-01-13,2023,Africa,Nigeria,Nigeria,74.79,True,True,True,2,True,0.943,0.875,19,70.56,0.567,3,,1,1
MC202328566447,mcd64-cluster,A,105.63289,10.51029,105.77213,10.64054,2022-11-17,2023-03-03,2023-01-01,2023-01-17,2023,SoutheastAsia,Vietnam,Vietnam,89.5,True,True,True,2,True,0.938,0.518,5,83.98,0.918,3,,1,1
MC202355905639,mcd64-cluster,A,106.05959,12.91328,106.31112,13.03455,2022-11-17,2023-03-14,2023-01-01,2023-01-28,2023,SoutheastAsia,Cambodia,Cambodia,127.13,True,True,True,2,True,0.945,0.945,43,120.14,0.191,2,,1,1
MC202460298602,mcd64-cluster,A,-63.44801,-21.87847,-63.19199,-21.72576,2023-11-18,2024-03-13,2024-01-02,2024-01-28,2024,SouthAmerica,Bolivia,Bolivia,191.31,True,True,True,2,True,0.934,0.438,25,178.63,0.712,0,,0,1
MC202461278800,mcd64-cluster,A,4.532,11.8892,4.72963,11.96556,2023-11-17,2024-03-12,2024-01-01,2024-01-27,2024,Africa,Nigeria,Nigeria,70.78,True,True,True,2,True,0.915,0.755,10,64.74,0.392,3,,1,1
MC202414332007,mcd64-cluster,A,4.77005,10.81122,5.05752,11.15708,2023-11-18,2024-03-15,2024-01-02,2024-01-30,2024,Africa,Nigeria,Nigeria,456.42,True,True,True,2,True,0.956,0.935,156,436.53,0.238,5,,1,1
MC202466650067,mcd64-cluster,A,5.09794,9.66138,5.2776,9.82757,2023-11-17,2024-03-15,2024-01-01,2024-01-30,2024,Africa,Nigeria,Nigeria,153.16,True,True,True,2,True,0.967,0.851,77,148.06,0.376,4,,1,1
MC202422908067,mcd64-cluster,A,96.12872,16.34036,96.28592,16.46163,2023-11-18,2024-03-09,2024-01-02,2024-01-24,2024,SouthAsia,Burma,Burma,91.17,True,True,True,2,True,0.925,0.753,46,84.35,0.992,5,,1,1
MC202429399634,mcd64-cluster,A,105.61044,10.43393,105.85747,10.66749,2023-11-17,2024-03-16,2024-01-01,2024-01-31,2024,SoutheastAsia,Vietnam,Vietnam,206.0,True,True,True,2,True,0.932,0.774,48,191.96,0.907,5,,1,1
MC202582117347,mcd64-cluster,A,-0.09432,12.71116,0.07187,12.92227,2024-11-25,2025-03-05,2025-01-09,2025-01-19,2025,Africa,Burkina Faso,Burkina Faso,146.67,True,True,True,2,True,0.966,0.959,21,141.75,0.204,4,,1,1
MC202542108997,mcd64-cluster,A,4.77005,10.83368,5.0126,11.08521,2024-11-22,2025-03-16,2025-01-06,2025-01-30,2025,Africa,Nigeria,Nigeria,266.69,True,True,True,2,True,0.949,0.918,80,253.16,0.241,5,,1,1
MC202518107542,mcd64-cluster,A,5.42582,10.04316,6.43643,11.17504,2024-11-17,2025-03-16,2025-01-01,2025-01-30,2025,Africa,Nigeria,Nigeria,4589.42,True,True,True,2,True,0.97,0.938,1553,4450.45,0.549,5,,1,1
MC202568955650,mcd64-cluster,A,103.05922,12.25302,103.38711,12.49107,2024-11-24,2025-03-17,2025-01-08,2025-01-31,2025,SoutheastAsia,Cambodia,Cambodia,253.14,True,True,True,2,True,0.943,0.487,105,238.82,0.182,5,,1,1
MC202540504688,mcd64-cluster,A,104.13271,13.79363,104.26296,13.90143,2024-11-24,2025-03-16,2025-01-08,2025-01-30,2025,SoutheastAsia,Cambodia,Cambodia,55.95,True,True,True,2,True,0.933,0.611,30,52.19,0.184,1,,1,1
MC202584319020,mcd64-cluster,A,105.58349,10.42944,105.80357,10.68097,2024-11-17,2025-03-16,2025-01-01,2025-01-30,2025,SoutheastAsia,Vietnam,Vietnam,251.84,True,True,True,2,True,0.938,0.859,56,236.27,0.902,5,,1,1
MC202593836969,mcd64-cluster,A,117.05946,-33.4847,117.24811,-33.34097,2024-12-09,2025-03-14,2025-01-23,2025-01-28,2025,Oceania,Australia,Australia,77.87,True,True,True,2,True,0.96,0.912,24,74.75,0.727,0,,0,1
MC202064027225,mcd64-cluster,A,-0.00898,9.74672,0.12576,9.95782,2019-12-18,2020-04-12,2020-02-01,2020-02-27,2020,Africa,Ghana,Ghana,146.72,True,True,True,2,True,0.972,0.866,31,142.66,0.573,5,,1,1
MC202023249918,mcd64-cluster,A,0.48958,9.53562,0.62882,9.66587,2019-12-18,2020-04-04,2020-02-01,2020-02-19,2020,Africa,Togo,Togo,59.27,True,True,True,2,True,0.904,0.652,11,53.55,0.628,4,,1,1
MC202061290076,mcd64-cluster,A,11.62869,9.29756,11.90717,9.42782,2019-12-19,2020-04-12,2020-02-02,2020-02-27,2020,Africa,Nigeria,Nigeria,152.84,True,True,True,2,True,0.938,0.844,73,143.37,0.401,5,,1,1
MC202075569051,mcd64-cluster,A,96.86534,19.95607,96.94169,20.08184,2019-12-18,2020-04-07,2020-02-01,2020-02-22,2020,SouthAsia,Burma,Burma,51.8,True,True,True,2,True,0.939,0.867,24,48.63,0.523,2,,1,1
MC202050189521,mcd64-cluster,A,96.92822,20.88134,97.08542,21.08795,2019-12-18,2020-04-14,2020-02-01,2020-02-29,2020,SouthAsia,Burma,Burma,138.57,True,True,True,2,True,0.952,0.891,66,131.93,0.952,5,,1,1
MC202012663707,mcd64-cluster,A,97.29653,19.95607,97.39534,20.07286,2019-12-28,2020-04-12,2020-02-11,2020-02-27,2020,SouthAsia,Burma,Burma,53.91,True,True,True,2,True,0.939,0.808,17,50.62,0.611,3,,1,1
MC202099072975,mcd64-cluster,A,98.70239,16.17417,98.88205,16.34485,2019-12-20,2020-04-14,2020-02-03,2020-02-29,2020,SoutheastAsia,Burma,Burma,137.45,True,True,True,2,True,0.956,0.903,49,131.4,0.256,5,,1,1
MC202067200043,mcd64-cluster,A,105.03551,10.42046,105.19272,10.53724,2019-12-23,2020-04-14,2020-02-06,2020-02-29,2020,SoutheastAsia,Vietnam,Vietnam,71.13,True,True,True,2,True,0.934,0.839,23,66.47,0.95,4,,1,1
MC202055507286,mcd64-cluster,A,105.00857,10.68097,105.0984,10.82919,2019-12-19,2020-04-14,2020-02-02,2020-02-29,2020,SoutheastAsia,Cambodia,Cambodia,61.76,True,True,True,2,True,0.933,0.799,11,57.59,0.946,2,,1,1
MC202100709049,mcd64-cluster,A,0.01347,9.81859,0.1617,9.90842,2020-12-19,2021-04-06,2021-02-02,2021-02-20,2021,Africa,Ghana,Ghana,72.5,True,True,True,2,True,0.982,0.966,17,71.21,0.704,2,,1,1
MC202187848100,mcd64-cluster,A,6.76881,6.78677,6.90355,6.99788,2020-12-20,2021-04-14,2021-02-03,2021-02-28,2021,Africa,Nigeria,Nigeria,160.71,True,True,True,2,True,0.934,0.498,56,150.12,0.207,4,,1,1
MC202169595166,mcd64-cluster,A,12.08234,9.58053,12.22158,9.64791,2020-12-18,2021-04-14,2021-02-01,2021-02-28,2021,Africa,Nigeria,Nigeria,52.88,True,True,True,2,True,0.941,0.858,12,49.74,0.267,2,,1,1
MC202198024356,mcd64-cluster,A,97.08992,22.5567,97.22466,22.62407,2020-12-18,2021-04-14,2021-02-01,2021-02-28,2021,SouthAsia,Burma,Burma,52.05,True,True,True,2,True,0.97,0.89,26,50.49,0.339,2,,1,1
MC202131902371,mcd64-cluster,A,97.18424,19.90218,97.42229,20.1043,2020-12-18,2021-04-14,2021-02-01,2021-02-28,2021,SouthAsia,Burma,Burma,195.72,True,True,True,2,True,0.952,0.799,80,186.29,0.609,5,,1,1
MC202157854769,mcd64-cluster,A,98.76078,16.16968,98.909,16.27747,2020-12-18,2021-04-14,2021-02-01,2021-02-28,2021,SoutheastAsia,Burma,Burma,82.39,True,True,True,2,True,0.944,0.844,39,77.78,0.463,4,,1,1
MC202169936427,mcd64-cluster,A,102.91998,12.72913,103.03227,12.81447,2020-12-18,2021-04-06,2021-02-01,2021-02-20,2021,SoutheastAsia,Cambodia,Cambodia,51.33,True,True,True,2,True,0.914,0.812,23,46.89,0.341,1,,1,1
MC202130488165,mcd64-cluster,A,103.24787,12.37429,103.40058,12.49107,2020-12-18,2021-04-14,2021-02-01,2021-02-28,2021,SoutheastAsia,Cambodia,Cambodia,91.59,True,True,True,2,True,0.914,0.884,63,83.74,0.224,3,,1,1
MC202217079474,mcd64-cluster,A,-72.71862,-38.49281,-72.54345,-38.394,2021-12-21,2022-04-14,2022-02-04,2022-02-28,2022,SouthAmerica,Chile,Chile,68.58,True,True,True,2,True,0.927,0.915,72,63.6,0.214,3,,1,1
MC202286323256,mcd64-cluster,A,0.39526,10.05215,0.59289,10.21834,2021-12-18,2022-04-10,2022-02-01,2022-02-24,2022,Africa,Togo,Togo,198.41,True,True,True,2,True,0.969,0.918,46,192.33,0.733,5,,1,1
MC202223253990,mcd64-cluster,A,5.98727,10.19139,6.15346,10.3441,2021-12-18,2022-04-09,2022-02-01,2022-02-23,2022,Africa,Nigeria,Nigeria,119.29,True,True,True,2,True,0.962,0.869,41,114.81,0.682,5,,1,1
MC202297716292,mcd64-cluster,A,6.05015,10.5597,6.20287,10.64953,2021-12-18,2022-04-08,2022-02-01,2022-02-22,2022,Africa,Nigeria,Nigeria,77.23,True,True,True,2,True,0.985,0.932,31,76.07,0.756,3,,1,1
MC202242671818,mcd64-cluster,A,96.99559,21.02058,97.12585,21.23168,2021-12-18,2022-04-14,2022-02-01,2022-02-28,2022,SouthAsia,Burma,Burma,163.8,True,True,True,2,True,0.963,0.875,60,157.69,0.836,5,,1,1
MC202264089581,mcd64-cluster,A,97.24712,19.96057,97.36839,20.13574,2021-12-19,2022-04-14,2022-02-02,2022-02-28,2022,SouthAsia,Burma,Burma,104.74,True,True,True,2,True,0.954,0.697,39,99.94,0.685,3,,1,1
MC202298889355,mcd64-cluster,A,117.36489,-32.96368,117.59396,-32.83792,2021-12-21,2022-03-31,2022-02-04,2022-02-14,2022,Oceania,Australia,Australia,158.73,True,True,True,2,True,0.958,0.901,35,152.03,0.758,5,,1,1
MC202262388524,mcd64-cluster,A,117.61642,-32.26749,117.75566,-32.17765,2021-12-23,2022-03-25,2022-02-06,2022-02-08,2022,Oceania,Australia,Australia,54.66,True,True,True,2,True,0.946,0.607,3,51.71,0.898,0,,0,1
MC202221416506,mcd64-cluster,A,117.90837,-32.34384,118.07456,-32.05638,2021-12-22,2022-04-10,2022-02-05,2022-02-24,2022,Oceania,Australia,Australia,252.21,True,True,True,2,True,0.954,0.909,116,240.6,0.909,0,,0,1
MC202357107608,mcd64-cluster,A,-57.75269,-26.17691,-57.64938,-26.06462,2022-12-19,2023-04-12,2023-02-02,2023-02-26,2023,SouthAmerica,Paraguay,Paraguay,51.29,True,True,True,2,True,0.942,0.917,28,48.32,0.161,1,,1,1
MC202313154390,mcd64-cluster,A,-72.23802,-37.81009,-72.09429,-37.72475,2022-12-18,2023-03-30,2023-02-01,2023-02-13,2023,SouthAmerica,Chile,Chile,52.84,True,True,True,2,True,0.952,0.827,41,50.33,0.314,2,,1,1
MC202342938057,mcd64-cluster,A,-72.37277,-38.11552,-72.23353,-37.99874,2022-12-18,2023-04-14,2023-02-01,2023-02-28,2023,SouthAmerica,Chile,Chile,74.83,True,True,True,2,True,0.951,0.826,45,71.15,0.38,2,,1,1
MC202305208259,mcd64-cluster,A,0.33238,10.16444,0.47611,10.28122,2022-12-21,2023-04-14,2023-02-04,2023-02-28,2023,Africa,Togo,Togo,88.37,True,True,True,2,True,0.932,0.81,6,82.36,0.927,4,,1,1
MC202323162154,mcd64-cluster,A,5.89295,13.10193,6.06363,13.20523,2022-12-18,2023-04-14,2023-02-01,2023-02-28,2023,Africa,Nigeria,Nigeria,117.81,True,True,True,2,True,0.958,0.921,10,112.83,0.229,3,,1,1
MC202379383747,mcd64-cluster,A,8.43069,7.86475,8.51154,7.97255,2022-12-18,2023-04-06,2023-02-01,2023-02-20,2023,Africa,Nigeria,Nigeria,50.15,True,True,True,2,True,0.942,0.852,15,47.25,0.345,2,,1,1
MC202395072705,mcd64-cluster,A,37.80111,14.58864,37.89992,14.68745,2022-12-18,2023-04-04,2023-02-01,2023-02-18,2023,Africa,Ethiopia,Ethiopia,74.57,True,True,True,2,True,0.985,0.941,8,73.49,0.349,1,,1,1
MC202373860258,mcd64-cluster,A,80.23303,17.76868,80.36778,17.90792,2022-12-25,2023-04-14,2023-02-08,2023-02-28,2023,SouthAsia,India,India,69.81,True,True,True,2,True,0.929,0.818,27,64.88,0.292,3,,1,1
MC202357906728,mcd64-cluster,A,94.52972,19.76743,94.66896,19.90218,2022-12-18,2023-04-11,2023-02-01,2023-02-25,2023,SouthAsia,Burma,Burma,64.99,True,True,True,2,True,0.904,0.691,18,58.78,0.226,4,,1,1
MC202330606437,mcd64-cluster,A,95.63465,23.19001,95.75592,23.3023,2022-12-24,2023-04-14,2023-02-07,2023-02-28,2023,SouthAsia,Burma,Burma,54.78,True,True,True,2,True,0.919,0.694,17,50.37,0.215,3,,1,1
MC202381954865,mcd64-cluster,A,96.31287,19.4081,96.42965,19.49344,2022-12-19,2023-04-11,2023-02-02,2023-02-25,2023,SouthAsia,Burma,Burma,51.27,True,True,True,2,True,0.868,0.681,16,44.51,0.511,2,,1,1
MC202382985031,mcd64-cluster,A,96.94169,20.99363,97.13034,21.26312,2022-12-18,2023-04-13,2023-02-01,2023-02-27,2023,SouthAsia,Burma,Burma,269.69,True,True,True,2,True,0.95,0.888,150,256.14,0.837,5,,1,1
MC202369154913,mcd64-cluster,A,97.24263,19.82133,97.44026,20.1043,2022-12-19,2023-04-14,2023-02-02,2023-02-28,2023,SouthAsia,Burma,Burma,153.1,True,True,True,2,True,0.922,0.815,63,141.09,0.423,5,,1,1
MC202448062963,mcd64-cluster,A,-91.00383,13.96431,-90.90052,14.07211,2023-12-18,2024-04-12,2024-02-01,2024-02-27,2024,NorthAmerica,Guatemala,Guatemala,51.79,True,True,True,2,True,0.943,0.831,13,48.83,0.646,1,,1,1
MC202490760464,mcd64-cluster,A,0.43119,9.99825,0.55246,10.1285,2023-12-18,2024-04-07,2024-02-01,2024-02-22,2024,Africa,Togo,Togo,101.68,True,True,True,2,True,0.97,0.892,24,98.61,0.787,3,,1,1
MC202488255721,mcd64-cluster,A,0.63331,10.44741,0.74111,10.5597,2023-12-22,2024-04-07,2024-02-05,2024-02-22,2024,Africa,Togo,Togo,64.75,True,True,True,2,True,0.937,0.887,18,60.64,0.618,4,,1,1
MC202480834821,mcd64-cluster,A,0,9.62994,0.17068,9.87698,2023-12-19,2024-04-11,2024-02-02,2024-02-26,2024,Africa,Ghana,Ghana,203.31,True,True,True,2,True,0.951,0.891,37,193.35,0.671,5,,1,1
MC202499216745,mcd64-cluster,A,67.46348,28.65177,67.6117,28.7416,2023-12-22,2024-03-29,2024-02-05,2024-02-13,2024,SouthAsia,Pakistan,Pakistan,63.46,True,True,True,2,True,0.909,0.207,13,57.66,0.362,2,,1,1
MC202468676931,mcd64-cluster,A,96.90576,20.11777,97.07195,20.3154,2023-12-18,2024-04-14,2024-02-01,2024-02-29,2024,SouthAsia,Burma,Burma,106.51,True,True,True,2,True,0.907,0.825,60,96.56,0.513,5,,1,1
MC202487308381,mcd64-cluster,A,96.97313,20.94871,97.08542,21.03405,2023-12-19,2024-04-14,2024-02-02,2024-02-29,2024,SouthAsia,Burma,Burma,51.0,True,True,True,2,True,0.946,0.901,24,48.26,0.968,2,,1,1
MC202482616586,mcd64-cluster,A,97.21568,19.96955,97.44026,20.13574,2023-12-24,2024-04-14,2024-02-07,2024-02-29,2024,SouthAsia,Burma,Burma,155.11,True,True,True,2,True,0.941,0.9,58,146.03,0.626,5,,1,1
MC202459051918,mcd64-cluster,A,103.07719,12.35184,103.21193,12.55396,2023-12-19,2024-04-11,2024-02-02,2024-02-26,2024,SoutheastAsia,Cambodia,Cambodia,115.45,True,True,True,2,True,0.907,0.729,43,104.67,0.174,2,,1,1
MC202494627406,mcd64-cluster,A,104.16415,12.15421,104.33034,12.23505,2023-12-19,2024-04-04,2024-02-02,2024-02-19,2024,SoutheastAsia,Cambodia,Cambodia,50.96,True,True,True,2,True,0.904,0.671,14,46.08,0.248,2,,1,1
MC202570372310,mcd64-cluster,A,-67.00534,9.07298,-66.93347,9.18078,2024-12-19,2025-04-01,2025-02-02,2025-02-15,2025,CentralAmericaCaribbean,Venezuela,Venezuela,53.69,True,True,True,2,True,0.955,0.908,12,51.29,0.15,1,,1,1
MC202538855453,mcd64-cluster,A,27.21446,51.19948,27.38065,51.28931,2025-01-11,2025-04-14,2025-02-25,2025-02-28,2025,Europe,Ukraine,Ukraine,54.33,True,True,True,2,True,0.923,0.404,5,50.15,0.272,1,,1,1
MC202503115173,mcd64-cluster,A,0.42221,9.98927,0.67823,10.1285,2024-12-18,2025-04-07,2025-02-01,2025-02-21,2025,Africa,Togo,Togo,124.28,True,True,True,2,True,0.944,0.911,26,117.28,0.764,5,,1,1
MC202597835318,mcd64-cluster,A,14.25626,12.24853,14.38652,12.36082,2024-12-18,2025-04-14,2025-02-01,2025-02-28,2025,Africa,Nigeria,Nigeria,78.71,True,True,True,2,True,0.919,0.783,7,72.32,0.183,3,,1,1
MC202580595012,mcd64-cluster,A,14.51677,11.8353,14.62457,11.96556,2024-12-18,2025-04-14,2025-02-01,2025-02-28,2025,Africa,Nigeria,Nigeria,58.83,True,True,True,2,True,0.925,0.856,8,54.43,0.184,3,,1,1
MC202510992543,mcd64-cluster,A,80.23303,17.8091,80.34981,17.93936,2024-12-24,2025-04-14,2025-02-07,2025-02-28,2025,SouthAsia,India,India,64.34,True,True,True,2,True,0.896,0.466,14,57.63,0.181,3,,1,1
MC202515105202,mcd64-cluster,A,98.73383,16.16069,98.84612,16.34036,2024-12-21,2025-04-14,2025-02-04,2025-02-28,2025,SoutheastAsia,Burma,Burma,86.69,True,True,True,2,True,0.925,0.853,45,80.22,0.224,4,,1,1
MC202589898634,mcd64-cluster,A,120.774,-33.65089,120.88629,-33.5386,2024-12-26,2025-04-08,2025-02-09,2025-02-22,2025,Oceania,Australia,Australia,67.53,True,True,True,2,True,0.958,0.922,40,64.68,0.246,0,,0,1
MC202069351798,mcd64-cluster,A,-96.11974,38.42544,-95.89067,38.54671,2020-02-11,2020-05-15,2020-03-27,2020-03-31,2020,NorthAmerica,United States,United States,78.89,True,True,True,2,True,0.914,0.39,6,72.1,0.173,2,,1,1
MC202092830908,mcd64-cluster,A,12.12276,9.57155,12.25302,9.6524,2020-01-18,2020-04-27,2020-03-03,2020-03-13,2020,Africa,Nigeria,Nigeria,57.3,True,True,True,2,True,0.929,0.83,9,53.25,0.253,2,,1,1
MC202080678948,mcd64-cluster,A,14.54822,11.85776,14.63805,12.00598,2020-02-03,2020-05-13,2020-03-19,2020-03-29,2020,Africa,Nigeria,Nigeria,102.75,True,True,True,2,True,0.964,0.873,22,99.02,0.246,3,,1,1
MC202057388128,mcd64-cluster,A,24.06587,10.65402,24.24553,10.76631,2020-01-16,2020-05-05,2020-03-01,2020-03-21,2020,Africa,Sudan,Sudan,89.46,True,True,True,2,True,0.955,0.919,15,85.42,0.16,1,,1,1
MC202035820480,mcd64-cluster,A,75.91213,23.0373,76.18163,23.17204,2020-02-07,2020-05-14,2020-03-23,2020-03-30,2020,SouthAsia,India,India,139.95,True,True,True,2,True,0.947,0.298,18,132.49,0.968,4,,1,1
MC202001264276,mcd64-cluster,A,77.91987,23.56281,78.03665,23.64815,2020-02-06,2020-05-13,2020-03-22,2020-03-29,2020,SouthAsia,India,India,51.2,True,True,True,2,True,0.934,0.508,17,47.83,0.988,0,,0,1
MC202076445470,mcd64-cluster,A,93.97725,22.6106,94.04912,22.75882,2020-01-21,2020-05-14,2020-03-06,2020-03-30,2020,SouthAsia,Burma,Burma,52.01,True,True,True,2,True,0.887,0.765,16,46.14,0.371,2,,1,1
MC202038607045,mcd64-cluster,A,98.10501,20.89032,98.32061,21.07448,2020-01-16,2020-05-14,2020-03-01,2020-03-30,2020,EastAsia,Burma,Burma,141.6,True,True,True,2,True,0.896,0.515,57,126.87,0.167,2,,1,1
MC202000946606,mcd64-cluster,A,124.1831,39.80884,124.30887,39.98401,2020-01-16,2020-05-12,2020-03-01,2020-03-28,2020,EastAsia,"Korea, North","Korea, North",85.74,True,True,True,2,True,0.946,0.593,26,81.1,0.889,4,,1,1
MC202046492588,mcd64-cluster,A,133.55253,44.67771,133.70974,44.78102,2020-02-03,2020-05-13,2020-03-19,2020-03-29,2020,EastAsia,Russia,Russia,73.18,True,True,True,2,True,0.889,0.496,19,65.03,0.236,0,,0,1
MC202013047278,mcd64-cluster,A,97.00008,20.08633,97.17975,20.36032,2020-01-16,2020-05-14,2020-03-01,2020-03-30,2020,SouthAsia,Burma,Burma,249.49,True,True,True,2,True,0.956,0.875,98,238.55,0.204,4,,1,1
MC202047869504,mcd64-cluster,A,97.75467,20.93973,97.87594,21.02507,2020-01-18,2020-05-09,2020-03-03,2020-03-25,2020,SouthAsia,Burma,Burma,62.42,True,True,True,2,True,0.922,0.88,18,57.53,0.602,2,,1,1
MC202095406226,mcd64-cluster,A,101.22217,17.13536,101.32547,17.25215,2020-01-17,2020-04-29,2020-03-02,2020-03-15,2020,SoutheastAsia,Thailand,Thailand,63.63,True,True,True,2,True,0.913,0.716,17,58.09,0.201,1,,1,1
MC202147512088,mcd64-cluster,A,-61.48968,-17.40037,-61.37739,-17.3285,2021-01-16,2021-05-14,2021-03-02,2021-03-30,2021,SouthAmerica,Bolivia,Bolivia,52.38,True,True,True,2,True,0.931,0.422,12,48.74,0.822,1,,1,1
MC202188979623,mcd64-cluster,A,6.0277,10.5552,6.14448,10.69894,2021-01-15,2021-05-14,2021-03-01,2021-03-30,2021,Africa,Nigeria,Nigeria,107.38,True,True,True,2,True,0.959,0.922,19,103.03,0.72,4,,1,1
MC202180606185,mcd64-cluster,A,13.83406,12.16319,14.01821,12.35184,2021-01-16,2021-04-26,2021-03-02,2021-03-12,2021,Africa,Nigeria,Nigeria,168.18,True,True,True,2,True,0.976,0.95,42,164.16,0.228,3,,1,1
MC202156515647,mcd64-cluster,A,14.18889,11.95658,14.30118,12.08683,2021-01-15,2021-04-28,2021-03-01,2021-03-14,2021,Africa,Nigeria,Nigeria,62.7,True,True,True,2,True,0.975,0.962,19,61.11,0.26,2,,1,1
MC202192050441,mcd64-cluster,A,75.13958,22.56568,75.38213,22.7139,2021-02-02,2021-05-15,2021-03-19,2021-03-31,2021,SouthAsia,India,India,133.75,True,True,True,2,True,0.954,0.843,28,127.53,0.983,5,,1,1
MC202159790484,mcd64-cluster,A,77.01706,22.19737,77.14732,22.30966,2021-01-28,2021-05-15,2021-03-14,2021-03-31,2021,SouthAsia,India,India,69.49,True,True,True,2,True,0.937,0.574,10,65.11,0.985,3,,1,1
MC202149315197,mcd64-cluster,A,77.13384,22.37254,77.29554,22.51178,2021-01-28,2021-05-12,2021-03-14,2021-03-28,2021,SouthAsia,India,India,106.3,True,True,True,2,True,0.946,0.662,15,100.59,0.978,5,,1,1
MC202129662710,mcd64-cluster,A,101.38386,19.96057,101.57251,20.07735,2021-01-15,2021-05-14,2021-03-01,2021-03-30,2021,EastAsia,Laos,Laos,109.68,True,True,True,2,True,0.932,0.794,63,102.18,0.194,3,,1,1
MC202159660051,mcd64-cluster,A,97.05398,20.09531,97.17975,20.35582,2021-01-15,2021-05-12,2021-03-01,2021-03-28,2021,SouthAsia,Burma,Burma,163.62,True,True,True,2,True,0.94,0.794,82,153.85,0.222,3,,1,1
MC202100914346,mcd64-cluster,A,97.75916,20.87685,97.90738,21.05202,2021-01-19,2021-05-13,2021-03-05,2021-03-29,2021,SouthAsia,Burma,Burma,133.23,True,True,True,2,True,0.95,0.735,49,126.54,0.596,5,,1,1
MC202107211904,mcd64-cluster,A,105.07594,10.398,105.18823,10.49681,2021-01-15,2021-05-13,2021-03-01,2021-03-29,2021,SoutheastAsia,Vietnam,Vietnam,52.74,True,True,True,2,True,0.945,0.906,6,49.86,0.956,3,,1,1
MC202128872413,mcd64-cluster,A,142.68391,-37.70229,143.05222,-37.58102,2021-01-24,2021-05-15,2021-03-10,2021-03-31,2021,Oceania,Australia,Australia,102.7,True,True,True,2,True,0.89,0.413,21,91.44,0.862,5,,1,1
MC202138489120,mcd64-cluster,A,143.05222,-38.04365,143.16451,-37.93585,2021-01-17,2021-05-15,2021-03-03,2021-03-31,2021,Oceania,Australia,Australia,52.29,True,True,True,2,True,0.853,0.693,22,44.63,0.848,2,,1,1
MC202144440097,mcd64-cluster,A,143.54629,-38.06162,143.67205,-37.97179,2021-01-17,2021-05-15,2021-03-03,2021-03-31,2021,Oceania,Australia,Australia,51.88,True,True,True,2,True,0.887,0.756,23,46.03,0.808,1,,1,1
MC202248033911,mcd64-cluster,A,-57.39786,-26.52276,-57.2676,-26.44191,2022-01-15,2022-05-13,2022-03-01,2022-03-29,2022,SouthAmerica,Paraguay,Paraguay,57.6,True,True,True,2,True,0.916,0.851,31,52.75,0.162,0,,0,1
MC202281315209,mcd64-cluster,A,37.4328,47.74546,37.65738,47.94758,2022-01-18,2022-05-09,2022-03-04,2022-03-25,2022,Europe,Ukraine,Ukraine,122.36,True,True,True,2,True,0.929,0.621,47,113.69,0.788,0,,0,1
MC202221610157,mcd64-cluster,A,37.71577,45.29306,37.84602,45.41882,2022-01-17,2022-05-08,2022-03-03,2022-03-24,2022,Europe,Russia,Russia,62.57,True,True,True,2,True,0.925,0.623,9,57.89,0.826,2,,1,1
MC202245129968,mcd64-cluster,A,37.67085,48.01495,38.0167,48.29343,2022-01-27,2022-05-07,2022-03-13,2022-03-23,2022,Europe,Ukraine,Ukraine,224.55,True,True,True,2,True,0.913,0.639,65,205.01,0.327,5,,1,1
MC202253450792,mcd64-cluster,A,18.86013,-33.16131,19.02632,-33.02656,2022-01-15,2022-05-10,2022-03-01,2022-03-26,2022,Africa,South Africa,South Africa,89.43,True,True,True,2,True,0.901,0.758,4,80.55,0.865,5,,1,1
MC202294129426,mcd64-cluster,A,19.8348,10.60012,20.02345,10.68546,2022-02-04,2022-05-15,2022-03-21,2022-03-31,2022,Africa,Chad,Chad,80.16,True,True,True,2,True,0.945,0.874,22,75.75,0.176,0,,0,1
MC202244242711,mcd64-cluster,A,32.1013,11.47149,32.2046,11.55683,2022-01-20,2022-05-11,2022-03-06,2022-03-27,2022,Africa,Sudan,Sudan,50.59,True,True,True,2,True,0.971,0.882,16,49.13,0.204,0,,0,1
MC202280179042,mcd64-cluster,A,35.11065,12.91328,35.21845,12.98964,2022-01-15,2022-05-05,2022-03-01,2022-03-21,2022,Africa,Sudan,Sudan,50.08,True,True,True,2,True,0.967,0.949,11,48.44,0.245,1,,1,1
MC202201794669,mcd64-cluster,A,77.20122,22.56568,77.40334,22.69594,2022-02-01,2022-05-15,2022-03-18,2022-03-31,2022,SouthAsia,India,India,134.23,True,True,True,2,True,0.954,0.695,11,128.01,0.948,5,,1,1
MC202280616380,mcd64-cluster,A,77.3719,22.35008,77.47969,22.46237,2022-02-10,2022-05-15,2022-03-27,2022-03-31,2022,SouthAsia,India,India,57.66,True,True,True,2,True,0.975,0.933,15,56.21,0.98,4,,1,1
MC202201945255,mcd64-cluster,A,80.21506,17.78664,80.37227,17.9708,2022-01-20,2022-05-04,2022-03-06,2022-03-20,2022,SouthAsia,India,India,123.93,True,True,True,2,True,0.945,0.944,50,117.16,0.199,3,,1,1
MC202202944256,mcd64-cluster,A,127.58772,47.2424,127.75391,47.39961,2022-02-06,2022-05-13,2022-03-23,2022-03-29,2022,EastAsia,China,China,60.7,True,True,True,2,True,0.834,0.472,4,50.64,0.154,0,,0,1
MC202203098715,mcd64-cluster,A,130.99683,32.9547,131.18098,33.04453,2022-01-15,2022-04-29,2022-03-01,2022-03-15,2022,EastAsia,Japan,Japan,57.94,True,True,True,2,True,0.894,0.831,12,51.77,0.448,3,,1,1
MC202284091638,mcd64-cluster,A,95.64812,19.50692,95.74693,19.65514,2022-01-18,2022-05-07,2022-03-04,2022-03-23,2022,SouthAsia,Burma,Burma,70.74,True,True,True,2,True,0.937,0.826,28,66.28,0.187,2,,1,1
MC202250742961,mcd64-cluster,A,97.08542,20.13125,97.19771,20.34235,2022-01-19,2022-05-15,2022-03-05,2022-03-31,2022,SouthAsia,Burma,Burma,123.58,True,True,True,2,True,0.939,0.694,46,116.03,0.348,3,,1,1
MC202243813676,mcd64-cluster,A,97.24263,19.57429,97.37289,19.75844,2022-01-15,2022-05-13,2022-03-01,2022-03-29,2022,SouthAsia,Burma,Burma,98.18,True,True,True,2,True,0.938,0.722,37,92.13,0.216,3,,1,1
MC202298074767,mcd64-cluster,A,146.46582,-33.21521,146.61853,-33.10741,2022-01-16,2022-05-08,2022-03-02,2022-03-24,2022,Oceania,Australia,Australia,68.91,True,True,True,2,True,0.897,0.731,17,61.81,0.788,3,,1,1
MC202338866549,mcd64-cluster,A,14.05414,11.96556,14.2877,12.2081,2023-01-18,2023-05-10,2023-03-04,2023-03-26,2023,Africa,Nigeria,Nigeria,371.22,True,True,True,2,True,0.976,0.897,45,362.26,0.341,5,,1,1
MC202327361830,mcd64-cluster,A,36.3144,10.59563,36.39974,10.75733,2023-01-15,2023-05-14,2023-03-01,2023-03-30,2023,Africa,Ethiopia,Ethiopia,61.03,True,True,True,2,True,0.935,0.882,10,57.05,0.226,2,,1,1
MC202311497851,mcd64-cluster,A,37.76068,14.50779,37.84602,14.64254,2023-01-22,2023-05-02,2023-03-08,2023-03-18,2023,Africa,Ethiopia,Ethiopia,60.11,True,True,True,2,True,0.943,0.895,6,56.67,0.255,2,,1,1
MC202369124601,mcd64-cluster,A,77.18774,22.56568,77.34944,22.66,2023-02-03,2023-05-10,2023-03-20,2023-03-26,2023,SouthAsia,India,India,66.78,True,True,True,2,True,0.919,0.264,12,61.37,0.948,3,,1,1
MC202362396832,mcd64-cluster,A,94.89354,22.88009,95.03727,23.04628,2023-01-15,2023-05-15,2023-03-01,2023-03-31,2023,SouthAsia,Burma,Burma,99.68,True,True,True,2,True,0.922,0.845,37,91.93,0.208,2,,1,1
MC202323864117,mcd64-cluster,A,97.00458,20.11328,97.16178,20.33337,2023-01-15,2023-05-13,2023-03-01,2023-03-29,2023,SouthAsia,Burma,Burma,145.58,True,True,True,2,True,0.947,0.768,46,137.8,0.157,4,,1,1
MC202335081719,mcd64-cluster,A,125.60244,43.59075,125.72821,43.74346,2023-02-05,2023-05-15,2023-03-22,2023-03-31,2023,EastAsia,China,China,72.52,True,True,True,2,True,0.909,0.557,26,65.89,0.942,0,,0,1
MC202387589285,mcd64-cluster,A,97.76814,20.88583,97.90289,21.04753,2023-01-24,2023-05-15,2023-03-10,2023-03-31,2023,SouthAsia,Burma,Burma,101.55,True,True,True,2,True,0.943,0.536,17,95.73,0.63,5,,1,1
MC202374593858,mcd64-cluster,A,104.64475,10.37554,104.76153,10.47436,2023-01-15,2023-05-15,2023-03-01,2023-03-31,2023,SoutheastAsia,Vietnam,Vietnam,63.54,True,True,True,2,True,0.914,0.645,13,58.08,0.959,4,,1,1
MC202362855917,mcd64-cluster,A,104.99958,10.33063,105.41281,10.57317,2023-01-15,2023-05-15,2023-03-01,2023-03-31,2023,SoutheastAsia,Vietnam,Vietnam,514.9,True,True,True,2,True,0.945,0.914,98,486.57,0.94,5,,1,1
MC202462034338,mcd64-cluster,A,2.53325,6.99788,2.71291,7.1461,2024-01-16,2024-05-05,2024-03-01,2024-03-21,2024,Africa,Benin,Benin,139.36,True,True,True,2,True,0.929,0.696,34,129.46,0.456,3,,1,1
MC202475384531,mcd64-cluster,A,-0.60636,12.80998,-0.49407,12.89981,2024-01-26,2024-05-03,2024-03-11,2024-03-19,2024,Africa,Burkina Faso,Burkina Faso,55.93,True,True,True,2,True,0.978,0.961,13,54.72,0.398,1,,1,1
MC202408451624,mcd64-cluster,A,-3.86725,12.34285,-3.72801,12.45963,2024-01-17,2024-05-01,2024-03-02,2024-03-17,2024,Africa,Burkina Faso,Burkina Faso,94.53,True,True,True,2,True,0.957,0.945,22,90.51,0.47,2,,1,1
MC202446129452,mcd64-cluster,A,77.35393,22.47585,77.7402,22.74085,2024-02-02,2024-05-15,2024-03-18,2024-03-31,2024,SouthAsia,India,India,295.62,True,True,True,2,True,0.947,0.665,44,280.02,0.947,5,,1,1
MC202402733945,mcd64-cluster,A,94.88904,22.88458,95.0193,23.01933,2024-01-28,2024-05-15,2024-03-13,2024-03-31,2024,SouthAsia,Burma,Burma,86.36,True,True,True,2,True,0.975,0.922,22,84.18,0.194,2,,1,1
MC202430810369,mcd64-cluster,A,97.0989,22.5567,97.2067,22.64653,2024-01-16,2024-05-15,2024-03-01,2024-03-31,2024,SouthAsia,Burma,Burma,57.34,True,True,True,2,True,0.971,0.955,22,55.67,0.3,1,,1,1
MC202429149482,mcd64-cluster,A,101.43327,19.97404,101.57251,20.09531,2024-01-19,2024-05-15,2024-03-04,2024-03-31,2024,EastAsia,Laos,Laos,84.83,True,True,True,2,True,0.958,0.94,55,81.26,0.189,2,,1,1
MC202458120900,mcd64-cluster,A,97.22017,19.62819,97.40433,19.74497,2024-01-17,2024-05-09,2024-03-02,2024-03-25,2024,SouthAsia,Burma,Burma,70.7,True,True,True,2,True,0.925,0.899,26,65.41,0.254,3,,1,1
MC202414101606,mcd64-cluster,A,97.72323,20.89481,97.98374,21.08346,2024-01-26,2024-05-15,2024-03-11,2024-03-31,2024,SouthAsia,Burma,Burma,175.6,True,True,True,2,True,0.962,0.898,54,168.91,0.563,5,,1,1
MC202460177928,mcd64-cluster,A,98.67095,16.11578,98.8596,16.34036,2024-01-16,2024-05-15,2024-03-01,2024-03-31,2024,SoutheastAsia,Burma,Burma,231.37,True,True,True,2,True,0.932,0.7,125,215.68,0.285,5,,1,1
MC202516689606,mcd64-cluster,A,28.3688,50.89405,28.54397,51.00634,2025-01-15,2025-04-26,2025-03-01,2025-03-12,2025,Europe,Ukraine,Ukraine,52.48,True,True,True,2,True,0.942,0.442,4,49.45,0.506,2,,1,1
MC202520412833,mcd64-cluster,A,35.00286,51.68008,35.18701,51.76093,2025-01-15,2025-04-22,2025-03-01,2025-03-08,2025,Europe,Russia,Russia,51.76,True,True,True,2,True,0.949,0.363,19,49.14,0.179,1,,1,1
MC202576236127,mcd64-cluster,A,36.9522,48.16767,37.2172,48.22156,2025-01-15,2025-04-24,2025-03-01,2025-03-10,2025,Europe,Ukraine,Ukraine,56.03,True,True,True,2,True,0.952,0.607,5,53.33,0.764,0,,0,1
MC202585370306,mcd64-cluster,A,16.59188,9.58952,16.66824,9.7557,2025-01-16,2025-05-15,2025-03-02,2025-03-31,2025,Africa,Chad,Chad,77.46,True,True,True,2,True,0.948,0.917,12,73.4,0.233,2,,1,1
MC202565133467,mcd64-cluster,A,18.5008,-33.3814,18.68496,-33.2197,2025-01-15,2025-05-12,2025-03-01,2025-03-28,2025,Africa,South Africa,South Africa,118.21,True,True,True,2,True,0.922,0.567,6,109.03,0.92,5,,1,1
MC202545415289,mcd64-cluster,A,18.56369,-33.04453,18.73437,-32.97715,2025-01-23,2025-05-12,2025-03-09,2025-03-28,2025,Africa,South Africa,South Africa,51.25,True,True,True,2,True,0.893,0.833,4,45.76,0.92,2,,1,1
MC202597227687,mcd64-cluster,A,77.26859,22.57466,77.38088,22.67797,2025-02-03,2025-05-15,2025-03-20,2025-03-31,2025,SouthAsia,India,India,66.31,True,True,True,2,True,0.922,0.867,15,61.13,0.921,2,,1,1
MC202509279980,mcd64-cluster,A,77.51563,22.6061,77.65936,22.69144,2025-02-08,2025-05-15,2025-03-25,2025-03-31,2025,SouthAsia,India,India,61.93,True,True,True,2,True,0.956,0.984,12,59.22,0.953,2,,1,1
MC202593621935,mcd64-cluster,A,94.29616,24.24104,94.44887,24.44765,2025-01-16,2025-05-08,2025-03-02,2025-03-24,2025,SouthAsia,Burma,Burma,154.1,True,True,True,2,True,0.952,0.902,58,146.65,0.205,3,,1,1
MC202568020357,mcd64-cluster,A,97.08542,20.20311,97.17526,20.32438,2025-01-15,2025-05-15,2025-03-01,2025-03-31,2025,SouthAsia,Burma,Burma,58.27,True,True,True,2,True,0.941,0.97,23,54.82,0.298,2,,1,1
MC202512158562,mcd64-cluster,A,97.22466,19.69107,97.32348,19.83031,2025-01-15,2025-05-12,2025-03-01,2025-03-28,2025,SouthAsia,Burma,Burma,71.13,True,True,True,2,True,0.952,0.888,30,67.73,0.537,2,,1,1
MC202514987211,mcd64-cluster,A,97.2606,19.96057,97.35492,20.10879,2025-01-15,2025-04-25,2025-03-01,2025-03-11,2025,SouthAsia,Burma,Burma,64.21,True,True,True,2,True,0.964,0.681,19,61.93,0.655,2,,1,1
MC202568892691,mcd64-cluster,A,143.40705,-37.92687,143.60468,-37.83704,2025-02-01,2025-05-12,2025-03-18,2025-03-28,2025,Oceania,Australia,Australia,55.52,True,True,True,2,True,0.906,0.777,13,50.3,0.816,2,,1,1
MC202037701449,mcd64-cluster,A,-96.0838,47.34122,-95.89067,47.47147,2020-02-22,2020-06-14,2020-04-07,2020-04-30,2020,NorthAmerica,United States,United States,56.72,True,True,True,2,True,0.9,0.49,23,51.02,0.902,4,,1,1
MC202054108247,mcd64-cluster,A,14.00474,12.06437,14.24728,12.22607,2020-02-16,2020-05-27,2020-04-01,2020-04-12,2020,Africa,Nigeria,Nigeria,284.1,True,True,True,2,True,0.978,0.966,40,277.88,0.415,5,,1,1
MC202017654364,mcd64-cluster,A,32.77503,14.13948,32.91427,14.22033,2020-02-18,2020-06-08,2020-04-03,2020-04-24,2020,Africa,Sudan,Sudan,64.09,True,True,True,2,True,0.907,0.958,5,58.1,0.981,2,,1,1
MC202038514681,mcd64-cluster,A,36.51202,14.31465,36.61533,14.43593,2020-02-29,2020-06-11,2020-04-14,2020-04-27,2020,Africa,Eritrea,Eritrea,64.27,True,True,True,2,True,0.945,0.89,7,60.77,0.273,1,,1,1
MC202014836435,mcd64-cluster,A,75.16653,22.64204,75.31026,22.81272,2020-02-19,2020-06-07,2020-04-04,2020-04-23,2020,SouthAsia,India,India,137.11,True,True,True,2,True,0.939,0.883,21,128.72,0.985,3,,1,1
MC202066457366,mcd64-cluster,A,76.09629,24.86088,76.20858,24.96867,2020-03-13,2020-06-14,2020-04-27,2020-04-30,2020,SouthAsia,India,India,54.75,True,True,True,2,True,0.909,0.23,8,49.77,0.969,1,,1,1
MC202086825571,mcd64-cluster,A,76.92274,25.05401,77.07096,25.13486,2020-02-27,2020-06-09,2020-04-12,2020-04-25,2020,SouthAsia,India,India,51.28,True,True,True,2,True,0.941,0.91,17,48.23,0.969,2,,1,1
MC202080680108,mcd64-cluster,A,123.12309,46.53273,123.31174,46.61807,2020-02-16,2020-05-25,2020-04-01,2020-04-10,2020,EastAsia,China,China,57.43,True,True,True,2,True,0.875,0.262,6,50.27,0.94,2,,1,1
MC202077488910,mcd64-cluster,A,123.3881,48.58538,123.59471,48.69767,2020-02-16,2020-05-25,2020-04-01,2020-04-10,2020,EastAsia,China,China,61.49,True,True,True,2,True,0.837,0.47,12,51.48,0.858,3,,1,1
MC202019696076,mcd64-cluster,A,123.57225,47.41757,123.94056,47.66461,2020-02-16,2020-05-25,2020-04-01,2020-04-10,2020,EastAsia,China,China,264.57,True,True,True,2,True,0.898,0.298,25,237.71,0.904,5,,1,1
MC202122652541,mcd64-cluster,A,13.74422,12.1048,13.85651,12.21709,2021-03-02,2021-06-08,2021-04-16,2021-04-24,2021,Africa,Nigeria,Nigeria,51.45,True,True,True,2,True,0.949,0.77,3,48.83,0.23,2,,1,1
MC202133399866,mcd64-cluster,A,-4.61734,13.99575,-4.49607,14.1305,2021-02-15,2021-05-27,2021-04-01,2021-04-12,2021,Africa,Mali,Mali,96.3,True,True,True,2,True,0.962,0.974,34,92.61,0.309,2,,1,1
MC202117064171,mcd64-cluster,A,-4.68471,14.42245,-4.59937,14.51677,2021-02-15,2021-05-25,2021-04-01,2021-04-10,2021,Africa,Mali,Mali,53.62,True,True,True,2,True,0.926,0.918,13,49.63,0.269,1,,1,1
MC202124608008,mcd64-cluster,A,72.13921,22.89806,72.24252,23.01035,2021-02-18,2021-06-14,2021-04-04,2021-04-30,2021,SouthAsia,India,India,61.78,True,True,True,2,True,0.901,0.746,9,55.64,0.993,1,,1,1
MC202192632750,mcd64-cluster,A,75.44052,22.89806,75.6606,23.09569,2021-02-15,2021-05-31,2021-04-01,2021-04-16,2021,SouthAsia,India,India,130.2,True,True,True,2,True,0.919,0.65,18,119.69,0.981,5,,1,1
MC202115078527,mcd64-cluster,A,77.70876,23.68408,77.83902,23.80086,2021-02-19,2021-06-06,2021-04-05,2021-04-22,2021,SouthAsia,India,India,53.43,True,True,True,2,True,0.906,0.849,12,48.4,0.982,3,,1,1
MC202159947136,mcd64-cluster,A,123.30276,47.10765,123.50039,47.23342,2021-02-15,2021-05-19,2021-04-01,2021-04-04,2021,EastAsia,China,China,89.71,True,True,True,2,True,0.918,0.322,3,82.37,0.923,4,,1,1
MC202123422824,mcd64-cluster,A,124.16065,44.30491,124.34929,44.4172,2021-02-15,2021-05-23,2021-04-01,2021-04-08,2021,EastAsia,China,China,96.84,True,True,True,2,True,0.944,0.368,9,91.45,0.94,3,,1,1
MC202131001416,mcd64-cluster,A,124.19658,43.94109,124.3448,44.05338,2021-02-15,2021-05-23,2021-04-01,2021-04-08,2021,EastAsia,China,China,84.88,True,True,True,2,True,0.934,0.549,7,79.27,0.926,1,,1,1
MC202159194442,mcd64-cluster,A,104.91873,10.20935,105.05348,10.28122,2021-02-15,2021-06-13,2021-04-01,2021-04-29,2021,SoutheastAsia,Vietnam,Vietnam,51.55,True,True,True,2,True,0.861,0.604,6,44.37,0.971,2,,1,1
MC202146525104,mcd64-cluster,A,105.22865,10.58665,105.34992,10.66749,2021-02-15,2021-06-14,2021-04-01,2021-04-30,2021,SoutheastAsia,Vietnam,Vietnam,52.47,True,True,True,2,True,0.924,0.852,13,48.48,0.953,1,,1,1
MC202233744144,mcd64-cluster,A,-99.978,40.38376,-99.84774,40.52749,2022-02-19,2022-05-24,2022-04-05,2022-04-09,2022,NorthAmerica,United States,United States,67.57,True,True,True,2,True,0.941,0.575,6,63.59,0.592,2,,1,1
MC202241851641,mcd64-cluster,A,-100.27444,40.07384,-100.16665,40.35232,2022-03-07,2022-06-09,2022-04-21,2022-04-25,2022,NorthAmerica,United States,United States,130.32,True,True,True,2,True,0.947,0.591,9,123.42,0.535,5,,1,1
MC202213580402,mcd64-cluster,A,46.71689,-16.54697,46.95045,-16.45264,2022-02-15,2022-06-13,2022-04-01,2022-04-29,2022,Africa,Madagascar,Madagascar,85.14,True,True,True,2,True,0.9,0.575,3,76.65,0.868,5,,1,1
MC202228617199,mcd64-cluster,A,74.79822,32.45613,75.07221,32.54596,2022-03-03,2022-06-14,2022-04-17,2022-04-30,2022,SouthAsia,India,India,105.81,True,True,True,2,True,0.935,0.611,18,98.98,0.908,4,,1,1
MC202250995457,mcd64-cluster,A,75.10814,22.58814,75.43153,22.71839,2022-02-16,2022-06-12,2022-04-02,2022-04-28,2022,SouthAsia,India,India,250.69,True,True,True,2,True,0.951,0.664,42,238.49,0.978,5,,1,1
MC202209220238,mcd64-cluster,A,75.42704,31.5129,75.64264,31.66561,2022-03-03,2022-06-14,2022-04-17,2022-04-30,2022,SouthAsia,India,India,142.15,True,True,True,2,True,0.973,0.95,68,138.37,0.953,5,,1,1
MC202257652872,mcd64-cluster,A,123.52284,47.75893,123.69801,47.84876,2022-02-24,2022-06-02,2022-04-10,2022-04-18,2022,EastAsia,China,China,55.79,True,True,True,2,True,0.916,0.616,9,51.1,0.912,0,,0,1
MC202263905399,mcd64-cluster,A,124.43912,43.95008,124.6143,44.07135,2022-02-16,2022-06-11,2022-04-02,2022-04-27,2022,EastAsia,China,China,91.33,True,True,True,2,True,0.94,0.716,16,85.85,0.931,4,,1,1
MC202241928947,mcd64-cluster,A,124.47506,45.09543,124.64125,45.21221,2022-02-24,2022-06-14,2022-04-10,2022-04-30,2022,EastAsia,China,China,56.29,True,True,True,2,True,0.916,0.547,9,51.54,0.888,1,,1,1
MC202242437469,mcd64-cluster,A,100.21156,14.19787,100.32834,14.31016,2022-02-15,2022-06-06,2022-04-01,2022-04-22,2022,SoutheastAsia,Thailand,Thailand,75.19,True,True,True,2,True,0.908,0.405,10,68.24,0.897,3,,1,1
MC202324029204,mcd64-cluster,A,13.9194,12.25302,14.01372,12.35633,2023-02-19,2023-05-24,2023-04-05,2023-04-09,2023,Africa,Nigeria,Nigeria,68.24,True,True,True,2,True,0.942,0.987,14,64.28,0.44,1,,1,1
MC202354165597,mcd64-cluster,A,-4.76107,13.72626,-4.61734,13.8655,2023-02-18,2023-06-14,2023-04-04,2023-04-30,2023,Africa,Mali,Mali,104.65,True,True,True,2,True,0.965,0.902,17,101.01,0.634,3,,1,1
MC202329796400,mcd64-cluster,A,75.12162,22.58365,75.3956,22.80823,2023-02-15,2023-06-03,2023-04-01,2023-04-19,2023,SouthAsia,India,India,262.6,True,True,True,2,True,0.938,0.603,34,246.32,0.979,5,,1,1
MC202333291731,mcd64-cluster,A,75.41806,22.84865,75.5573,22.95196,2023-02-27,2023-06-09,2023-04-13,2023-04-25,2023,SouthAsia,India,India,82.95,True,True,True,2,True,0.925,0.563,8,76.69,0.983,3,,1,1
MC202312509915,mcd64-cluster,A,75.56179,22.77229,75.88968,22.96094,2023-02-18,2023-06-05,2023-04-04,2023-04-21,2023,SouthAsia,India,India,209.59,True,True,True,2,True,0.931,0.574,25,195.23,0.974,5,,1,1
MC202311869688,mcd64-cluster,A,122.22029,45.56255,122.49427,45.6973,2023-02-16,2023-05-28,2023-04-02,2023-04-13,2023,EastAsia,China,China,140.22,True,True,True,2,True,0.945,0.487,13,132.46,0.91,0,,0,1
MC202359023586,mcd64-cluster,A,122.9075,45.57153,123.03326,45.76916,2023-02-19,2023-06-02,2023-04-05,2023-04-18,2023,EastAsia,China,China,111.19,True,True,True,2,True,0.918,0.572,8,102.08,0.945,0,,0,1
MC202302725235,mcd64-cluster,A,123.08267,47.03579,123.26682,47.14359,2023-02-15,2023-05-25,2023-04-01,2023-04-10,2023,EastAsia,China,China,53.16,True,True,True,2,True,0.843,0.781,8,44.84,0.865,0,,0,1
MC202390326802,mcd64-cluster,A,100.20258,14.33711,100.34182,14.46288,2023-02-15,2023-06-14,2023-04-01,2023-04-30,2023,SoutheastAsia,Thailand,Thailand,103.89,True,True,True,2,True,0.913,0.558,14,94.83,0.88,4,,1,1
MC202380491911,mcd64-cluster,A,104.94568,10.19588,105.09391,10.32613,2023-02-15,2023-06-07,2023-04-01,2023-04-23,2023,SoutheastAsia,Vietnam,Vietnam,84.93,True,True,True,2,True,0.923,0.986,11,78.36,0.973,5,,1,1
MC202322127145,mcd64-cluster,A,105.78112,10.65851,105.97425,10.85165,2023-02-15,2023-06-12,2023-04-01,2023-04-28,2023,SoutheastAsia,Vietnam,Vietnam,124.0,True,True,True,2,True,0.891,0.833,29,110.46,0.929,5,,1,1
MC202399398451,mcd64-cluster,A,116.30488,-30.97391,116.48903,-30.90205,2023-02-15,2023-06-13,2023-04-01,2023-04-29,2023,Oceania,Australia,Australia,65.05,True,True,True,2,True,0.911,0.431,23,59.27,0.852,2,,1,1
MC202363453139,mcd64-cluster,A,116.92472,-31.84079,117.05048,-31.75095,2023-02-18,2023-06-14,2023-04-04,2023-04-30,2023,Oceania,Australia,Australia,58.94,True,True,True,2,True,0.918,0.695,12,54.11,0.927,1,,1,1
MC202472051551,mcd64-cluster,A,36.65126,9.66138,36.77254,9.74223,2024-02-16,2024-05-31,2024-04-01,2024-04-16,2024,Africa,Ethiopia,Ethiopia,52.13,True,True,True,2,True,0.916,0.873,19,47.76,0.861,2,,1,1
MC202494339121,mcd64-cluster,A,-4.6398,13.79363,-4.56793,13.93287,2024-02-16,2024-06-14,2024-04-01,2024-04-30,2024,Africa,Mali,Mali,73.38,True,True,True,2,True,0.946,0.907,21,69.39,0.46,2,,1,1
MC202457788794,mcd64-cluster,A,-4.00649,13.37142,-3.93911,13.50617,2024-02-27,2024-06-04,2024-04-12,2024-04-20,2024,Africa,Burkina Faso,Burkina Faso,62.59,True,True,True,2,True,0.945,0.923,12,59.14,0.355,2,,1,1
MC202437947515,mcd64-cluster,A,75.74594,22.85314,75.9301,23.06424,2024-02-16,2024-05-31,2024-04-01,2024-04-16,2024,SouthAsia,India,India,175.94,True,True,True,2,True,0.931,0.903,29,163.89,0.964,5,,1,1
MC202489058933,mcd64-cluster,A,76.59485,25.75919,76.71163,25.87148,2024-03-01,2024-06-14,2024-04-15,2024-04-30,2024,SouthAsia,India,India,71.4,True,True,True,2,True,0.939,0.733,13,67.08,0.993,2,,1,1
MC202495577550,mcd64-cluster,A,76.66672,25.46275,76.7835,25.593,2024-02-16,2024-06-12,2024-04-01,2024-04-28,2024,SouthAsia,India,India,76.75,True,True,True,2,True,0.944,0.92,13,72.42,0.977,3,,1,1
MC202441955057,mcd64-cluster,A,122.92996,45.63442,123.04674,45.8006,2024-02-16,2024-05-25,2024-04-01,2024-04-10,2024,EastAsia,China,China,81.68,True,True,True,2,True,0.89,0.89,28,72.67,0.954,0,,0,1
MC202422710916,mcd64-cluster,A,123.02877,47.34571,123.16352,47.4535,2024-02-16,2024-05-25,2024-04-01,2024-04-10,2024,EastAsia,China,China,64.49,True,True,True,2,True,0.919,0.71,7,59.26,0.916,0,,0,1
MC202495080356,mcd64-cluster,A,123.08716,46.95494,123.33869,47.09418,2024-02-16,2024-05-23,2024-04-01,2024-04-08,2024,EastAsia,China,China,100.32,True,True,True,2,True,0.931,0.758,10,93.39,0.909,0,,0,1
MC202408522034,mcd64-cluster,A,105.63739,10.64504,105.77213,10.79775,2024-02-19,2024-06-14,2024-04-04,2024-04-30,2024,SoutheastAsia,Vietnam,Vietnam,63.72,True,True,True,2,True,0.901,0.817,10,57.41,0.957,4,,1,1
MC202588573228,mcd64-cluster,A,-91.47095,18.3436,-91.37663,18.49631,2025-02-15,2025-06-07,2025-04-01,2025-04-23,2025,NorthAmerica,Mexico,Mexico,73.13,True,True,True,2,True,0.93,0.832,9,67.98,0.263,1,,1,1
MC202596456364,mcd64-cluster,A,30.11602,11.88471,30.22831,12.00149,2025-02-15,2025-06-10,2025-04-01,2025-04-26,2025,Africa,Sudan,Sudan,73.21,True,True,True,2,True,0.949,0.876,3,69.49,0.722,0,,0,1
MC202558504945,mcd64-cluster,A,-3.86725,12.8504,-3.77742,12.94472,2025-02-16,2025-05-21,2025-04-02,2025-04-06,2025,Africa,Burkina Faso,Burkina Faso,51.06,True,True,True,2,True,0.969,0.968,18,49.48,0.549,1,,1,1
MC202514606602,mcd64-cluster,A,-4.56793,14.665,-4.46463,14.77279,2025-02-21,2025-06-10,2025-04-07,2025-04-26,2025,Africa,Mali,Mali,52.59,True,True,True,2,True,0.942,0.95,31,49.52,0.194,1,,1,1
MC202566262664,mcd64-cluster,A,75.27433,22.60161,75.42255,22.70492,2025-02-16,2025-06-01,2025-04-02,2025-04-17,2025,SouthAsia,India,India,72.05,True,True,True,2,True,0.928,0.868,13,66.87,0.989,3,,1,1
MC202551215671,mcd64-cluster,A,75.48543,31.54883,75.63815,31.63417,2025-02-20,2025-06-14,2025-04-06,2025-04-30,2025,SouthAsia,India,India,68.63,True,True,True,2,True,0.976,0.9,23,66.98,0.956,2,,1,1
MC202589107454,mcd64-cluster,A,75.6606,22.83967,75.9301,23.07772,2025-02-15,2025-06-03,2025-04-01,2025-04-19,2025,SouthAsia,India,India,319.25,True,True,True,2,True,0.934,0.875,60,298.18,0.965,5,,1,1
MC202547073972,mcd64-cluster,A,123.09614,46.93248,123.19945,47.05375,2025-02-15,2025-06-07,2025-04-01,2025-04-23,2025,EastAsia,China,China,54.44,True,True,True,2,True,0.923,0.408,4,50.27,0.93,0,,0,1
MC202501309541,mcd64-cluster,A,122.98835,46.66748,123.21292,46.73934,2025-02-16,2025-06-04,2025-04-02,2025-04-20,2025,EastAsia,China,China,61.75,True,True,True,2,True,0.896,0.76,12,55.34,0.908,0,,0,1
MC202546505245,mcd64-cluster,A,124.48853,47.50291,124.70413,47.61071,2025-02-16,2025-06-13,2025-04-02,2025-04-29,2025,EastAsia,China,China,67.83,True,True,True,2,True,0.852,0.375,4,57.82,0.945,0,,0,1
MC202507056935,mcd64-cluster,A,105.60145,10.56419,105.78112,10.80224,2025-02-15,2025-06-14,2025-04-01,2025-04-30,2025,SoutheastAsia,Vietnam,Vietnam,182.87,True,True,True,2,True,0.939,0.816,33,171.71,0.944,4,,1,1
MC202507668334,mcd64-cluster,A,116.12073,-30.81671,116.23301,-30.68645,2025-02-21,2025-06-14,2025-04-07,2025-04-30,2025,Oceania,Australia,Australia,69.03,True,True,True,2,True,0.918,0.741,17,63.35,0.836,3,,1,1
MC202014166012,mcd64-cluster,A,44.37678,32.06087,44.53847,32.17316,2020-04-01,2020-07-15,2020-05-16,2020-05-31,2020,Africa,Iraq,Iraq,67.6,True,True,True,2,True,0.9,0.755,14,60.84,0.914,0,,0,1
MC202041827685,mcd64-cluster,A,44.44415,31.65214,44.59237,31.77341,2020-03-27,2020-07-08,2020-05-11,2020-05-24,2020,Africa,Iraq,Iraq,62.59,True,True,True,2,True,0.897,0.7,10,56.18,0.905,4,,1,1
MC202019289602,mcd64-cluster,A,74.48381,29.49618,74.68144,29.58152,2020-03-20,2020-07-05,2020-05-04,2020-05-21,2020,SouthAsia,India,India,79.65,True,True,True,2,True,0.917,0.589,10,73.03,0.966,3,,1,1
MC202027933158,mcd64-cluster,A,74.72187,30.14746,74.88356,30.30467,2020-03-20,2020-06-22,2020-05-04,2020-05-08,2020,SouthAsia,India,India,93.33,True,True,True,2,True,0.921,0.461,9,86.0,0.939,5,,1,1
MC202004190660,mcd64-cluster,A,75.19797,30.32712,75.31475,30.45289,2020-03-20,2020-06-21,2020-05-04,2020-05-07,2020,SouthAsia,India,India,59.39,True,True,True,2,True,0.93,0.399,3,55.24,0.968,2,,1,1
MC202007678676,mcd64-cluster,A,124.48853,47.83529,124.73557,48.03292,2020-03-17,2020-07-02,2020-05-01,2020-05-18,2020,EastAsia,China,China,183.87,True,True,True,2,True,0.9,0.783,29,165.44,0.873,0,,0,1
MC202028431088,mcd64-cluster,A,124.5604,47.41308,124.87481,47.62418,2020-03-19,2020-07-12,2020-05-03,2020-05-28,2020,EastAsia,China,China,182.2,True,True,True,2,True,0.92,0.908,33,167.68,0.925,5,,1,1
MC202066550197,mcd64-cluster,A,105.6284,10.52826,105.7901,10.68546,2020-03-17,2020-07-12,2020-05-01,2020-05-28,2020,SoutheastAsia,Vietnam,Vietnam,120.14,True,True,True,2,True,0.927,0.93,26,111.31,0.93,5,,1,1
MC202114046085,mcd64-cluster,A,-49.7487,-11.8398,-49.62743,-11.73649,2021-03-17,2021-07-14,2021-05-01,2021-05-30,2021,SouthAmerica,Brazil,Brazil,50.3,True,True,True,2,True,0.956,0.783,12,48.1,0.197,2,,1,1
MC202162404752,mcd64-cluster,A,-49.73523,-10.92801,-49.57802,-10.84267,2021-03-17,2021-07-13,2021-05-01,2021-05-29,2021,SouthAmerica,Brazil,Brazil,62.22,True,True,True,2,True,0.901,0.775,22,56.03,0.67,2,,1,1
MC202188792698,mcd64-cluster,A,-49.93735,-10.54173,-49.85201,-10.38452,2021-03-17,2021-07-11,2021-05-01,2021-05-27,2021,SouthAmerica,Brazil,Brazil,71.63,True,True,True,2,True,0.948,0.845,18,67.89,0.428,2,,1,1
MC202157839557,mcd64-cluster,A,36.39974,14.35059,36.50753,14.45838,2021-03-19,2021-07-11,2021-05-03,2021-05-27,2021,Africa,Sudan,Sudan,51.7,True,True,True,2,True,0.935,0.668,10,48.32,0.382,4,,1,1
MC202187520702,mcd64-cluster,A,-14.69195,13.16032,-14.48983,13.2771,2021-03-17,2021-07-15,2021-05-01,2021-05-31,2021,Africa,Senegal,Senegal,107.09,True,True,True,2,True,0.906,0.705,15,97.07,0.617,5,,1,1
MC202167874540,mcd64-cluster,A,75.99747,25.17978,76.23553,25.33698,2021-03-17,2021-07-06,2021-05-01,2021-05-22,2021,SouthAsia,India,India,150.02,True,True,True,2,True,0.94,0.761,5,141.05,0.947,5,,1,1
MC202144606997,mcd64-cluster,A,105.60145,10.49232,105.71374,10.60461,2021-03-21,2021-07-15,2021-05-05,2021-05-31,2021,SoutheastAsia,Vietnam,Vietnam,60.08,True,True,True,2,True,0.919,0.951,8,55.24,0.923,3,,1,1
MC202281099677,mcd64-cluster,A,-49.79811,-10.83817,-49.67234,-10.72139,2022-03-17,2022-07-12,2022-05-01,2022-05-28,2022,SouthAmerica,Brazil,Brazil,59.3,True,True,True,2,True,0.916,0.878,12,54.34,0.545,1,,1,1
MC202224045312,mcd64-cluster,A,74.7039,31.28383,74.84314,31.46349,2022-03-17,2022-06-22,2022-05-01,2022-05-08,2022,SouthAsia,India,India,92.64,True,True,True,2,True,0.928,0.95,20,85.98,0.969,5,,1,1
MC202268714860,mcd64-cluster,A,74.99136,30.52026,75.24738,30.67747,2022-03-17,2022-06-22,2022-05-01,2022-05-08,2022,SouthAsia,India,India,112.5,True,True,True,2,True,0.909,0.839,31,102.25,0.983,5,,1,1
MC202276581751,mcd64-cluster,A,74.91949,30.95145,75.12611,31.04578,2022-03-17,2022-06-20,2022-05-01,2022-05-06,2022,SouthAsia,India,India,54.31,True,True,True,2,True,0.935,0.951,13,50.79,0.977,3,,1,1
MC202213480153,mcd64-cluster,A,124.33582,49.07496,124.81642,49.4837,2022-03-17,2022-07-03,2022-05-01,2022-05-19,2022,EastAsia,China,China,614.2,True,True,True,2,True,0.933,0.83,161,572.79,0.839,0,,0,1
MC202276140313,mcd64-cluster,A,124.62777,49.4298,125.04998,49.64989,2022-03-17,2022-07-03,2022-05-01,2022-05-19,2022,EastAsia,China,China,297.94,True,True,True,2,True,0.919,0.696,61,273.91,0.876,0,,0,1
MC202226002573,mcd64-cluster,A,124.96015,47.19299,125.13532,47.29181,2022-03-21,2022-06-30,2022-05-05,2022-05-16,2022,EastAsia,China,China,59.44,True,True,True,2,True,0.912,0.882,19,54.24,0.908,0,,0,1
MC202384196528,mcd64-cluster,A,-5.25514,13.13337,-5.1743,13.27261,2023-03-19,2023-07-15,2023-05-03,2023-05-31,2023,Africa,Mali,Mali,55.37,True,True,True,2,True,0.953,0.886,7,52.76,0.934,2,,1,1
MC202328555611,mcd64-cluster,A,-14.52127,14.42694,-14.39101,14.51228,2023-03-22,2023-07-15,2023-05-06,2023-05-31,2023,Africa,Senegal,Senegal,52.17,True,True,True,2,True,0.962,0.97,6,50.18,0.655,2,,1,1
MC202323094827,mcd64-cluster,A,74.62754,30.61009,74.74432,30.69094,2023-03-17,2023-06-23,2023-05-01,2023-05-09,2023,SouthAsia,India,India,54.3,True,True,True,2,True,0.917,0.549,20,49.79,0.969,2,,1,1
MC202388607970,mcd64-cluster,A,75.83128,29.7522,76.0918,29.88246,2023-03-17,2023-06-25,2023-05-01,2023-05-11,2023,SouthAsia,India,India,141.32,True,True,True,2,True,0.902,0.808,12,127.52,0.966,5,,1,1
MC202383625052,mcd64-cluster,A,81.91737,20.796,82.02068,20.9532,2023-03-24,2023-07-15,2023-05-08,2023-05-31,2023,SouthAsia,India,India,79.01,True,True,True,2,True,0.917,0.8,29,72.42,0.933,2,,1,1
MC202333202635,mcd64-cluster,A,113.50214,33.55657,113.63688,33.68233,2023-04-03,2023-07-15,2023-05-18,2023-05-31,2023,EastAsia,China,China,88.9,True,True,True,2,True,0.937,0.738,22,83.29,0.921,4,,1,1
MC202320696471,mcd64-cluster,A,114.15791,33.22868,114.60706,33.43529,2023-04-07,2023-07-15,2023-05-22,2023-05-31,2023,EastAsia,China,China,436.16,True,True,True,2,True,0.97,0.615,46,423.03,0.884,5,,1,1
MC202310916812,mcd64-cluster,A,114.34655,32.62681,114.60706,32.81995,2023-04-01,2023-07-14,2023-05-16,2023-05-30,2023,EastAsia,China,China,234.59,True,True,True,2,True,0.964,0.532,11,226.09,0.963,5,,1,1
MC202433933069,mcd64-cluster,A,47.78588,32.28994,47.98351,32.40672,2024-03-17,2024-06-26,2024-05-01,2024-05-12,2024,Africa,Iran,Iran,82.61,True,True,True,2,True,0.897,0.54,5,74.13,0.885,3,,1,1
MC202454447459,mcd64-cluster,A,48.05987,31.33773,48.39674,31.53536,2024-03-17,2024-06-23,2024-05-01,2024-05-09,2024,Africa,Iran,Iran,339.91,True,True,True,2,True,0.966,0.832,24,328.52,0.899,5,,1,1
MC202445411234,mcd64-cluster,A,48.35182,31.7285,48.55394,31.94409,2024-03-18,2024-07-08,2024-05-02,2024-05-24,2024,Africa,Iran,Iran,185.4,True,True,True,2,True,0.907,0.747,20,168.13,0.911,5,,1,1
MC202482034269,mcd64-cluster,A,48.76954,31.68358,48.88632,31.81384,2024-03-18,2024-07-11,2024-05-02,2024-05-27,2024,Africa,Iran,Iran,65.12,True,True,True,2,True,0.932,0.761,11,60.67,0.939,4,,1,1
MC202493709872,mcd64-cluster,A,49.25912,30.86611,49.41183,30.93798,2024-03-17,2024-06-23,2024-05-01,2024-05-09,2024,Africa,Iran,Iran,61.43,True,True,True,2,True,0.951,0.624,11,58.43,0.916,2,,1,1
MC202417683880,mcd64-cluster,A,49.95082,30.33611,50.10353,30.49331,2024-03-17,2024-06-29,2024-05-01,2024-05-15,2024,Africa,Iran,Iran,75.94,True,True,True,2,True,0.924,0.742,7,70.18,0.913,4,,1,1
MC202432954202,mcd64-cluster,A,74.37152,29.51864,74.60059,29.62195,2024-03-17,2024-07-02,2024-05-01,2024-05-18,2024,SouthAsia,India,India,82.87,True,True,True,2,True,0.952,0.933,9,78.91,0.973,2,,1,1
MC202438729770,mcd64-cluster,A,75.4495,31.51739,75.61569,31.65214,2024-03-17,2024-06-28,2024-05-01,2024-05-14,2024,SouthAsia,India,India,72.89,True,True,True,2,True,0.933,0.728,19,68.0,0.962,4,,1,1
MC202438929922,mcd64-cluster,A,75.97052,29.6489,76.07383,29.74771,2024-03-18,2024-06-28,2024-05-02,2024-05-14,2024,SouthAsia,India,India,55.68,True,True,True,2,True,0.905,0.825,3,50.38,0.963,1,,1,1
MC202448200846,mcd64-cluster,A,113.2551,33.39936,113.51112,33.54758,2024-03-27,2024-07-15,2024-05-11,2024-05-31,2024,EastAsia,China,China,183.33,True,True,True,2,True,0.96,0.316,15,176.05,0.876,5,,1,1
MC202469364282,mcd64-cluster,A,116.90226,52.15619,117.28854,52.40322,2024-03-17,2024-06-23,2024-05-01,2024-05-09,2024,EastAsia,Russia,Russia,238.92,True,True,True,2,True,0.91,0.66,79,217.43,0.285,0,,0,1
MC202451405729,mcd64-cluster,A,119.39059,50.94346,119.53432,51.05126,2024-03-17,2024-06-18,2024-05-01,2024-05-04,2024,EastAsia,Russia,Russia,62.8,True,True,True,2,True,0.921,0.701,7,57.85,0.185,0,,0,1
MC202560215944,mcd64-cluster,A,-49.68582,-10.92351,-49.57802,-10.82021,2025-03-18,2025-07-13,2025-05-02,2025-05-29,2025,SouthAmerica,Brazil,Brazil,51.93,True,True,True,2,True,0.936,0.732,14,48.62,0.739,3,,1,1
MC202568016952,mcd64-cluster,A,-49.74421,-11.92064,-49.65438,-11.80386,2025-03-17,2025-07-11,2025-05-01,2025-05-27,2025,SouthAmerica,Brazil,Brazil,51.02,True,True,True,2,True,0.911,0.817,16,46.5,0.275,1,,1,1
MC202592369059,mcd64-cluster,A,-49.93735,-10.6136,-49.8565,-10.39351,2025-03-17,2025-07-12,2025-05-01,2025-05-28,2025,SouthAmerica,Brazil,Brazil,96.64,True,True,True,2,True,0.929,0.811,30,89.77,0.346,3,,1,1
MC202558917797,mcd64-cluster,A,-4.81497,13.75321,-4.63531,13.85202,2025-03-17,2025-07-15,2025-05-01,2025-05-31,2025,Africa,Mali,Mali,69.76,True,True,True,2,True,0.923,0.807,15,64.37,0.422,3,,1,1
MC202580051849,mcd64-cluster,A,74.24576,30.63704,74.35356,30.75382,2025-03-17,2025-06-25,2025-05-01,2025-05-11,2025,SouthAsia,India,India,60.06,True,True,True,2,True,0.949,0.643,3,57.0,0.978,2,,1,1
MC202539184889,mcd64-cluster,A,74.33559,29.55906,74.56466,29.6444,2025-03-17,2025-07-01,2025-05-01,2025-05-17,2025,SouthAsia,India,India,83.29,True,True,True,2,True,0.936,0.264,15,77.98,0.977,3,,1,1
MC202533943188,mcd64-cluster,A,74.31762,32.03841,74.51525,32.16867,2025-03-18,2025-07-02,2025-05-02,2025-05-18,2025,SouthAsia,Pakistan,Pakistan,95.72,True,True,True,2,True,0.91,0.569,32,87.11,0.973,5,,1,1
MC202590377624,mcd64-cluster,A,111.90313,32.21808,112.09178,32.50554,2025-03-17,2025-07-13,2025-05-01,2025-05-29,2025,EastAsia,China,China,285.04,True,True,True,2,True,0.967,0.393,30,275.61,0.917,5,,1,1
MC202516832439,mcd64-cluster,A,124.81642,49.40734,125.04549,49.52412,2025-03-17,2025-06-24,2025-05-01,2025-05-10,2025,EastAsia,China,China,70.2,True,True,True,2,True,0.867,0.656,6,60.88,0.869,0,,0,1
MC202513984011,mcd64-cluster,A,126.47381,47.06274,126.60856,47.21545,2025-03-17,2025-06-24,2025-05-01,2025-05-10,2025,EastAsia,China,China,60.07,True,True,True,2,True,0.876,0.489,8,52.65,0.95,2,,1,1
MC202033870381,mcd64-cluster,A,-54.11002,-12.60336,-54.01121,-12.49107,2020-04-24,2020-08-12,2020-06-08,2020-06-28,2020,SouthAmerica,Brazil,Brazil,65.01,True,True,True,2,True,0.957,0.926,51,62.21,0.894,2,,1,1
MC202022161238,mcd64-cluster,A,38.86561,36.86237,39.17104,37.14534,2020-04-21,2020-08-14,2020-06-05,2020-06-30,2020,Europe,Turkey,Turkey,265.1,True,True,True,2,True,0.919,0.722,61,243.54,0.976,5,,1,1
MC202039449214,mcd64-cluster,A,40.09181,36.85338,40.22656,37.04652,2020-04-18,2020-08-09,2020-06-02,2020-06-25,2020,Europe,Turkey,Turkey,116.64,True,True,True,2,True,0.931,0.742,19,108.56,0.935,5,,1,1
MC202042544493,mcd64-cluster,A,40.29393,37.07347,40.43766,37.18127,2020-04-30,2020-08-14,2020-06-14,2020-06-30,2020,Europe,Turkey,Turkey,50.91,True,True,True,2,True,0.883,0.867,7,44.94,0.968,3,,1,1
MC202005715974,mcd64-cluster,A,25.4897,-10.64504,25.60199,-10.51029,2020-04-17,2020-08-14,2020-06-01,2020-06-30,2020,Africa,Dem Rep of the Congo,Dem Rep of the Congo,89.01,True,True,True,2,True,0.951,0.7,38,84.66,0.188,3,,1,1
MC202096038252,mcd64-cluster,A,36.26948,35.37566,36.41321,35.54634,2020-04-21,2020-08-14,2020-06-05,2020-06-30,2020,Europe,Syria,Syria,96.11,True,True,True,2,True,0.945,0.832,24,90.77,0.962,5,,1,1
MC202095426619,mcd64-cluster,A,36.50304,35.28133,36.63779,35.37566,2020-04-25,2020-08-13,2020-06-09,2020-06-29,2020,Europe,Syria,Syria,66.13,True,True,True,2,True,0.96,0.922,32,63.49,0.952,1,,1,1
MC202072576559,mcd64-cluster,A,41.65039,36.10329,41.76268,36.24702,2020-04-22,2020-08-11,2020-06-06,2020-06-27,2020,Europe,Iraq,Iraq,73.9,True,True,True,2,True,0.95,0.901,10,70.22,0.977,2,,1,1
MC202089510406,mcd64-cluster,A,42.70591,35.5643,42.89905,35.71252,2020-04-17,2020-08-12,2020-06-01,2020-06-28,2020,Europe,Iraq,Iraq,161.18,True,True,True,2,True,0.974,0.967,33,157.02,0.243,3,,1,1
MC202054722970,mcd64-cluster,A,42.90354,35.7799,43.15956,35.92812,2020-04-21,2020-08-09,2020-06-05,2020-06-25,2020,Europe,Iraq,Iraq,131.22,True,True,True,2,True,0.963,0.963,37,126.42,0.872,5,,1,1
MC202001237775,mcd64-cluster,A,48.56742,50.4943,49.05251,50.67397,2020-04-20,2020-08-03,2020-06-04,2020-06-19,2020,CentralAsiaRussia,Kazakhstan,Kazakhstan,192.85,True,True,True,2,True,0.958,0.855,61,184.82,0.15,3,,1,1
MC202129992027,mcd64-cluster,A,39.44053,37.25313,39.59774,37.36992,2021-04-30,2021-08-14,2021-06-14,2021-06-30,2021,Europe,Turkey,Turkey,60.31,True,True,True,2,True,0.884,0.771,10,53.32,0.98,4,,1,1
MC202165487482,mcd64-cluster,A,39.40909,36.7366,39.55731,36.86237,2021-04-17,2021-08-03,2021-06-01,2021-06-19,2021,Europe,Turkey,Turkey,64.52,True,True,True,2,True,0.901,0.624,7,58.12,0.973,4,,1,1
MC202104599234,mcd64-cluster,A,40.06935,36.87584,40.58588,37.2711,2021-04-17,2021-08-12,2021-06-01,2021-06-28,2021,Europe,Turkey,Turkey,716.45,True,True,True,2,True,0.911,0.678,30,652.71,0.956,5,,1,1
MC202146805621,mcd64-cluster,A,36.26948,35.37566,36.46262,35.68108,2021-04-17,2021-08-13,2021-06-01,2021-06-29,2021,Europe,Syria,Syria,215.86,True,True,True,2,True,0.949,0.905,60,204.8,0.952,5,,1,1
MC202100725299,mcd64-cluster,A,-4.4781,14.74585,-4.36581,14.87161,2021-04-17,2021-07-31,2021-06-01,2021-06-16,2021,Africa,Mali,Mali,73.31,True,True,True,2,True,0.977,0.948,7,71.62,0.228,1,,1,1
MC202197898212,mcd64-cluster,A,47.07621,39.61121,47.2963,39.76842,2021-04-20,2021-08-14,2021-06-04,2021-06-30,2021,MiddleEast,Azerbaijan,Azerbaijan,124.99,True,True,True,2,True,0.954,0.956,38,119.23,0.292,5,,1,1
MC202256022009,mcd64-cluster,A,38.2323,48.76055,38.38501,48.87284,2022-04-28,2022-08-14,2022-06-12,2022-06-30,2022,Europe,Ukraine,Ukraine,56.82,True,True,True,2,True,0.902,0.681,26,51.24,0.609,1,,1,1
MC202236998648,mcd64-cluster,A,40.09181,36.86686,40.47809,37.15881,2022-04-19,2022-08-14,2022-06-03,2022-06-30,2022,Europe,Turkey,Turkey,367.08,True,True,True,2,True,0.926,0.742,30,339.85,0.945,5,,1,1
MC202212918534,mcd64-cluster,A,40.48707,37.06449,40.85089,37.18576,2022-04-26,2022-08-13,2022-06-10,2022-06-29,2022,Europe,Turkey,Turkey,144.17,True,True,True,2,True,0.865,0.22,6,124.73,0.974,5,,1,1
MC202225484401,mcd64-cluster,A,36.27397,35.57329,36.38626,35.72151,2022-04-20,2022-08-09,2022-06-04,2022-06-25,2022,Europe,Syria,Syria,52.71,True,True,True,2,True,0.905,0.878,26,47.69,0.976,3,,1,1
MC202210066935,mcd64-cluster,A,-4.4781,14.54372,-4.39276,14.65152,2022-04-18,2022-07-27,2022-06-02,2022-06-12,2022,Africa,Mali,Mali,53.35,True,True,True,2,True,0.952,0.913,8,50.81,0.232,2,,1,1
MC202335446024,mcd64-cluster,A,39.61121,37.20822,39.76842,37.33847,2023-05-07,2023-08-14,2023-06-21,2023-06-30,2023,Europe,Turkey,Turkey,66.5,True,True,True,2,True,0.93,0.537,7,61.83,0.952,2,,1,1
MC202321655969,mcd64-cluster,A,40.02893,36.87135,40.55444,37.21271,2023-04-23,2023-08-14,2023-06-07,2023-06-30,2023,Europe,Turkey,Turkey,604.67,True,True,True,2,True,0.949,0.382,38,573.76,0.94,5,,1,1
MC202380597990,mcd64-cluster,A,30.87959,-14.77279,31.03679,-14.64254,2023-04-22,2023-08-14,2023-06-06,2023-06-30,2023,Africa,Zambia,Zambia,87.58,True,True,True,2,True,0.917,0.651,28,80.34,0.335,5,,1,1
MC202368544645,mcd64-cluster,A,36.26499,35.37566,36.39974,35.65863,2023-04-18,2023-08-14,2023-06-02,2023-06-30,2023,Europe,Syria,Syria,178.67,True,True,True,2,True,0.948,0.917,65,169.33,0.976,5,,1,1
MC202457335948,mcd64-cluster,A,38.98239,36.80398,39.15307,36.94322,2024-04-17,2024-08-09,2024-06-01,2024-06-25,2024,Europe,Turkey,Turkey,59.66,True,True,True,2,True,0.875,0.672,12,52.22,0.984,5,,1,1
MC202424187907,mcd64-cluster,A,40.06935,37.23517,40.22656,37.3789,2024-04-22,2024-08-14,2024-06-06,2024-06-30,2024,Europe,Turkey,Turkey,60.91,True,True,True,2,True,0.919,0.726,14,55.95,0.785,4,,1,1
MC202429944388,mcd64-cluster,A,40.31639,37.06449,40.59038,37.13635,2024-04-21,2024-08-14,2024-06-05,2024-06-30,2024,Europe,Turkey,Turkey,74.6,True,True,True,2,True,0.904,0.612,11,67.44,0.955,3,,1,1
MC202440574633,mcd64-cluster,A,43.0293,36.45363,43.28083,36.64677,2024-04-17,2024-08-04,2024-06-01,2024-06-20,2024,Europe,Iraq,Iraq,203.98,True,True,True,2,True,0.966,0.841,31,197.07,0.97,5,,1,1
MC202453609577,mcd64-cluster,A,117.60744,39.55282,117.72871,39.67859,2024-04-19,2024-08-05,2024-06-03,2024-06-21,2024,EastAsia,China,China,67.06,True,True,True,2,True,0.922,0.506,14,61.82,0.812,2,,1,1
MC202405451775,mcd64-cluster,A,105.23314,10.01172,105.39484,10.11054,2024-04-17,2024-08-03,2024-06-01,2024-06-19,2024,SoutheastAsia,Vietnam,Vietnam,98.0,True,True,True,2,True,0.927,0.633,8,90.81,0.918,1,,1,1
MC202434361265,mcd64-cluster,A,46.24078,51.12761,46.37553,51.23092,2024-04-23,2024-08-09,2024-06-07,2024-06-25,2024,CentralAsiaRussia,Russia,Russia,53.79,True,True,True,2,True,0.954,0.903,13,51.33,0.629,2,,1,1
MC202575254095,mcd64-cluster,A,32.27647,46.56417,32.46961,46.654,2025-04-17,2025-08-14,2025-06-01,2025-06-30,2025,Europe,Ukraine,Ukraine,58.62,True,True,True,2,True,0.925,0.879,23,54.25,0.805,2,,1,1
MC202578431119,mcd64-cluster,A,32.87834,46.74833,33.04902,46.84714,2025-04-17,2025-08-04,2025-06-01,2025-06-20,2025,Europe,Ukraine,Ukraine,67.81,True,True,True,2,True,0.947,0.878,22,64.22,0.889,3,,1,1
MC202526052613,mcd64-cluster,A,33.36343,46.82468,33.61496,47.00884,2025-04-17,2025-08-06,2025-06-01,2025-06-22,2025,Europe,Ukraine,Ukraine,127.09,True,True,True,2,True,0.948,0.791,30,120.53,0.896,5,,1,1
MC202510010219,mcd64-cluster,A,45.69281,34.61209,45.79611,34.70641,2025-05-10,2025-08-12,2025-06-24,2025-06-28,2025,Africa,Iran,Iran,57.04,True,True,True,2,True,0.935,0.839,3,53.34,0.173,1,,1,1
MC202546515580,mcd64-cluster,A,37.87297,18.29868,38.06162,18.3975,2025-04-21,2025-08-04,2025-06-05,2025-06-20,2025,Africa,Sudan,Sudan,79.79,True,True,True,2,True,0.911,0.866,40,72.68,0.166,2,,1,1
MC202542237666,mcd64-cluster,A,40.03342,36.87584,40.47809,37.24415,2025-04-17,2025-08-14,2025-06-01,2025-06-30,2025,Europe,Turkey,Turkey,509.14,True,True,True,2,True,0.908,0.757,43,462.32,0.959,5,,1,1
MC202525286548,mcd64-cluster,A,117.01904,39.42706,117.20769,39.61121,2025-04-20,2025-08-06,2025-06-04,2025-06-22,2025,EastAsia,China,China,125.07,True,True,True,2,True,0.899,0.363,17,112.47,0.849,5,,1,1
MC202057159135,mcd64-cluster,A,42.47235,36.17066,42.56667,36.26499,2020-05-17,2020-09-07,2020-07-01,2020-07-24,2020,Europe,Iraq,Iraq,50.11,True,True,True,2,True,0.944,0.82,5,47.29,0.996,1,,1,1
MC202088099268,mcd64-cluster,A,43.00235,36.05838,43.15956,36.14821,2020-05-18,2020-09-14,2020-07-02,2020-07-31,2020,Europe,Iraq,Iraq,55.02,True,True,True,2,True,0.955,0.816,7,52.55,0.979,2,,1,1
MC202034870051,mcd64-cluster,A,43.69855,49.04352,43.8288,49.18725,2020-05-17,2020-08-22,2020-07-01,2020-07-08,2020,Europe,Russia,Russia,100.9,True,True,True,2,True,0.982,0.93,73,99.1,0.433,2,,1,1
MC202072113310,mcd64-cluster,A,14.45389,-13.01659,14.54822,-12.88633,2020-05-17,2020-09-14,2020-07-01,2020-07-31,2020,Africa,Angola,Angola,55.42,True,True,True,2,True,0.902,0.632,26,50.01,0.421,2,,1,1
MC202059448506,mcd64-cluster,A,15.32975,-12.4237,15.41958,-12.29344,2020-05-21,2020-09-12,2020-07-05,2020-07-29,2020,Africa,Angola,Angola,51.17,True,True,True,2,True,0.919,0.692,28,47.03,0.213,2,,1,1
MC202017233830,mcd64-cluster,A,15.90018,-13.34897,16.01247,-13.23668,2020-05-17,2020-09-14,2020-07-01,2020-07-31,2020,Africa,Angola,Angola,64.33,True,True,True,2,True,0.933,0.778,26,60.02,0.266,3,,1,1
MC202016439533,mcd64-cluster,A,46.01171,41.50217,46.29917,41.68183,2020-05-17,2020-09-03,2020-07-01,2020-07-20,2020,MiddleEast,Georgia,Georgia,138.42,True,True,True,2,True,0.952,0.903,57,131.85,0.971,5,,1,1
MC202098426142,mcd64-cluster,A,47.15257,39.60223,47.27833,39.70104,2020-05-19,2020-09-14,2020-07-03,2020-07-31,2020,MiddleEast,Azerbaijan,Azerbaijan,77.4,True,True,True,2,True,0.962,0.96,17,74.47,0.336,2,,1,1
MC202072593442,mcd64-cluster,A,46.23629,49.83853,46.3351,49.96879,2020-05-30,2020-08-29,2020-07-14,2020-07-15,2020,CentralAsiaRussia,Russia,Russia,52.52,True,True,True,2,True,0.947,0.988,14,49.75,0.469,2,,1,1
MC202056214048,mcd64-cluster,A,49.11988,50.75032,49.44327,50.94795,2020-06-14,2020-09-14,2020-07-29,2020-07-31,2020,CentralAsiaRussia,Russia,Russia,162.41,True,True,True,2,True,0.985,0.934,28,159.93,0.269,4,,1,1
MC202052140077,mcd64-cluster,A,53.38688,51.05126,53.63391,51.25338,2020-05-30,2020-09-03,2020-07-14,2020-07-20,2020,CentralAsiaRussia,Kazakhstan,Kazakhstan,165.61,True,True,True,2,True,0.953,0.636,14,157.78,0.22,4,,1,1
MC202140231067,mcd64-cluster,A,-56.70166,-21.58652,-56.54895,-21.38889,2021-05-17,2021-09-08,2021-07-01,2021-07-25,2021,SouthAmerica,Brazil,Brazil,129.52,True,True,True,2,True,0.939,0.53,28,121.57,0.424,4,,1,1
MC202172541089,mcd64-cluster,A,8.47111,40.11876,8.67323,40.26249,2021-06-07,2021-09-13,2021-07-22,2021-07-30,2021,Europe,Italy,Italy,127.28,True,True,True,2,True,0.965,0.902,81,122.8,0.264,0,,0,1
MC202188889447,mcd64-cluster,A,22.70492,44.21059,22.83068,44.31838,2021-05-26,2021-09-12,2021-07-10,2021-07-29,2021,Europe,Romania,Romania,57.33,True,True,True,2,True,0.913,0.765,10,52.33,0.992,2,,1,1
MC202198923592,mcd64-cluster,A,46.50129,39.4046,46.63604,39.50341,2021-05-18,2021-09-13,2021-07-02,2021-07-30,2021,MiddleEast,Azerbaijan,Azerbaijan,54.51,True,True,True,2,True,0.937,0.949,14,51.09,0.342,2,,1,1
MC202183780236,mcd64-cluster,A,15.4645,-14.94347,15.59026,-14.82669,2021-05-18,2021-09-14,2021-07-02,2021-07-31,2021,Africa,Angola,Angola,73.28,True,True,True,2,True,0.924,0.885,34,67.74,0.186,2,,1,1
MC202120256725,mcd64-cluster,A,15.74298,-15.29831,15.90916,-15.21297,2021-05-31,2021-09-14,2021-07-15,2021-07-31,2021,Africa,Angola,Angola,68.1,True,True,True,2,True,0.921,0.893,18,62.75,0.283,2,,1,1
MC202229844257,mcd64-cluster,A,-66.0666,-33.22868,-65.9588,-33.13885,2022-05-21,2022-09-10,2022-07-05,2022-07-27,2022,SouthAmerica,Argentina,Argentina,51.99,True,True,True,2,True,0.953,0.832,36,49.53,0.434,0,,0,1
MC202214867917,mcd64-cluster,A,27.46599,-12.05988,27.62319,-11.96556,2022-05-17,2022-09-14,2022-07-01,2022-07-31,2022,Africa,Dem Rep of the Congo,Dem Rep of the Congo,63.19,True,True,True,2,True,0.928,0.848,18,58.62,0.366,2,,1,1
MC202273517883,mcd64-cluster,A,28.60685,-14.78178,28.78651,-14.67847,2022-05-17,2022-09-14,2022-07-01,2022-07-31,2022,Africa,Zambia,Zambia,78.88,True,True,True,2,True,0.953,0.831,27,75.21,0.257,0,,0,1
MC202262276344,mcd64-cluster,A,28.71016,-13.00311,28.82245,-12.89082,2022-05-30,2022-09-14,2022-07-14,2022-07-31,2022,Africa,Zambia,Zambia,56.4,True,True,True,2,True,0.953,0.876,19,53.72,0.212,2,,1,1
MC202374751846,mcd64-cluster,A,16.24154,-11.52539,16.33137,-11.39962,2023-05-17,2023-09-12,2023-07-01,2023-07-29,2023,Africa,Angola,Angola,57.94,True,True,True,2,True,0.93,0.705,23,53.9,0.196,0,,0,1
MC202399553531,mcd64-cluster,A,24.34884,-13.51965,24.47909,-13.43431,2023-05-17,2023-09-12,2023-07-01,2023-07-29,2023,Africa,Zambia,Zambia,51.67,True,True,True,2,True,0.911,0.775,26,47.06,0.207,0,,0,1
MC202342058906,mcd64-cluster,A,27.27285,-27.76693,27.42107,-27.62319,2023-06-11,2023-09-14,2023-07-26,2023-07-31,2023,Africa,South Africa,South Africa,112.86,True,True,True,2,True,0.941,0.931,11,106.18,0.157,1,,1,1
MC202329247214,mcd64-cluster,A,54.43341,51.33872,55.02181,51.59474,2023-05-19,2023-09-04,2023-07-03,2023-07-21,2023,CentralAsiaRussia,Russia,Russia,448.66,True,True,True,2,True,0.963,0.887,67,432.0,0.22,0,,0,1
MC202326969952,mcd64-cluster,A,55.99199,50.88507,56.16716,50.9749,2023-05-22,2023-09-02,2023-07-06,2023-07-19,2023,CentralAsiaRussia,Russia,Russia,51.26,True,True,True,2,True,0.956,0.872,3,48.98,0.245,0,,0,1
MC202435484374,mcd64-cluster,A,-59.00584,-14.66051,-58.83516,-14.58864,2024-06-01,2024-09-14,2024-07-16,2024-07-31,2024,SouthAmerica,Brazil,Brazil,98.96,True,True,True,2,True,0.962,0.958,30,95.22,0.296,2,,1,1
MC202423843433,mcd64-cluster,A,-65.55905,-27.18302,-65.33896,-27.10217,2024-05-24,2024-09-07,2024-07-08,2024-07-24,2024,SouthAmerica,Argentina,Argentina,81.9,True,True,True,2,True,0.915,0.522,11,74.97,0.654,4,,1,1
MC202416919404,mcd64-cluster,A,21.94135,41.87048,22.04466,42.02319,2024-06-14,2024-09-14,2024-07-29,2024-07-31,2024,Europe,Macedonia,Macedonia,83.29,True,True,True,2,True,0.957,0.878,19,79.72,0.247,0,,0,1
MC202416153901,mcd64-cluster,A,33.67784,47.18401,33.88894,47.29181,2024-05-20,2024-09-11,2024-07-04,2024-07-28,2024,Europe,Ukraine,Ukraine,65.87,True,True,True,2,True,0.925,0.747,21,60.96,0.871,3,,1,1
MC202452403568,mcd64-cluster,A,41.55157,46.24527,41.72225,46.42493,2024-05-17,2024-09-13,2024-07-01,2024-07-30,2024,Europe,Russia,Russia,75.09,True,True,True,2,True,0.908,0.563,14,68.16,0.927,4,,1,1
MC202482236327,mcd64-cluster,A,15.79238,-13.64541,15.95857,-13.51515,2024-05-17,2024-09-14,2024-07-01,2024-07-31,2024,Africa,Angola,Angola,92.87,True,True,True,2,True,0.939,0.945,36,87.23,0.186,0,,0,1
MC202467935739,mcd64-cluster,A,15.84179,-14.72339,15.92713,-14.48533,2024-05-17,2024-09-14,2024-07-01,2024-07-31,2024,Africa,Angola,Angola,109.83,True,True,True,2,True,0.897,0.89,20,98.55,0.294,0,,0,1
MC202428114680,mcd64-cluster,A,16.0484,-13.77566,16.27298,-13.63643,2024-05-17,2024-09-14,2024-07-01,2024-07-31,2024,Africa,Angola,Angola,109.05,True,True,True,2,True,0.933,0.868,56,101.72,0.154,0,,0,1
MC202492899985,mcd64-cluster,A,105.64637,10.88758,105.74518,10.97292,2024-05-18,2024-09-14,2024-07-02,2024-07-31,2024,SoutheastAsia,Vietnam,Vietnam,55.84,True,True,True,2,True,0.901,0.889,5,50.33,0.965,1,,1,1
MC202537099635,mcd64-cluster,A,26.89556,40.5769,27.05276,40.63978,2025-05-30,2025-09-04,2025-07-14,2025-07-21,2025,Europe,Turkey,Turkey,56.81,True,True,True,2,True,0.962,0.956,46,54.63,0.181,2,,1,1
MC202551798737,mcd64-cluster,A,37.61246,49.08844,37.77865,49.21869,2025-05-17,2025-09-13,2025-07-01,2025-07-30,2025,Europe,Ukraine,Ukraine,66.06,True,True,True,2,True,0.886,0.788,42,58.56,0.752,2,,1,1
MC202502055846,mcd64-cluster,A,37.77865,47.43554,37.97179,47.59274,2025-05-23,2025-09-03,2025-07-07,2025-07-20,2025,Europe,Ukraine,Ukraine,102.77,True,True,True,2,True,0.951,0.855,30,97.76,0.513,5,,1,1
MC202565696982,mcd64-cluster,A,15.85077,-13.63643,15.95408,-13.53761,2025-05-17,2025-09-14,2025-07-01,2025-07-31,2025,Africa,Angola,Angola,65.22,True,True,True,2,True,0.945,0.912,31,61.64,0.153,2,,1,1
MC202558389830,mcd64-cluster,A,16.19662,-11.48047,16.35383,-11.35021,2025-05-25,2025-09-14,2025-07-09,2025-07-31,2025,Africa,Angola,Angola,65.77,True,True,True,2,True,0.898,0.775,35,59.05,0.296,5,,1,1
MC202539602649,mcd64-cluster,A,25.22469,-10.46986,25.34147,-10.36207,2025-05-17,2025-09-13,2025-07-01,2025-07-30,2025,Africa,Dem Rep of the Congo,Dem Rep of the Congo,60.6,True,True,True,2,True,0.871,0.766,31,52.81,0.154,1,,1,1
MC202546578385,mcd64-cluster,A,46.17341,41.29106,46.51926,41.44827,2025-06-07,2025-09-14,2025-07-22,2025-07-31,2025,MiddleEast,Georgia,Georgia,175.06,True,True,True,2,True,0.947,0.563,61,165.7,0.895,5,,1,1
MC202524198417,mcd64-cluster,A,46.95943,39.6202,47.12113,39.75045,2025-06-02,2025-09-13,2025-07-17,2025-07-30,2025,MiddleEast,Azerbaijan,Azerbaijan,88.11,True,True,True,2,True,0.952,0.86,17,83.89,0.289,3,,1,1
MC202529456192,mcd64-cluster,A,105.19272,10.64054,105.31399,10.74385,2025-05-18,2025-09-14,2025-07-02,2025-07-31,2025,SoutheastAsia,Vietnam,Vietnam,67.4,True,True,True,2,True,0.905,0.442,3,60.97,0.948,3,,1,1
MC202554947045,mcd64-cluster,A,105.80357,10.72588,105.92485,10.79775,2025-05-24,2025-09-14,2025-07-08,2025-07-31,2025,SoutheastAsia,Vietnam,Vietnam,57.59,True,True,True,2,True,0.965,0.289,3,55.57,0.967,2,,1,1
MC202011560661,mcd64-cluster,A,-120.24848,46.60909,-120.03289,46.74384,2020-07-01,2020-10-06,2020-08-15,2020-08-22,2020,NorthAmerica,United States,United States,64.17,True,True,True,2,True,0.901,0.811,18,57.8,0.176,1,,1,1
MC202087557994,mcd64-cluster,A,-52.94221,-18.54123,-52.65924,-18.30767,2020-07-05,2020-10-14,2020-08-19,2020-08-30,2020,SouthAmerica,Brazil,Brazil,223.15,True,True,True,2,True,0.954,0.859,80,212.85,0.592,5,,1,1
MC202098712915,mcd64-cluster,A,-53.46773,-17.67435,-53.2162,-17.51715,2020-07-01,2020-10-15,2020-08-15,2020-08-31,2020,SouthAmerica,Brazil,Brazil,155.02,True,True,True,2,True,0.949,0.897,64,147.18,0.253,4,,1,1
MC202032252954,mcd64-cluster,A,-55.18351,-15.88671,-54.99935,-15.81035,2020-07-11,2020-10-15,2020-08-25,2020-08-31,2020,SouthAmerica,Brazil,Brazil,88.06,True,True,True,2,True,0.977,0.962,47,86.02,0.267,1,,1,1
MC202006248096,mcd64-cluster,A,15.80137,-14.07211,15.93162,-13.93287,2020-06-17,2020-10-11,2020-08-01,2020-08-27,2020,Africa,Angola,Angola,94.63,True,True,True,2,True,0.925,0.94,34,87.55,0.305,3,,1,1
MC202042773071,mcd64-cluster,A,16.02594,-13.95084,16.13823,-13.84304,2020-06-23,2020-10-14,2020-08-07,2020-08-30,2020,Africa,Angola,Angola,52.06,True,True,True,2,True,0.957,0.853,25,49.82,0.203,1,,1,1
MC202037611563,mcd64-cluster,A,27.88371,-13.78465,28.13074,-13.6499,2020-06-17,2020-10-10,2020-08-01,2020-08-26,2020,Africa,Zambia,Zambia,148.78,True,True,True,2,True,0.931,0.883,68,138.48,0.342,5,,1,1
MC202059692910,mcd64-cluster,A,47.47147,50.92549,47.64664,51.03778,2020-06-17,2020-10-01,2020-08-01,2020-08-17,2020,CentralAsiaRussia,Russia,Russia,90.77,True,True,True,2,True,0.969,0.931,24,87.98,0.427,4,,1,1
MC202196155279,mcd64-cluster,A,-48.14521,-22.11203,-47.95207,-21.97279,2021-06-17,2021-10-12,2021-08-01,2021-08-28,2021,SouthAmerica,Brazil,Brazil,106.82,True,True,True,2,True,0.946,0.854,57,101.1,0.55,5,,1,1
MC202185828131,mcd64-cluster,A,-48.1497,-20.89481,-47.97453,-20.76456,2021-06-29,2021-10-04,2021-08-13,2021-08-20,2021,SouthAmerica,Brazil,Brazil,116.34,True,True,True,2,True,0.959,0.815,15,111.62,0.877,4,,1,1
MC202152218247,mcd64-cluster,A,-48.27995,-20.70168,-48.14072,-20.57591,2021-06-19,2021-10-05,2021-08-03,2021-08-21,2021,SouthAmerica,Brazil,Brazil,119.74,True,True,True,2,True,0.963,0.884,33,115.37,0.86,4,,1,1
MC202122716158,mcd64-cluster,A,43.12812,54.77028,43.28083,54.89156,2021-06-17,2021-10-06,2021-08-01,2021-08-22,2021,Europe,Russia,Russia,67.1,True,True,True,2,True,0.973,0.878,87,65.27,0.212,1,,1,1
MC202119217920,mcd64-cluster,A,27.63667,-11.56132,27.90616,-11.43555,2021-06-17,2021-10-13,2021-08-01,2021-08-29,2021,Africa,Dem Rep of the Congo,Dem Rep of the Congo,121.97,True,True,True,2,True,0.924,0.831,61,112.75,0.429,3,,1,1
MC202180092578,mcd64-cluster,A,27.83879,-13.77566,28.01845,-13.63193,2021-06-18,2021-10-15,2021-08-02,2021-08-31,2021,Africa,Zambia,Zambia,117.53,True,True,True,2,True,0.93,0.876,31,109.35,0.212,4,,1,1
MC202151046011,mcd64-cluster,A,28.24303,-13.53312,28.32837,-13.41185,2021-06-17,2021-10-04,2021-08-01,2021-08-20,2021,Africa,Zambia,Zambia,55.31,True,True,True,2,True,0.947,0.774,15,52.4,0.293,2,,1,1
MC202156575561,mcd64-cluster,A,51.57228,53.00958,51.69355,53.12187,2021-07-06,2021-10-11,2021-08-20,2021-08-27,2021,CentralAsiaRussia,Russia,Russia,53.96,True,True,True,2,True,0.962,0.913,28,51.9,0.325,1,,1,1
MC202144472431,mcd64-cluster,A,54.99037,50.77727,55.21046,51.00185,2021-07-08,2021-10-11,2021-08-22,2021-08-27,2021,CentralAsiaRussia,Kazakhstan,Kazakhstan,124.62,True,True,True,2,True,0.955,0.925,54,119.08,0.613,0,,0,1
MC202140518624,mcd64-cluster,A,62.03765,55.96055,62.19935,56.10428,2021-07-03,2021-10-15,2021-08-17,2021-08-31,2021,CentralAsiaRussia,Russia,Russia,81.51,True,True,True,2,True,0.942,0.954,93,76.81,0.212,2,,1,1
MC202204143217,mcd64-cluster,A,-53.75968,-16.78951,-53.6429,-16.70866,2022-06-27,2022-10-12,2022-08-11,2022-08-28,2022,SouthAmerica,Brazil,Brazil,58.52,True,True,True,2,True,0.946,0.508,17,55.36,0.646,2,,1,1
MC202285068866,mcd64-cluster,A,-54.57265,-11.54784,-54.45587,-11.48047,2022-06-21,2022-10-15,2022-08-05,2022-08-31,2022,SouthAmerica,Brazil,Brazil,54.51,True,True,True,2,True,0.939,0.857,42,51.21,0.362,2,,1,1
MC202272773472,mcd64-cluster,A,-43.78838,-9.7063,-43.66711,-9.56706,2022-06-23,2022-10-07,2022-08-07,2022-08-23,2022,SouthAmerica,Brazil,Brazil,112.63,True,True,True,2,True,0.97,0.955,62,109.25,0.188,2,,1,1
MC202240649616,mcd64-cluster,A,7.86026,36.14372,7.99051,36.2605,2022-07-02,2022-10-05,2022-08-16,2022-08-21,2022,Europe,Algeria,Algeria,59.58,True,True,True,2,True,0.923,0.829,35,55.0,0.219,4,,1,1
MC202242276643,mcd64-cluster,A,14.0766,-13.47922,14.18889,-13.38041,2022-06-17,2022-10-06,2022-08-01,2022-08-22,2022,Africa,Angola,Angola,50.47,True,True,True,2,True,0.933,0.81,26,47.07,0.164,0,,0,1
MC202258211510,mcd64-cluster,A,15.47348,-14.94797,15.58128,-14.84017,2022-06-22,2022-10-15,2022-08-06,2022-08-31,2022,Africa,Angola,Angola,58.34,True,True,True,2,True,0.919,0.831,17,53.64,0.189,0,,0,1
MC202369833837,mcd64-cluster,A,-53.88095,-15.60374,-53.70129,-15.37467,2023-06-19,2023-10-15,2023-08-03,2023-08-31,2023,SouthAmerica,Brazil,Brazil,211.3,True,True,True,2,True,0.968,0.894,73,204.57,0.251,3,,1,1
MC202387183790,mcd64-cluster,A,37.74721,47.17054,37.93585,47.30528,2023-06-23,2023-10-15,2023-08-07,2023-08-31,2023,Europe,Ukraine,Ukraine,89.6,True,True,True,2,True,0.95,0.917,28,85.15,0.884,4,,1,1
MC202347846877,mcd64-cluster,A,37.82357,47.44003,37.97179,47.56579,2023-06-28,2023-10-15,2023-08-12,2023-08-31,2023,Europe,Ukraine,Ukraine,80.89,True,True,True,2,True,0.942,0.923,31,76.17,0.45,3,,1,1
MC202023527944,mcd64-cluster,A,6.76881,10.42046,6.99788,10.64953,2019-11-17,2020-03-15,2020-01-01,2020-01-30,2020,Africa,Nigeria,Nigeria,195.7,True,True,True,2,True,0.944,0.907,60,184.67,0.209,5,,1,1
MC202072396570,mcd64-cluster,A,8.1073,7.55034,8.30492,7.6761,2019-11-18,2020-03-05,2020-01-02,2020-01-20,2020,Africa,Nigeria,Nigeria,99.89,True,True,True,2,True,0.904,0.8,41,90.3,0.295,5,,1,1
MC202081243720,mcd64-cluster,A,0.07187,10.25427,0.17068,10.36656,2019-11-21,2020-03-15,2020-01-05,2020-01-30,2020,Africa,Ghana,Ghana,58.9,True,True,True,2,True,0.963,0.899,15,56.69,0.509,1,,1,1
MC202017797115,mcd64-cluster,A,0.82645,10.74385,0.93425,10.86063,2019-11-18,2020-03-16,2020-01-02,2020-01-31,2020,Africa,Togo,Togo,61.99,True,True,True,2,True,0.958,0.901,15,59.36,0.769,1,,1,1
MC202044881671,mcd64-cluster,A,9.63892,8.49806,9.7557,8.66874,2019-11-18,2020-03-16,2020-01-02,2020-01-31,2020,Africa,Nigeria,Nigeria,95.7,True,True,True,2,True,0.925,0.866,20,88.55,0.631,4,,1,1
MC202057783208,mcd64-cluster,A,0.08534,9.95782,0.17966,10.11054,2019-11-17,2020-03-16,2020-01-01,2020-01-31,2020,Africa,Ghana,Ghana,61.16,True,True,True,2,True,0.922,0.919,21,56.37,0.549,2,,1,1
MC202093685149,mcd64-cluster,A,-0.01347,9.45477,0.19314,9.61647,2019-11-17,2020-03-16,2020-01-01,2020-01-31,2020,Africa,Ghana,Ghana,108.73,True,True,True,2,True,0.937,0.816,36,101.84,0.436,5,,1,1
MC202061087786,mcd64-cluster,A,16.13823,8.14323,16.25951,8.28247,2019-11-25,2020-03-16,2020-01-09,2020-01-31,2020,Africa,Chad,Chad,72.83,True,True,True,2,True,0.96,0.876,18,69.93,0.244,1,,1,1
MC202091356236,mcd64-cluster,A,104.54593,13.7577,104.64924,13.85202,2019-11-19,2020-03-16,2020-01-03,2020-01-31,2020,SoutheastAsia,Cambodia,Cambodia,55.23,True,True,True,2,True,0.902,0.78,26,49.84,0.237,1,,1,1
MC202012093662,mcd64-cluster,A,104.79297,14.20686,104.90975,14.3461,2019-11-19,2020-03-16,2020-01-03,2020-01-31,2020,SoutheastAsia,Cambodia,Cambodia,88.72,True,True,True,2,True,0.903,0.809,47,80.14,0.436,4,,1,1
MC202049217273,mcd64-cluster,A,105.02204,13.73973,105.17925,13.82956,2019-11-17,2020-03-16,2020-01-01,2020-01-31,2020,SoutheastAsia,Cambodia,Cambodia,56.93,True,True,True,2,True,0.9,0.828,28,51.24,0.565,3,,1,1
MC202050872878,mcd64-cluster,A,105.62391,10.45639,105.87993,10.68546,2019-11-18,2020-03-07,2020-01-02,2020-01-22,2020,SoutheastAsia,Vietnam,Vietnam,240.8,True,True,True,2,True,0.932,0.942,45,224.43,0.895,5,,1,1
MC202173028024,mcd64-cluster,A,5.85702,11.09419,5.96931,11.1975,2020-11-17,2021-03-04,2021-01-01,2021-01-18,2021,Africa,Nigeria,Nigeria,63.87,True,True,True,2,True,0.922,0.779,18,58.92,0.877,3,,1,1
MC202155267892,mcd64-cluster,A,5.87947,11.43106,5.98278,11.56581,2020-11-18,2021-03-07,2021-01-02,2021-01-21,2021,Africa,Nigeria,Nigeria,82.13,True,True,True,2,True,0.972,0.896,22,79.87,0.767,4,,1,1
MC202148911702,mcd64-cluster,A,5.49769,10.17791,6.46338,10.83368,2020-11-17,2021-03-17,2021-01-01,2021-01-31,2021,Africa,Nigeria,Nigeria,3493.96,True,True,True,2,True,0.971,0.903,1087,3393.77,0.525,5,,1,1
MC202123111053,mcd64-cluster,A,6.19838,10.11054,6.32414,10.17791,2020-11-18,2021-03-16,2021-01-02,2021-01-30,2021,Africa,Nigeria,Nigeria,55.0,True,True,True,2,True,0.921,0.763,20,50.64,0.22,1,,1,1
MC202138907488,mcd64-cluster,A,6.35109,10.28571,6.47685,10.398,2020-11-17,2021-03-13,2021-01-01,2021-01-27,2021,Africa,Nigeria,Nigeria,64.29,True,True,True,2,True,0.931,0.829,20,59.88,0.35,2,,1,1
MC202141477393,mcd64-cluster,A,6.36456,10.54173,6.53974,10.73487,2020-11-17,2021-03-17,2021-01-01,2021-01-31,2021,Africa,Nigeria,Nigeria,90.95,True,True,True,2,True,0.933,0.767,13,84.82,0.738,5,,1,1
MC202176217481,mcd64-cluster,A,6.73736,10.45639,6.86313,10.5597,2020-11-18,2021-03-03,2021-01-02,2021-01-17,2021,Africa,Nigeria,Nigeria,54.94,True,True,True,2,True,0.933,0.887,21,51.26,0.252,3,,1,1
MC202199882711,mcd64-cluster,A,6.89008,6.46338,7.19551,6.69245,2020-11-20,2021-03-17,2021-01-04,2021-01-31,2021,Africa,Nigeria,Nigeria,275.8,True,True,True,2,True,0.932,0.665,75,256.97,0.216,5,,1,1
MC202291273583,mcd64-cluster,A,5.42133,10.99089,5.5965,11.12114,2021-11-18,2022-03-05,2022-01-02,2022-01-19,2022,Africa,Nigeria,Nigeria,94.99,True,True,True,2,True,0.947,0.91,20,89.97,0.849,5,,1,1
MC202259106280,mcd64-cluster,A,5.77168,11.74547,5.88397,11.86225,2021-11-19,2022-03-16,2022-01-03,2022-01-30,2022,Africa,Nigeria,Nigeria,57.62,True,True,True,2,True,0.962,0.864,13,55.43,0.579,3,,1,1
MC202217266464,mcd64-cluster,A,5.41684,10.11503,6.49482,11.23792,2021-11-17,2022-03-17,2022-01-01,2022-01-31,2022,Africa,Nigeria,Nigeria,4763.37,True,True,True,2,True,0.97,0.948,1625,4619.77,0.592,5,,1,1
MC202269752938,mcd64-cluster,A,5.87947,11.37716,6.00524,11.55683,2021-11-17,2022-03-12,2022-01-01,2022-01-26,2022,Africa,Nigeria,Nigeria,122.96,True,True,True,2,True,0.933,0.944,29,114.71,0.816,5,,1,1
MC202207051662,mcd64-cluster,A,0.57043,10.43842,0.70518,10.5597,2021-11-22,2022-03-17,2022-01-06,2022-01-31,2022,Africa,Togo,Togo,86.33,True,True,True,2,True,0.94,0.933,21,81.18,0.695,4,,1,1
MC202207938435,mcd64-cluster,A,5.86151,13.066,6.04566,13.27261,2021-11-19,2022-03-17,2022-01-03,2022-01-31,2022,Africa,Nigeria,Nigeria,131.88,True,True,True,2,True,0.957,0.908,7,126.23,0.394,5,,1,1
MC202285665964,mcd64-cluster,A,6.01422,9.93986,6.11753,10.03867,2021-11-24,2022-03-11,2022-01-08,2022-01-25,2022,Africa,Nigeria,Nigeria,51.83,True,True,True,2,True,0.89,0.879,16,46.12,0.334,2,,1,1
MC202211539704,mcd64-cluster,A,6.01422,9.78265,6.58016,10.36207,2021-11-17,2022-03-17,2022-01-01,2022-01-31,2022,Africa,Nigeria,Nigeria,850.7,True,True,True,2,True,0.953,0.909,320,810.67,0.152,5,,1,1
MC202362386897,mcd64-cluster,A,5.14735,9.83655,5.33599,9.91291,2022-11-17,2023-02-28,2023-01-01,2023-01-14,2023,Africa,Nigeria,Nigeria,74.71,True,True,True,2,True,0.958,0.924,21,71.57,0.302,1,,1,1
MC202387825369,mcd64-cluster,A,5.4393,10.5058,5.73574,10.91902,2022-11-17,2023-03-16,2023-01-01,2023-01-30,2023,Africa,Nigeria,Nigeria,615.44,True,True,True,2,True,0.964,0.93,154,593.13,0.587,5,,1,1
MC202390027500,mcd64-cluster,A,5.5965,10.09706,5.74922,10.25427,2022-11-17,2023-03-01,2023-01-01,2023-01-15,2023,Africa,Nigeria,Nigeria,89.37,True,True,True,2,True,0.929,0.925,21,82.98,0.374,5,,1,1
MC202338687038,mcd64-cluster,A,5.67286,11.54784,5.80312,11.6781,2022-11-17,2023-03-17,2023-01-01,2023-01-31,2023,Africa,Nigeria,Nigeria,72.57,True,True,True,2,True,0.952,0.928,15,69.09,0.774,4,,1,1
MC202335264249,mcd64-cluster,A,5.44379,10.80224,5.94236,11.1436,2022-11-17,2023-03-15,2023-01-01,2023-01-29,2023,Africa,Nigeria,Nigeria,697.14,True,True,True,2,True,0.956,0.91,177,666.72,0.601,5,,1,1
MC202304874564,mcd64-cluster,A,5.866,10.1869,6.03668,10.37105,2022-11-17,2023-03-04,2023-01-01,2023-01-18,2023,Africa,Nigeria,Nigeria,109.72,True,True,True,2,True,0.941,0.916,32,103.21,0.812,5,,1,1
MC202347532428,mcd64-cluster,A,6.03668,9.78265,6.19838,9.99825,2022-11-17,2023-03-08,2023-01-01,2023-01-22,2023,Africa,Nigeria,Nigeria,134.17,True,True,True,2,True,0.953,0.905,37,127.84,0.223,5,,1,1
MC202347523160,mcd64-cluster,A,6.08609,10.3441,6.42745,10.61809,2022-11-17,2023-03-17,2023-01-01,2023-01-31,2023,Africa,Nigeria,Nigeria,441.49,True,True,True,2,True,0.964,0.952,168,425.79,0.56,5,,1,1
MC202441784520,mcd64-cluster,A,5.18328,9.12239,5.28659,9.23468,2023-11-18,2024-03-10,2024-01-02,2024-01-25,2024,Africa,Nigeria,Nigeria,56.39,True,True,True,2,True,0.939,0.91,24,52.94,0.633,3,,1,1
MC202400063273,mcd64-cluster,A,5.21921,10.46537,5.80761,10.91004,2023-11-17,2024-03-15,2024-01-01,2024-01-30,2024,Africa,Nigeria,Nigeria,931.04,True,True,True,2,True,0.937,0.883,289,872.02,0.625,5,,1,1
MC202470682230,mcd64-cluster,A,5.44379,10.97292,5.74922,11.20199,2023-11-17,2024-03-05,2024-01-01,2024-01-20,2024,Africa,Nigeria,Nigeria,353.01,True,True,True,2,True,0.943,0.881,80,332.93,0.687,5,,1,1
MC202401929125,mcd64-cluster,A,5.53811,11.48496,5.72676,11.63318,2023-11-17,2024-03-05,2024-01-01,2024-01-20,2024,Africa,Nigeria,Nigeria,102.15,True,True,True,2,True,0.904,0.829,10,92.38,0.718,5,,1,1
MC202458879927,mcd64-cluster,A,6.06363,9.77367,6.16693,9.94435,2023-11-17,2024-03-08,2024-01-01,2024-01-23,2024,Africa,Nigeria,Nigeria,61.93,True,True,True,2,True,0.942,0.764,12,58.37,0.338,2,,1,1
MC202445579904,mcd64-cluster,A,5.63693,9.98477,6.43643,10.64504,2023-11-17,2024-03-15,2024-01-01,2024-01-30,2024,Africa,Nigeria,Nigeria,2170.29,True,True,True,2,True,0.96,0.93,727,2084.17,0.613,5,,1,1
MC202436283888,mcd64-cluster,A,6.26126,10.16893,6.35558,10.27673,2023-11-17,2024-03-12,2024-01-01,2024-01-27,2024,Africa,Nigeria,Nigeria,60.88,True,True,True,2,True,0.909,0.811,19,55.36,0.376,2,,1,1
MC202423879616,mcd64-cluster,A,7.64017,5.82108,7.77492,5.90193,2023-11-25,2024-03-14,2024-01-09,2024-01-29,2024,Africa,Nigeria,Nigeria,63.52,True,True,True,2,True,0.926,0.538,13,58.81,0.189,2,,1,1
MC202572201738,mcd64-cluster,A,0,10.15096,0.19763,10.28122,2024-11-17,2025-03-17,2025-01-01,2025-01-31,2025,Africa,Ghana,Ghana,126.19,True,True,True,2,True,0.917,0.933,21,115.75,0.429,5,,1,1
MC202526272348,mcd64-cluster,A,6.94847,6.48584,7.04728,6.6116,2024-11-17,2025-03-16,2025-01-01,2025-01-30,2025,Africa,Nigeria,Nigeria,52.29,True,True,True,2,True,0.925,0.695,17,48.39,0.461,1,,1,1
MC202526499919,mcd64-cluster,A,0.66475,10.77978,0.77704,10.88758,2024-11-23,2025-03-17,2025-01-07,2025-01-31,2025,Africa,Togo,Togo,67.86,True,True,True,2,True,0.971,0.933,16,65.9,0.623,3,,1,1
MC202519694424,mcd64-cluster,A,0.73213,10.05215,0.86238,10.14647,2024-11-22,2025-03-17,2025-01-06,2025-01-31,2025,Africa,Togo,Togo,55.75,True,True,True,2,True,0.949,0.866,18,52.92,0.393,2,,1,1
MC202500954100,mcd64-cluster,A,7.89619,7.86475,8.06687,7.94111,2024-11-18,2025-03-15,2025-01-02,2025-01-29,2025,Africa,Nigeria,Nigeria,59.79,True,True,True,2,True,0.872,0.571,16,52.13,0.612,3,,1,1
MC202590115706,mcd64-cluster,A,0.75908,11.08521,0.87586,11.19301,2024-11-23,2025-03-11,2025-01-07,2025-01-25,2025,Africa,Burkina Faso,Burkina Faso,65.59,True,True,True,2,True,0.98,0.95,18,64.3,0.431,2,,1,1
MC202567412327,mcd64-cluster,A,8.11179,7.33025,8.49357,7.69407,2024-11-17,2025-03-13,2025-01-01,2025-01-27,2025,Africa,Nigeria,Nigeria,604.89,True,True,True,2,True,0.96,0.844,230,580.41,0.195,5,,1,1
MC202516327933,mcd64-cluster,A,8.41272,6.40499,8.54747,6.65652,2024-11-18,2025-03-13,2025-01-02,2025-01-27,2025,Africa,Nigeria,Nigeria,130.11,True,True,True,2,True,0.907,0.536,44,117.96,0.209,4,,1,1
MC202012623562,mcd64-cluster,A,16.59637,9.10443,16.76256,9.25714,2019-12-18,2020-04-01,2020-02-01,2020-02-16,2020,Africa,Chad,Chad,83.73,True,True,True,2,True,0.946,0.733,7,79.17,0.719,5,,1,1
MC202029167649,mcd64-cluster,A,2.37604,6.74635,2.48384,6.92601,2019-12-18,2020-04-04,2020-02-01,2020-02-19,2020,Africa,Benin,Benin,107.24,True,True,True,2,True,0.937,0.645,41,100.49,0.245,3,,1,1
MC202049200639,mcd64-cluster,A,2.44342,10.82021,2.59164,10.96394,2019-12-19,2020-04-14,2020-02-02,2020-02-29,2020,Africa,Benin,Benin,82.79,True,True,True,2,True,0.937,0.754,28,77.59,0.485,5,,1,1
MC202000392449,mcd64-cluster,A,2.48384,6.97093,2.86563,7.1461,2019-12-18,2020-04-13,2020-02-01,2020-02-28,2020,Africa,Benin,Benin,374.79,True,True,True,2,True,0.924,0.403,106,346.39,0.353,5,,1,1
MC202040372552,mcd64-cluster,A,0.29195,10.33512,0.40424,10.41597,2019-12-18,2020-04-09,2020-02-01,2020-02-24,2020,Africa,Togo,Togo,51.28,True,True,True,2,True,0.901,0.853,12,46.19,0.823,1,,1,1
MC202032344907,mcd64-cluster,A,36.03143,9.27511,36.19312,9.46824,2019-12-18,2020-04-12,2020-02-01,2020-02-27,2020,Africa,Ethiopia,Ethiopia,125.76,True,True,True,2,True,0.922,0.856,56,115.98,0.37,5,,1,1
MC202050856413,mcd64-cluster,A,4.15022,10.63156,4.29844,10.75733,2019-12-18,2020-04-06,2020-02-01,2020-02-21,2020,Africa,Nigeria,Nigeria,90.69,True,True,True,2,True,0.931,0.791,13,84.44,0.747,4,,1,1
MC202003561731,mcd64-cluster,A,4.30293,9.53113,4.45115,9.68833,2019-12-18,2020-04-05,2020-02-01,2020-02-20,2020,Africa,Nigeria,Nigeria,97.39,True,True,True,2,True,0.915,0.807,17,89.09,0.614,4,,1,1
MC202032227273,mcd64-cluster,A,105.26458,10.59114,105.34992,10.72139,2019-12-23,2020-04-14,2020-02-06,2020-02-29,2020,SoutheastAsia,Vietnam,Vietnam,65.7,True,True,True,2,True,0.97,0.968,13,63.74,0.913,2,,1,1
MC202093420144,mcd64-cluster,A,105.22416,9.83206,105.56552,10.35758,2019-12-22,2020-04-14,2020-02-05,2020-02-29,2020,SoutheastAsia,Vietnam,Vietnam,842.6,True,True,True,2,True,0.966,0.866,225,814.17,0.912,5,,1,1
MC202027999405,mcd64-cluster,A,105.50713,10.67199,105.87544,11.00436,2019-12-18,2020-04-14,2020-02-01,2020-02-29,2020,SoutheastAsia,Vietnam,Vietnam,459.81,True,True,True,2,True,0.948,0.875,135,435.99,0.937,5,,1,1
MC202172842720,mcd64-cluster,A,13.596,12.32489,13.74872,12.52701,2020-12-19,2021-03-25,2021-02-02,2021-02-08,2021,Africa,Nigeria,Nigeria,190.5,True,True,True,2,True,0.961,0.938,59,183.01,0.226,4,,1,1
MC202184579910,mcd64-cluster,A,2.51977,7.00237,2.75334,7.18203,2020-12-19,2021-04-13,2021-02-02,2021-02-27,2021,Africa,Benin,Benin,178.73,True,True,True,2,True,0.948,0.637,58,169.44,0.415,5,,1,1
MC202143314546,mcd64-cluster,A,31.92163,2.7174,32.06536,2.79825,2020-12-18,2021-04-06,2021-02-01,2021-02-20,2021,Africa,Uganda,Uganda,57.06,True,True,True,2,True,0.896,0.428,23,51.14,0.364,2,,1,1
MC202138649153,mcd64-cluster,A,34.62107,9.84104,34.76031,9.93537,2020-12-20,2021-04-05,2021-02-03,2021-02-19,2021,Africa,Ethiopia,Ethiopia,58.73,True,True,True,2,True,0.915,0.888,26,53.75,0.3,4,,1,1
MC202100006110,mcd64-cluster,A,36.35482,11.11216,36.48957,11.1975,2020-12-18,2021-04-09,2021-02-01,2021-02-23,2021,Africa,Ethiopia,Ethiopia,58.74,True,True,True,2,True,0.961,0.895,34,56.47,0.183,1,,1,1
MC202112359101,mcd64-cluster,A,37.33398,9.95782,37.44627,10.05215,2020-12-19,2021-04-11,2021-02-02,2021-02-25,2021,Africa,Ethiopia,Ethiopia,75.17,True,True,True,2,True,0.951,0.904,39,71.48,0.361,1,,1,1
MC202194755709,mcd64-cluster,A,-14.28321,12.98964,-14.13499,13.11091,2020-12-18,2021-04-14,2021-02-01,2021-02-28,2021,Africa,Senegal,Senegal,76.78,True,True,True,2,True,0.93,0.857,34,71.44,0.158,3,,1,1
MC202153449019,mcd64-cluster,A,-14.39999,13.51965,-14.21135,13.59151,2021-01-04,2021-04-14,2021-02-18,2021-02-28,2021,Africa,Senegal,Senegal,74.93,True,True,True,2,True,0.958,0.881,24,71.78,0.19,2,,1,1
MC202282870936,mcd64-cluster,A,11.16606,8.32289,11.28733,8.4262,2021-12-18,2022-03-28,2022-02-01,2022-02-11,2022,Africa,Nigeria,Nigeria,74.28,True,True,True,2,True,0.953,0.826,25,70.83,0.348,2,,1,1
MC202249568085,mcd64-cluster,A,11.71403,9.31104,11.85327,9.41434,2021-12-18,2022-04-09,2022-02-01,2022-02-23,2022,Africa,Nigeria,Nigeria,95.99,True,True,True,2,True,0.972,0.95,35,93.34,0.388,4,,1,1
MC202280773131,mcd64-cluster,A,0.07187,9.82308,0.22009,9.97579,2021-12-19,2022-04-02,2022-02-02,2022-02-16,2022,Africa,Ghana,Ghana,144.49,True,True,True,2,True,0.963,0.832,29,139.08,0.619,5,,1,1
MC202291604023,mcd64-cluster,A,36.02693,9.28858,36.20211,9.46375,2021-12-22,2022-04-14,2022-02-05,2022-02-28,2022,Africa,Ethiopia,Ethiopia,85.64,True,True,True,2,True,0.95,0.925,32,81.34,0.349,3,,1,1
MC202281498131,mcd64-cluster,A,36.47609,9.36943,36.70965,9.49519,2021-12-22,2022-04-12,2022-02-05,2022-02-26,2022,Africa,Ethiopia,Ethiopia,120.33,True,True,True,2,True,0.949,0.902,38,114.18,0.865,5,,1,1
MC202254933655,mcd64-cluster,A,36.67372,9.72426,36.79949,9.87698,2021-12-19,2022-04-07,2022-02-02,2022-02-21,2022,Africa,Ethiopia,Ethiopia,55.06,True,True,True,2,True,0.929,0.891,19,51.13,0.264,4,,1,1
MC202203894562,mcd64-cluster,A,37.08695,10.00723,37.19924,10.11054,2021-12-23,2022-04-14,2022-02-06,2022-02-28,2022,Africa,Ethiopia,Ethiopia,52.81,True,True,True,2,True,0.937,0.93,26,49.49,0.214,2,,1,1
MC202234943438,mcd64-cluster,A,-0.47162,9.3829,-0.36831,9.47273,2021-12-18,2022-04-06,2022-02-01,2022-02-20,2022,Africa,Ghana,Ghana,51.67,True,True,True,2,True,0.946,0.837,19,48.91,0.391,2,,1,1
MC202395010144,mcd64-cluster,A,-72.40421,-38.34908,-72.29192,-38.23679,2022-12-29,2023-04-05,2023-02-12,2023-02-19,2023,SouthAmerica,Chile,Chile,57.56,True,True,True,2,True,0.935,0.827,50,53.79,0.733,2,,1,1
MC202314110182,mcd64-cluster,A,10.53724,9.06849,10.69894,9.20773,2022-12-18,2023-04-09,2023-02-01,2023-02-23,2023,Africa,Nigeria,Nigeria,92.84,True,True,True,2,True,0.963,0.918,19,89.4,0.821,5,,1,1
MC202351568345,mcd64-cluster,A,11.61522,9.30655,11.73649,9.42782,2022-12-18,2023-04-13,2023-02-01,2023-02-27,2023,Africa,Nigeria,Nigeria,50.45,True,True,True,2,True,0.935,0.77,7,47.19,0.3,4,,1,1
MC202358058481,mcd64-cluster,A,16.87934,9.39189,16.99163,9.51765,2022-12-18,2023-04-06,2023-02-01,2023-02-20,2023,Africa,Chad,Chad,62.5,True,True,True,2,True,0.959,0.938,20,59.92,0.158,1,,1,1
MC202379206864,mcd64-cluster,A,2.21435,10.46537,2.43893,10.62707,2022-12-19,2023-04-13,2023-02-02,2023-02-27,2023,Africa,Benin,Benin,115.99,True,True,True,2,True,0.923,0.757,28,107.04,0.29,4,,1,1
MC202339429707,mcd64-cluster,A,2.48384,6.93949,2.91952,7.22245,2022-12-18,2023-04-10,2023-02-01,2023-02-24,2023,Africa,Benin,Benin,483.7,True,True,True,2,True,0.943,0.422,135,456.28,0.366,5,,1,1
MC202330604510,mcd64-cluster,A,30.36306,11.92514,30.46636,12.03293,2022-12-19,2023-04-14,2023-02-02,2023-02-28,2023,Africa,Sudan,Sudan,50.27,True,True,True,2,True,0.926,0.831,14,46.55,0.544,1,,1,1
MC202393018418,mcd64-cluster,A,36.10329,9.67036,36.256,9.81859,2022-12-18,2023-04-09,2023-02-01,2023-02-23,2023,Africa,Ethiopia,Ethiopia,81.38,True,True,True,2,True,0.94,0.699,36,76.46,0.302,3,,1,1
MC202311313249,mcd64-cluster,A,36.17516,10.93699,36.46262,11.19301,2022-12-18,2023-04-14,2023-02-01,2023-02-28,2023,Africa,Ethiopia,Ethiopia,431.83,True,True,True,2,True,0.982,0.949,157,424.12,0.154,5,,1,1
MC202398258976,mcd64-cluster,A,97.08093,22.5567,97.25161,22.64653,2022-12-18,2023-04-12,2023-02-01,2023-02-26,2023,SouthAsia,Burma,Burma,82.9,True,True,True,2,True,0.96,0.897,30,79.62,0.328,2,,1,1
MC202384014597,mcd64-cluster,A,97.4717,22.53873,97.57051,22.67348,2022-12-18,2023-04-12,2023-02-01,2023-02-26,2023,SouthAsia,Burma,Burma,57.8,True,True,True,2,True,0.922,0.695,32,53.31,0.484,3,,1,1
MC202311816243,mcd64-cluster,A,98.63951,16.10679,98.87756,16.35832,2022-12-20,2023-04-14,2023-02-03,2023-02-28,2023,SoutheastAsia,Burma,Burma,233.98,True,True,True,2,True,0.927,0.813,130,216.92,0.311,5,,1,1
MC202304787309,mcd64-cluster,A,105.4173,10.15995,105.54755,10.23181,2022-12-18,2023-04-14,2023-02-01,2023-02-28,2023,SoutheastAsia,Vietnam,Vietnam,56.96,True,True,True,2,True,0.902,0.822,3,51.37,0.853,2,,1,1
MC202446717569,mcd64-cluster,A,25.10342,13.42532,25.24715,13.52863,2023-12-28,2024-04-03,2024-02-11,2024-02-18,2024,Africa,Sudan,Sudan,85.87,True,True,True,2,True,0.97,0.968,16,83.32,0.458,2,,1,1
MC202499103471,mcd64-cluster,A,0.1617,11.23792,0.34585,11.31428,2023-12-26,2024-04-14,2024-02-09,2024-02-29,2024,Africa,Burkina Faso,Burkina Faso,80.48,True,True,True,2,True,0.954,0.954,24,76.75,0.669,3,,1,1
MC202479809818,mcd64-cluster,A,32.00697,2.99588,32.11477,3.0947,2023-12-18,2024-04-11,2024-02-01,2024-02-26,2024,Africa,Uganda,Uganda,51.81,True,True,True,2,True,0.904,0.754,22,46.83,0.244,2,,1,1
MC202445533553,mcd64-cluster,A,36.02693,9.33799,36.18863,9.47723,2023-12-18,2024-04-05,2024-02-01,2024-02-20,2024,Africa,Ethiopia,Ethiopia,100.16,True,True,True,2,True,0.946,0.886,48,94.74,0.497,3,,1,1
MC202404338462,mcd64-cluster,A,36.05388,9.94435,36.14821,10.05215,2023-12-23,2024-04-14,2024-02-06,2024-02-29,2024,Africa,Ethiopia,Ethiopia,50.11,True,True,True,2,True,0.915,0.65,23,45.87,0.208,1,,1,1
MC202440134518,mcd64-cluster,A,36.08532,9.64341,36.24253,9.76469,2023-12-18,2024-04-14,2024-02-01,2024-02-29,2024,Africa,Ethiopia,Ethiopia,67.12,True,True,True,2,True,0.918,0.866,40,61.65,0.23,2,,1,1
MC202462177499,mcd64-cluster,A,36.13473,10.67648,36.2605,10.82919,2023-12-23,2024-04-14,2024-02-06,2024-02-29,2024,Africa,Ethiopia,Ethiopia,122.78,True,True,True,2,True,0.958,0.928,50,117.63,0.4,3,,1,1
MC202489935636,mcd64-cluster,A,36.27846,10.90555,36.48957,11.21547,2023-12-22,2024-04-14,2024-02-05,2024-02-29,2024,Africa,Ethiopia,Ethiopia,315.3,True,True,True,2,True,0.988,0.965,144,311.38,0.313,5,,1,1
MC202421019870,mcd64-cluster,A,97.01356,22.28271,97.14381,22.38153,2023-12-29,2024-04-14,2024-02-12,2024-02-29,2024,SouthAsia,Burma,Burma,68.29,True,True,True,2,True,0.956,0.807,29,65.29,0.522,3,,1,1
MC202451090496,mcd64-cluster,A,97.30102,22.03567,97.47619,22.14796,2023-12-19,2024-04-14,2024-02-02,2024-02-29,2024,SouthAsia,Burma,Burma,91.3,True,True,True,2,True,0.94,0.737,44,85.81,0.442,3,,1,1
MC202465279795,mcd64-cluster,A,97.39085,22.21085,97.6334,22.38602,2023-12-19,2024-04-14,2024-02-02,2024-02-29,2024,SouthAsia,Burma,Burma,162.7,True,True,True,2,True,0.938,0.645,80,152.54,0.58,5,,1,1
MC202402598595,mcd64-cluster,A,105.21069,10.01622,105.46221,10.2363,2023-12-29,2024-04-14,2024-02-12,2024-02-29,2024,SoutheastAsia,Vietnam,Vietnam,300.08,True,True,True,2,True,0.97,0.979,75,291.18,0.918,5,,1,1
MC202572437779,mcd64-cluster,A,0.1078,9.8096,0.22009,9.98477,2024-12-19,2025-04-03,2025-02-02,2025-02-17,2025,Africa,Ghana,Ghana,129.5,True,True,True,2,True,0.967,0.923,27,125.2,0.594,4,,1,1
MC202503421462,mcd64-cluster,A,20.0998,10.80673,20.2615,10.89656,2024-12-19,2025-03-30,2025-02-02,2025-02-13,2025,Africa,Chad,Chad,68.11,True,True,True,2,True,0.917,0.881,21,62.47,0.19,2,,1,1
MC202557408999,mcd64-cluster,A,25.02706,13.33549,25.24715,13.57804,2024-12-18,2025-04-10,2025-02-01,2025-02-24,2025,Africa,Sudan,Sudan,324.34,True,True,True,2,True,0.972,0.961,57,315.36,0.494,5,,1,1
MC202594310077,mcd64-cluster,A,26.69344,10.90106,26.79225,11.04928,2024-12-22,2025-04-13,2025-02-05,2025-02-27,2025,Africa,Sudan,Sudan,53.14,True,True,True,2,True,0.949,0.922,12,50.45,0.156,1,,1,1
MC202541926342,mcd64-cluster,A,0.25602,10.22732,0.36831,10.33961,2024-12-19,2025-03-28,2025-02-02,2025-02-11,2025,Africa,Ghana,Ghana,84.68,True,True,True,2,True,0.951,0.812,9,80.56,0.781,3,,1,1
MC202585915797,mcd64-cluster,A,30.43492,11.9431,30.54721,12.03742,2024-12-18,2025-04-07,2025-02-01,2025-02-21,2025,Africa,Sudan,Sudan,59.78,True,True,True,2,True,0.945,0.936,6,56.49,0.46,3,,1,1
MC202506159987,mcd64-cluster,A,31.78239,2.82969,32.1507,2.95995,2024-12-18,2025-04-12,2025-02-01,2025-02-26,2025,Africa,Uganda,Uganda,199.3,True,True,True,2,True,0.936,0.518,62,186.47,0.183,4,,1,1
MC202574943794,mcd64-cluster,A,36.03143,9.34697,36.13922,9.46375,2024-12-20,2025-04-14,2025-02-03,2025-02-28,2025,Africa,Ethiopia,Ethiopia,75.55,True,True,True,2,True,0.948,0.963,24,71.61,0.555,1,,1,1
MC202098236527,mcd64-cluster,A,-4.60387,13.98228,-4.49607,14.16194,2020-01-16,2020-05-13,2020-03-01,2020-03-29,2020,Africa,Mali,Mali,102.83,True,True,True,2,True,0.955,0.904,37,98.18,0.368,5,,1,1
MC202046587540,mcd64-cluster,A,94.29166,24.16468,94.44887,24.44765,2020-01-24,2020-05-15,2020-03-09,2020-03-31,2020,SouthAsia,Burma,Burma,154.35,True,True,True,2,True,0.927,0.833,53,143.1,0.184,5,,1,1
MC202083211754,mcd64-cluster,A,94.83065,22.80373,95.04176,23.0328,2020-01-23,2020-05-14,2020-03-08,2020-03-30,2020,SouthAsia,Burma,Burma,201.72,True,True,True,2,True,0.946,0.827,52,190.8,0.326,4,,1,1
MC202056745908,mcd64-cluster,A,95.14955,23.01035,95.26184,23.13162,2020-01-16,2020-05-09,2020-03-01,2020-03-25,2020,SouthAsia,Burma,Burma,56.68,True,True,True,2,True,0.913,0.742,16,51.75,0.359,3,,1,1
MC202045274511,mcd64-cluster,A,96.42516,23.07772,96.54194,23.21247,2020-01-17,2020-05-14,2020-03-02,2020-03-30,2020,SouthAsia,Burma,Burma,71.56,True,True,True,2,True,0.918,0.534,14,65.71,0.241,1,,1,1
MC202051359542,mcd64-cluster,A,97.4717,22.49381,97.93882,22.77678,2020-01-16,2020-05-14,2020-03-01,2020-03-30,2020,SouthAsia,Burma,Burma,664.89,True,True,True,2,True,0.961,0.803,275,638.93,0.285,5,,1,1
MC202021111434,mcd64-cluster,A,102.14743,16.44366,102.30014,16.52002,2020-01-17,2020-04-23,2020-03-02,2020-03-09,2020,SoutheastAsia,Thailand,Thailand,65.06,True,True,True,2,True,0.929,0.649,14,60.46,0.831,2,,1,1
MC202030728345,mcd64-cluster,A,104.69415,10.26325,104.89628,10.38003,2020-01-16,2020-05-15,2020-03-01,2020-03-31,2020,SoutheastAsia,Vietnam,Vietnam,115.34,True,True,True,2,True,0.921,0.692,38,106.26,0.923,4,,1,1
MC202075298186,mcd64-cluster,A,105.45323,9.41884,105.71823,9.68384,2020-01-16,2020-05-15,2020-03-01,2020-03-31,2020,SoutheastAsia,Vietnam,Vietnam,331.1,True,True,True,2,True,0.95,0.834,69,314.68,0.874,5,,1,1
MC202020051808,mcd64-cluster,A,105.97425,10.64953,106.11349,10.72588,2020-01-16,2020-05-10,2020-03-01,2020-03-26,2020,SoutheastAsia,Vietnam,Vietnam,54.42,True,True,True,2,True,0.907,0.944,6,49.33,0.848,2,,1,1
MC202023068530,mcd64-cluster,A,106.23926,10.60012,106.39646,10.75733,2020-01-16,2020-05-10,2020-03-01,2020-03-26,2020,SoutheastAsia,Vietnam,Vietnam,78.93,True,True,True,2,True,0.941,0.967,6,74.27,0.927,4,,1,1
MC202158865106,mcd64-cluster,A,18.59063,-33.76318,18.74784,-33.57004,2021-01-20,2021-05-14,2021-03-06,2021-03-30,2021,Africa,South Africa,South Africa,93.22,True,True,True,2,True,0.899,0.523,11,83.82,0.921,5,,1,1
MC202182743775,mcd64-cluster,A,18.67148,-33.48919,18.8736,-33.40385,2021-01-23,2021-05-15,2021-03-09,2021-03-31,2021,Africa,South Africa,South Africa,63.9,True,True,True,2,True,0.945,0.638,13,60.36,0.932,3,,1,1
MC202187367781,mcd64-cluster,A,18.80174,-32.94122,18.99488,-32.75707,2021-01-23,2021-05-14,2021-03-09,2021-03-30,2021,Africa,South Africa,South Africa,104.35,True,True,True,2,True,0.907,0.343,14,94.66,0.976,5,,1,1
MC202122558664,mcd64-cluster,A,-15.195,13.45227,-15.05127,13.52863,2021-01-20,2021-04-28,2021-03-06,2021-03-14,2021,Africa,Senegal,Senegal,61.85,True,True,True,2,True,0.945,0.89,8,58.46,0.178,2,,1,1
MC202158506012,mcd64-cluster,A,-4.40174,14.20236,-4.28047,14.31465,2021-01-15,2021-05-10,2021-03-01,2021-03-26,2021,Africa,Mali,Mali,66.97,True,True,True,2,True,0.953,0.905,19,63.82,0.447,2,,1,1
MC202118125893,mcd64-cluster,A,77.30452,22.3411,77.85699,22.73187,2021-01-29,2021-05-15,2021-03-15,2021-03-31,2021,SouthAsia,India,India,1001.85,True,True,True,2,True,0.974,0.828,202,975.36,0.951,5,,1,1
MC202114773664,mcd64-cluster,A,80.17464,17.73724,80.39922,18.0202,2021-01-15,2021-05-05,2021-03-01,2021-03-21,2021,SouthAsia,India,India,245.49,True,True,True,2,True,0.959,0.928,75,235.52,0.21,5,,1,1
MC202143469099,mcd64-cluster,A,94.29616,24.24104,94.47133,24.42519,2021-01-19,2021-05-13,2021-03-05,2021-03-29,2021,SouthAsia,Burma,Burma,117.06,True,True,True,2,True,0.911,0.718,39,106.66,0.172,1,,1,1
MC202130321699,mcd64-cluster,A,97.46721,22.51627,97.8445,22.78128,2021-01-15,2021-05-15,2021-03-01,2021-03-31,2021,SouthAsia,Burma,Burma,517.55,True,True,True,2,True,0.956,0.796,258,494.53,0.26,5,,1,1
MC202123564339,mcd64-cluster,A,105.21967,10.79775,105.42179,10.91453,2021-01-15,2021-05-15,2021-03-01,2021-03-31,2021,SoutheastAsia,Vietnam,Vietnam,82.8,True,True,True,2,True,0.919,0.891,23,76.07,0.885,5,,1,1
MC202137041734,mcd64-cluster,A,105.08043,9.94884,105.50264,10.36656,2021-01-15,2021-05-15,2021-03-01,2021-03-31,2021,SoutheastAsia,Vietnam,Vietnam,946.82,True,True,True,2,True,0.952,0.934,193,901.15,0.913,5,,1,1
MC202126034949,mcd64-cluster,A,105.39933,10.56868,105.65535,10.80673,2021-01-15,2021-05-15,2021-03-01,2021-03-31,2021,SoutheastAsia,Vietnam,Vietnam,223.8,True,True,True,2,True,0.933,0.86,55,208.79,0.924,5,,1,1
MC202130174483,mcd64-cluster,A,105.52959,10.80224,105.75866,10.97292,2021-01-15,2021-05-14,2021-03-01,2021-03-30,2021,SoutheastAsia,Vietnam,Vietnam,237.12,True,True,True,2,True,0.934,0.882,76,221.38,0.94,5,,1,1
MC202180464241,mcd64-cluster,A,143.8607,-38.09306,143.97748,-37.98526,2021-01-17,2021-05-15,2021-03-03,2021-03-31,2021,Oceania,Australia,Australia,55.79,True,True,True,2,True,0.901,0.778,28,50.29,0.899,2,,1,1
MC202296074025,mcd64-cluster,A,38.0706,45.36941,38.1784,45.55806,2022-01-19,2022-05-13,2022-03-05,2022-03-29,2022,Europe,Russia,Russia,64.57,True,True,True,2,True,0.93,0.356,10,60.06,0.843,3,,1,1
MC202244688960,mcd64-cluster,A,36.19312,10.88758,36.4177,11.10318,2022-01-15,2022-05-13,2022-03-01,2022-03-29,2022,Africa,Ethiopia,Ethiopia,191.24,True,True,True,2,True,0.952,0.924,70,182.06,0.268,4,,1,1
MC202270804601,mcd64-cluster,A,-4.68921,13.80711,-4.58141,13.92838,2022-01-31,2022-05-15,2022-03-17,2022-03-31,2022,Africa,Mali,Mali,71.44,True,True,True,2,True,0.959,0.926,10,68.54,0.185,3,,1,1
MC202279431436,mcd64-cluster,A,94.30963,24.25451,94.43989,24.34434,2022-01-16,2022-05-13,2022-03-02,2022-03-29,2022,SouthAsia,Burma,Burma,67.07,True,True,True,2,True,0.936,0.577,19,62.8,0.212,1,,1,1
MC202291251135,mcd64-cluster,A,97.08992,22.5567,97.24263,22.65551,2022-01-15,2022-05-02,2022-03-01,2022-03-18,2022,SouthAsia,Burma,Burma,77.37,True,True,True,2,True,0.964,0.852,31,74.55,0.287,3,,1,1
MC202208237981,mcd64-cluster,A,97.46721,22.49831,97.88043,22.77678,2022-01-15,2022-05-12,2022-03-01,2022-03-28,2022,SouthAsia,Burma,Burma,622.08,True,True,True,2,True,0.958,0.785,243,595.71,0.286,5,,1,1
MC202274486805,mcd64-cluster,A,105.13882,10.05215,105.33196,10.27673,2022-01-16,2022-05-13,2022-03-02,2022-03-29,2022,SoutheastAsia,Vietnam,Vietnam,154.93,True,True,True,2,True,0.923,0.974,25,142.96,0.929,3,,1,1
MC202384522144,mcd64-cluster,A,-4.61285,13.98677,-4.49158,14.09906,2023-01-15,2023-05-10,2023-03-01,2023-03-26,2023,Africa,Mali,Mali,61.71,True,True,True,2,True,0.949,0.789,4,58.56,0.247,4,,1,1
MC202337015943,mcd64-cluster,A,-0.99713,13.14684,-0.85789,13.34897,2023-01-21,2023-05-10,2023-03-07,2023-03-26,2023,Africa,Burkina Faso,Burkina Faso,178.94,True,True,True,2,True,0.973,0.944,39,174.02,0.286,3,,1,1
MC202310793756,mcd64-cluster,A,-14.23381,12.93125,-14.08109,13.10193,2023-01-15,2023-04-30,2023-03-01,2023-03-16,2023,Africa,Senegal,Senegal,86.51,True,True,True,2,True,0.947,0.894,23,81.9,0.168,2,,1,1
MC202376097671,mcd64-cluster,A,-1.55858,13.50617,-1.42383,13.66338,2023-01-22,2023-05-10,2023-03-08,2023-03-26,2023,Africa,Burkina Faso,Burkina Faso,140.14,True,True,True,2,True,0.968,0.921,14,135.6,0.243,4,,1,1
MC202342900622,mcd64-cluster,A,-15.12763,13.12439,-14.98839,13.34447,2023-01-15,2023-05-14,2023-03-01,2023-03-30,2023,Africa,Senegal,Senegal,121.9,True,True,True,2,True,0.954,0.898,43,116.25,0.189,4,,1,1
MC202369000399,mcd64-cluster,A,-15.3567,13.72626,-15.23543,13.79363,2023-01-18,2023-04-25,2023-03-04,2023-03-11,2023,Africa,"Gambia, The","Gambia, The",53.3,True,True,True,2,True,0.915,0.865,8,48.76,0.203,2,,1,1
MC202364897432,mcd64-cluster,A,-15.40611,13.22769,-15.27585,13.32651,2023-01-15,2023-05-13,2023-03-01,2023-03-29,2023,Africa,Senegal,Senegal,59.97,True,True,True,2,True,0.945,0.907,24,56.69,0.381,1,,1,1
MC202355166575,mcd64-cluster,A,-2.04816,13.73524,-1.92239,13.85202,2023-01-22,2023-05-02,2023-03-08,2023-03-18,2023,Africa,Burkina Faso,Burkina Faso,94.47,True,True,True,2,True,0.953,0.91,18,89.99,0.179,1,,1,1
MC202359305264,mcd64-cluster,A,105.1523,9.89494,105.37687,10.01172,2023-01-15,2023-05-12,2023-03-01,2023-03-28,2023,SoutheastAsia,Vietnam,Vietnam,111.54,True,True,True,2,True,0.928,0.759,28,103.56,0.909,5,,1,1
MC202308842116,mcd64-cluster,A,105.14331,10.56419,105.33645,10.75733,2023-01-15,2023-05-15,2023-03-01,2023-03-31,2023,SoutheastAsia,Vietnam,Vietnam,149.52,True,True,True,2,True,0.939,0.873,18,140.39,0.945,5,,1,1
MC202343340030,mcd64-cluster,A,105.33196,10.76631,105.51162,10.90555,2023-01-15,2023-05-15,2023-03-01,2023-03-31,2023,SoutheastAsia,Vietnam,Vietnam,97.01,True,True,True,2,True,0.905,0.799,22,87.77,0.886,4,,1,1
MC202323037823,mcd64-cluster,A,105.42628,10.55071,105.61493,10.68546,2023-01-16,2023-05-15,2023-03-02,2023-03-31,2023,SoutheastAsia,Vietnam,Vietnam,129.45,True,True,True,2,True,0.932,0.794,27,120.62,0.955,5,,1,1
MC202337642725,mcd64-cluster,A,105.58798,9.56257,105.73171,9.6524,2023-01-15,2023-05-15,2023-03-01,2023-03-31,2023,SoutheastAsia,Vietnam,Vietnam,59.52,True,True,True,2,True,0.899,0.824,12,53.49,0.865,2,,1,1
MC202306223967,mcd64-cluster,A,105.52959,10.71241,105.75417,10.9819,2023-01-15,2023-05-15,2023-03-01,2023-03-31,2023,SoutheastAsia,Vietnam,Vietnam,260.89,True,True,True,2,True,0.934,0.775,70,243.56,0.952,5,,1,1
MC202426841568,mcd64-cluster,A,77.7402,22.61509,77.83902,22.73187,2024-02-08,2024-05-15,2024-03-24,2024-03-31,2024,SouthAsia,India,India,71.12,True,True,True,2,True,0.963,0.823,13,68.47,0.945,0,,0,1
MC202420791528,mcd64-cluster,A,97.4717,22.5567,97.57501,22.66,2024-01-16,2024-05-02,2024-03-01,2024-03-18,2024,SouthAsia,Burma,Burma,52.27,True,True,True,2,True,0.924,0.884,26,48.3,0.441,1,,1,1
MC202485271366,mcd64-cluster,A,100.22054,14.31465,100.3508,14.46737,2024-01-19,2024-05-15,2024-03-04,2024-03-31,2024,SoutheastAsia,Thailand,Thailand,86.26,True,True,True,2,True,0.922,0.724,8,79.49,0.913,3,,1,1
MC202413518568,mcd64-cluster,A,104.70314,10.16444,104.90526,10.36207,2024-01-19,2024-05-15,2024-03-04,2024-03-31,2024,SoutheastAsia,Vietnam,Vietnam,178.44,True,True,True,2,True,0.952,0.797,63,169.85,0.937,5,,1,1
MC202474774417,mcd64-cluster,A,104.95916,10.67199,105.12535,10.8786,2024-01-16,2024-05-15,2024-03-01,2024-03-31,2024,SoutheastAsia,Cambodia,Cambodia,140.9,True,True,True,2,True,0.902,0.865,29,127.06,0.964,5,,1,1
MC202428820947,mcd64-cluster,A,104.90526,10.04316,105.43077,10.58665,2024-01-16,2024-05-15,2024-03-01,2024-03-31,2024,SoutheastAsia,Vietnam,Vietnam,1418.44,True,True,True,2,True,0.948,0.938,409,1344.95,0.94,5,,1,1
MC202484556882,mcd64-cluster,A,105.1523,10.56419,105.35442,10.76631,2024-01-16,2024-05-15,2024-03-01,2024-03-31,2024,SoutheastAsia,Vietnam,Vietnam,178.46,True,True,True,2,True,0.95,0.935,39,169.45,0.95,5,,1,1
MC202480557350,mcd64-cluster,A,105.48916,10.55071,105.63289,10.7169,2024-01-16,2024-05-12,2024-03-01,2024-03-28,2024,SoutheastAsia,Vietnam,Vietnam,124.54,True,True,True,2,True,0.958,0.868,35,119.27,0.943,5,,1,1
MC202444054881,mcd64-cluster,A,105.53857,9.44579,105.77213,9.72875,2024-01-16,2024-05-15,2024-03-01,2024-03-31,2024,SoutheastAsia,Vietnam,Vietnam,281.87,True,True,True,2,True,0.936,0.717,60,263.85,0.86,5,,1,1
MC202448953482,mcd64-cluster,A,105.48916,10.73936,105.87993,10.99089,2024-01-16,2024-05-15,2024-03-01,2024-03-31,2024,SoutheastAsia,Vietnam,Vietnam,511.99,True,True,True,2,True,0.937,0.893,177,479.78,0.95,5,,1,1
MC202553650585,mcd64-cluster,A,37.48221,49.75768,37.73373,49.91938,2025-01-15,2025-04-22,2025-03-01,2025-03-08,2025,Europe,Ukraine,Ukraine,148.63,True,True,True,2,True,0.979,0.696,29,145.49,0.482,2,,1,1
MC202555724073,mcd64-cluster,A,37.54509,45.24365,37.79212,45.36941,2025-01-15,2025-05-03,2025-03-01,2025-03-19,2025,Europe,Russia,Russia,62.45,True,True,True,2,True,0.928,0.751,21,57.94,0.411,3,,1,1
MC202533948292,mcd64-cluster,A,38.01221,45.38738,38.18738,45.53111,2025-01-15,2025-04-28,2025-03-01,2025-03-14,2025,Europe,Russia,Russia,98.67,True,True,True,2,True,0.946,0.426,14,93.38,0.754,2,,1,1
MC202573558363,mcd64-cluster,A,38.34908,45.60298,38.52425,45.67484,2025-01-15,2025-04-24,2025-03-01,2025-03-10,2025,Europe,Russia,Russia,66.1,True,True,True,2,True,0.954,0.627,9,63.05,0.94,2,,1,1
MC202537706137,mcd64-cluster,A,18.59063,-33.79911,18.73437,-33.61047,2025-01-31,2025-05-12,2025-03-17,2025-03-28,2025,Africa,South Africa,South Africa,118.27,True,True,True,2,True,0.938,0.825,7,110.96,0.892,3,,1,1
MC202506603806,mcd64-cluster,A,18.78377,-33.52513,18.89157,-33.36343,2025-01-15,2025-05-12,2025-03-01,2025-03-28,2025,Africa,South Africa,South Africa,67.02,True,True,True,2,True,0.922,0.463,7,61.82,0.91,2,,1,1
MC202528218962,mcd64-cluster,A,30.70442,11.88022,30.78526,11.96107,2025-01-19,2025-04-27,2025-03-05,2025-03-13,2025,Africa,Sudan,Sudan,53.2,True,True,True,2,True,0.948,0.886,9,50.46,0.283,1,,1,1
MC202505134152,mcd64-cluster,A,36.26499,10.68546,36.40423,10.77978,2025-01-24,2025-05-13,2025-03-10,2025-03-29,2025,Africa,Ethiopia,Ethiopia,89.7,True,True,True,2,True,0.97,0.944,24,87.0,0.181,2,,1,1
MC202577088742,mcd64-cluster,A,-1.77417,13.4388,-1.63943,13.5421,2025-01-15,2025-05-12,2025-03-01,2025-03-28,2025,Africa,Burkina Faso,Burkina Faso,85.38,True,True,True,2,True,0.979,0.979,6,83.56,0.21,2,,1,1
MC202590080159,mcd64-cluster,A,-3.90318,12.9043,-3.82233,13.00761,2025-01-15,2025-05-14,2025-03-01,2025-03-30,2025,Africa,Burkina Faso,Burkina Faso,53.24,True,True,True,2,True,0.952,0.942,4,50.68,0.745,1,,1,1
MC202576147281,mcd64-cluster,A,96.54194,23.32026,96.66771,23.464,2025-01-16,2025-05-09,2025-03-02,2025-03-25,2025,SouthAsia,Burma,Burma,78.53,True,True,True,2,True,0.923,0.558,20,72.46,0.213,2,,1,1
MC202548520748,mcd64-cluster,A,97.24712,22.39949,97.42229,22.55221,2025-01-15,2025-05-10,2025-03-01,2025-03-26,2025,SouthAsia,Burma,Burma,127.7,True,True,True,2,True,0.921,0.279,36,117.67,0.268,5,,1,1
MC202501583336,mcd64-cluster,A,97.46721,22.14796,97.58399,22.28271,2025-01-15,2025-04-30,2025-03-01,2025-03-16,2025,SouthAsia,Burma,Burma,66.28,True,True,True,2,True,0.911,0.269,16,60.39,0.287,4,,1,1
MC202541959762,mcd64-cluster,A,97.59297,22.40847,97.75018,22.59263,2025-01-15,2025-05-15,2025-03-01,2025-03-31,2025,SouthAsia,Burma,Burma,121.44,True,True,True,2,True,0.9,0.428,46,109.34,0.28,5,,1,1
MC202503733704,mcd64-cluster,A,104.62229,10.22283,104.84238,10.398,2025-01-15,2025-05-13,2025-03-01,2025-03-29,2025,SoutheastAsia,Vietnam,Vietnam,150.68,True,True,True,2,True,0.93,0.807,36,140.19,0.926,5,,1,1
MC202515410272,mcd64-cluster,A,104.87831,9.96232,105.35442,10.663,2025-01-15,2025-05-15,2025-03-01,2025-03-31,2025,SoutheastAsia,Vietnam,Vietnam,1311.39,True,True,True,2,True,0.95,0.887,238,1245.56,0.941,5,,1,1
MC202569738072,mcd64-cluster,A,105.1478,10.67199,105.2556,10.77978,2025-01-15,2025-05-15,2025-03-01,2025-03-31,2025,SoutheastAsia,Vietnam,Vietnam,75.73,True,True,True,2,True,0.968,0.933,12,73.34,0.932,1,,1,1
MC202529986791,mcd64-cluster,A,105.53857,10.74385,105.66434,10.85614,2025-01-15,2025-05-14,2025-03-01,2025-03-30,2025,SoutheastAsia,Vietnam,Vietnam,73.75,True,True,True,2,True,0.912,0.807,14,67.26,0.935,4,,1,1
MC202519464795,mcd64-cluster,A,105.49815,9.69282,105.65984,9.82308,2025-01-15,2025-05-14,2025-03-01,2025-03-30,2025,SoutheastAsia,Vietnam,Vietnam,90.47,True,True,True,2,True,0.89,0.696,13,80.51,0.816,3,,1,1
MC202096790705,mcd64-cluster,A,36.54796,9.41434,36.66923,9.52663,2020-02-18,2020-06-08,2020-04-03,2020-04-24,2020,Africa,Ethiopia,Ethiopia,65.69,True,True,True,2,True,0.917,0.855,14,60.22,0.871,4,,1,1
MC202026150972,mcd64-cluster,A,36.64677,9.64791,36.88483,9.82308,2020-02-16,2020-06-14,2020-04-01,2020-04-30,2020,Africa,Ethiopia,Ethiopia,126.12,True,True,True,2,True,0.936,0.823,30,118.0,0.798,5,,1,1
MC202040759241,mcd64-cluster,A,-4.73861,13.72626,-4.59937,13.93287,2020-02-18,2020-06-14,2020-04-03,2020-04-30,2020,Africa,Mali,Mali,167.37,True,True,True,2,True,0.973,0.925,55,162.89,0.471,5,,1,1
MC202039394795,mcd64-cluster,A,77.22816,22.5567,77.36291,22.72289,2020-02-16,2020-05-24,2020-04-01,2020-04-09,2020,SouthAsia,India,India,80.12,True,True,True,2,True,0.938,0.79,23,75.12,0.922,4,,1,1
MC202054437577,mcd64-cluster,A,77.53359,22.45339,77.65037,22.6061,2020-02-20,2020-05-29,2020-04-05,2020-04-14,2020,SouthAsia,India,India,89.4,True,True,True,2,True,0.918,0.714,39,82.08,0.973,4,,1,1
MC202068633260,mcd64-cluster,A,77.66385,23.70205,77.81207,23.79188,2020-03-02,2020-06-14,2020-04-16,2020-04-30,2020,SouthAsia,India,India,65.76,True,True,True,2,True,0.89,0.434,10,58.51,0.969,2,,1,1
MC202077100271,mcd64-cluster,A,77.93783,22.79475,78.18936,22.96992,2020-02-25,2020-06-07,2020-04-10,2020-04-23,2020,SouthAsia,India,India,179.49,True,True,True,2,True,0.943,0.748,68,169.32,0.991,5,,1,1
MC202060327472,mcd64-cluster,A,83.80832,25.00461,83.93409,25.14384,2020-03-04,2020-06-14,2020-04-18,2020-04-30,2020,SouthAsia,India,India,76.13,True,True,True,2,True,0.95,0.617,7,72.35,0.972,3,,1,1
MC202055685286,mcd64-cluster,A,123.83725,46.47883,123.93607,46.6046,2020-02-18,2020-05-25,2020-04-03,2020-04-10,2020,EastAsia,China,China,57.82,True,True,True,2,True,0.909,0.638,6,52.59,0.953,0,,0,1
MC202090342978,mcd64-cluster,A,123.972,48.43716,124.21005,48.54496,2020-02-16,2020-05-26,2020-04-01,2020-04-11,2020,EastAsia,China,China,100.51,True,True,True,2,True,0.92,0.645,24,92.49,0.937,2,,1,1
MC202081199136,mcd64-cluster,A,124.26844,45.5356,124.43014,45.65687,2020-02-18,2020-05-30,2020-04-03,2020-04-15,2020,EastAsia,China,China,62.14,True,True,True,2,True,0.89,0.394,4,55.33,0.816,1,,1,1
MC202095207291,mcd64-cluster,A,124.34031,45.05051,124.44811,45.18077,2020-02-16,2020-05-25,2020-04-01,2020-04-10,2020,EastAsia,China,China,52.63,True,True,True,2,True,0.911,0.274,3,47.97,0.656,2,,1,1
MC202083013063,mcd64-cluster,A,124.46158,45.29306,124.6143,45.41882,2020-02-16,2020-05-25,2020-04-01,2020-04-10,2020,EastAsia,China,China,72.04,True,True,True,2,True,0.904,0.805,19,65.12,0.672,2,,1,1
MC202028068583,mcd64-cluster,A,124.67718,45.53111,124.84786,45.67933,2020-02-17,2020-06-08,2020-04-02,2020-04-24,2020,EastAsia,China,China,66.66,True,True,True,2,True,0.858,0.469,11,57.2,0.41,4,,1,1
MC202027113727,mcd64-cluster,A,124.90625,49.35793,125.08142,49.4837,2020-02-16,2020-05-26,2020-04-01,2020-04-11,2020,EastAsia,China,China,80.97,True,True,True,2,True,0.914,0.579,12,74.04,0.939,3,,1,1
MC202042818391,mcd64-cluster,A,124.98261,44.46661,125.11286,44.58339,2020-02-18,2020-05-27,2020-04-03,2020-04-12,2020,EastAsia,China,China,50.33,True,True,True,2,True,0.878,0.436,8,44.19,0.931,2,,1,1
MC202162930029,mcd64-cluster,A,-4.73861,13.71278,-4.57692,13.90143,2021-02-15,2021-06-06,2021-04-01,2021-04-22,2021,Africa,Mali,Mali,111.18,True,True,True,2,True,0.96,0.918,29,106.76,0.511,5,,1,1
MC202110114102,mcd64-cluster,A,77.78063,22.59263,77.96928,22.66449,2021-02-15,2021-05-21,2021-04-01,2021-04-06,2021,SouthAsia,India,India,61.24,True,True,True,2,True,0.949,0.816,14,58.13,0.953,3,,1,1
MC202101752983,mcd64-cluster,A,78.15343,25.82656,78.31513,26.00623,2021-03-05,2021-06-14,2021-04-19,2021-04-30,2021,SouthAsia,India,India,106.8,True,True,True,2,True,0.93,0.774,27,99.28,0.976,5,,1,1
MC202196499896,mcd64-cluster,A,77.78512,22.63755,78.53971,23.0373,2021-02-15,2021-05-27,2021-04-01,2021-04-12,2021,SouthAsia,India,India,1487.38,True,True,True,2,True,0.967,0.818,351,1438.23,0.969,5,,1,1
MC202147803986,mcd64-cluster,A,79.71201,22.25127,79.99947,22.44441,2021-02-26,2021-06-13,2021-04-12,2021-04-29,2021,SouthAsia,India,India,182.48,True,True,True,2,True,0.917,0.536,40,167.25,0.942,5,,1,1
MC202149075961,mcd64-cluster,A,80.57888,24.57341,80.73159,24.66325,2021-02-27,2021-06-14,2021-04-13,2021-04-30,2021,SouthAsia,India,India,63.27,True,True,True,2,True,0.915,0.696,16,57.88,0.973,2,,1,1
MC202126411550,mcd64-cluster,A,82.4878,27.07522,82.85162,27.40311,2021-02-23,2021-06-12,2021-04-09,2021-04-28,2021,SouthAsia,India,India,619.77,True,True,True,2,True,0.939,0.804,129,581.68,0.926,5,,1,1
MC202178453169,mcd64-cluster,A,82.82916,26.82369,82.99984,26.95844,2021-02-26,2021-06-08,2021-04-12,2021-04-24,2021,SouthAsia,India,India,117.03,True,True,True,2,True,0.933,0.568,18,109.19,0.922,4,,1,1
MC202186137022,mcd64-cluster,A,82.7528,27.04378,82.99535,27.18751,2021-02-24,2021-06-11,2021-04-10,2021-04-27,2021,SouthAsia,India,India,154.54,True,True,True,2,True,0.946,0.793,30,146.21,0.932,5,,1,1
MC202152749186,mcd64-cluster,A,124.31785,44.07135,124.78048,44.25999,2021-02-15,2021-05-25,2021-04-01,2021-04-10,2021,EastAsia,China,China,237.78,True,True,True,2,True,0.905,0.76,57,215.19,0.945,5,,1,1
MC202108288603,mcd64-cluster,A,124.94667,44.24652,125.1443,44.37228,2021-02-16,2021-06-10,2021-04-02,2021-04-26,2021,EastAsia,China,China,79.43,True,True,True,2,True,0.886,0.578,12,70.37,0.95,4,,1,1
MC202160260412,mcd64-cluster,A,125.041,44.66873,125.35541,44.76305,2021-02-16,2021-06-04,2021-04-02,2021-04-20,2021,EastAsia,China,China,100.34,True,True,True,2,True,0.874,0.458,29,87.66,0.933,5,,1,1
MC202199813456,mcd64-cluster,A,124.9332,45.22568,125.27456,45.40085,2021-02-15,2021-05-29,2021-04-01,2021-04-14,2021,EastAsia,China,China,207.34,True,True,True,2,True,0.954,0.87,44,197.73,0.963,5,,1,1
MC202180994515,mcd64-cluster,A,125.0904,44.30042,125.57999,44.67322,2021-02-15,2021-06-07,2021-04-01,2021-04-23,2021,EastAsia,China,China,468.79,True,True,True,2,True,0.907,0.696,160,424.98,0.939,5,,1,1
MC202110163696,mcd64-cluster,A,125.17125,43.2988,125.37786,43.46049,2021-02-15,2021-06-03,2021-04-01,2021-04-19,2021,EastAsia,China,China,108.58,True,True,True,2,True,0.927,0.275,20,100.65,0.922,5,,1,1
MC202181038578,mcd64-cluster,A,125.306,45.6434,125.96177,46.09256,2021-02-15,2021-06-07,2021-04-01,2021-04-23,2021,EastAsia,China,China,742.39,True,True,True,2,True,0.926,0.802,174,687.62,0.928,5,,1,1
MC202126929487,mcd64-cluster,A,125.35541,44.64627,125.66533,44.81695,2021-02-15,2021-06-07,2021-04-01,2021-04-23,2021,EastAsia,China,China,131.88,True,True,True,2,True,0.9,0.661,56,118.67,0.949,5,,1,1
MC202262977396,mcd64-cluster,A,75.6112,23.01035,75.7684,23.12713,2022-02-23,2022-06-14,2022-04-09,2022-04-30,2022,SouthAsia,India,India,96.62,True,True,True,2,True,0.903,0.309,5,87.27,0.977,4,,1,1
MC202206490824,mcd64-cluster,A,75.77289,29.7522,75.984,29.84203,2022-03-09,2022-06-13,2022-04-23,2022-04-29,2022,SouthAsia,India,India,101.09,True,True,True,2,True,0.921,0.655,10,93.13,0.947,0,,0,1
MC202273744160,mcd64-cluster,A,75.84925,23.01035,76.07383,23.11365,2022-02-18,2022-06-13,2022-04-04,2022-04-29,2022,SouthAsia,India,India,76.19,True,True,True,2,True,0.896,0.313,6,68.28,0.969,4,,1,1
MC202224101958,mcd64-cluster,A,76.43765,29.02906,76.55892,29.16381,2022-02-24,2022-06-14,2022-04-10,2022-04-30,2022,SouthAsia,India,India,62.55,True,True,True,2,True,0.956,0.599,11,59.78,0.954,2,,1,1
MC202226246523,mcd64-cluster,A,76.68019,25.48071,76.78799,25.59749,2022-02-23,2022-06-09,2022-04-09,2022-04-25,2022,SouthAsia,India,India,65.5,True,True,True,2,True,0.939,0.788,11,61.5,0.97,2,,1,1
MC202241023524,mcd64-cluster,A,76.92274,25.02706,77.02155,25.14834,2022-02-25,2022-06-14,2022-04-11,2022-04-30,2022,SouthAsia,India,India,54.67,True,True,True,2,True,0.938,0.774,13,51.28,0.952,2,,1,1
MC202202200511,mcd64-cluster,A,77.41681,22.95196,77.72673,23.12264,2022-02-19,2022-06-13,2022-04-05,2022-04-29,2022,SouthAsia,India,India,170.32,True,True,True,2,True,0.934,0.786,40,159.01,0.961,5,,1,1
MC202278311008,mcd64-cluster,A,77.41232,22.37703,77.96928,22.75433,2022-02-15,2022-05-28,2022-04-01,2022-04-13,2022,SouthAsia,India,India,720.05,True,True,True,2,True,0.973,0.885,203,700.48,0.942,5,,1,1
MC202202164341,mcd64-cluster,A,124.74455,45.26611,124.97362,45.40535,2022-02-28,2022-06-12,2022-04-14,2022-04-28,2022,EastAsia,China,China,75.38,True,True,True,2,True,0.892,0.641,17,67.23,0.957,5,,1,1
MC202235391569,mcd64-cluster,A,125.57999,44.12525,125.75516,44.21059,2022-02-15,2022-06-14,2022-04-01,2022-04-30,2022,EastAsia,China,China,58.15,True,True,True,2,True,0.902,0.447,19,52.42,0.946,2,,1,1
MC202264632685,mcd64-cluster,A,125.60244,44.8439,126.01118,45.06399,2022-02-28,2022-06-13,2022-04-14,2022-04-29,2022,EastAsia,China,China,268.65,True,True,True,2,True,0.956,0.489,26,256.96,0.947,5,,1,1
MC202259516357,mcd64-cluster,A,125.79109,44.65525,126.10999,44.78102,2022-02-27,2022-06-11,2022-04-13,2022-04-27,2022,EastAsia,China,China,171.41,True,True,True,2,True,0.929,0.635,23,159.23,0.908,5,,1,1
MC202280239290,mcd64-cluster,A,126.25372,44.59237,126.39745,44.70017,2022-02-15,2022-06-13,2022-04-01,2022-04-29,2022,EastAsia,China,China,60.17,True,True,True,2,True,0.906,0.61,5,54.49,0.85,2,,1,1
MC202217587069,mcd64-cluster,A,126.13694,43.92313,126.40194,44.10279,2022-02-25,2022-06-14,2022-04-11,2022-04-30,2022,EastAsia,China,China,120.74,True,True,True,2,True,0.918,0.224,23,110.83,0.956,5,,1,1
MC202210465906,mcd64-cluster,A,126.33008,44.27796,126.48728,44.4172,2022-02-26,2022-06-14,2022-04-12,2022-04-30,2022,EastAsia,China,China,81.51,True,True,True,2,True,0.931,0.236,19,75.85,0.939,4,,1,1
MC202238209860,mcd64-cluster,A,126.09652,44.88881,126.63551,45.14034,2022-02-15,2022-06-13,2022-04-01,2022-04-29,2022,EastAsia,China,China,519.79,True,True,True,2,True,0.925,0.738,127,480.64,0.934,5,,1,1
MC202322460051,mcd64-cluster,A,77.49766,22.57466,77.73122,22.71839,2023-02-15,2023-05-21,2023-04-01,2023-04-06,2023,SouthAsia,India,India,152.62,True,True,True,2,True,0.951,0.668,27,145.14,0.956,5,,1,1
MC202365764007,mcd64-cluster,A,78.07258,22.72289,78.19835,22.78128,2023-02-21,2023-05-26,2023-04-07,2023-04-11,2023,SouthAsia,India,India,54.98,True,True,True,2,True,0.9,0.613,8,49.46,0.975,2,,1,1
MC202374529910,mcd64-cluster,A,78.22529,22.91602,78.40047,23.0328,2023-02-21,2023-05-29,2023-04-07,2023-04-14,2023,SouthAsia,India,India,84.06,True,True,True,2,True,0.926,0.499,14,77.8,0.981,5,,1,1
MC202300991638,mcd64-cluster,A,82.5956,27.20997,82.82916,27.39412,2023-02-17,2023-06-03,2023-04-03,2023-04-19,2023,SouthAsia,India,India,245.6,True,True,True,2,True,0.952,0.486,29,233.79,0.938,5,,1,1
MC202313670578,mcd64-cluster,A,82.7034,27.00336,83.10315,27.20099,2023-02-23,2023-06-05,2023-04-09,2023-04-21,2023,SouthAsia,India,India,268.91,True,True,True,2,True,0.94,0.437,39,252.76,0.926,5,,1,1
MC202376448921,mcd64-cluster,A,83.03577,27.33124,83.17501,27.43006,2023-02-15,2023-06-05,2023-04-01,2023-04-21,2023,SouthAsia,India,India,53.38,True,True,True,2,True,0.913,0.215,10,48.73,0.904,3,,1,1
MC202376009125,mcd64-cluster,A,83.21993,27.10666,83.48044,27.38514,2023-02-15,2023-06-05,2023-04-01,2023-04-21,2023,SouthAsia,India,India,290.45,True,True,True,2,True,0.964,0.572,36,280.03,0.917,5,,1,1
MC202302034338,mcd64-cluster,A,83.47595,26.91353,83.66459,27.04378,2023-02-27,2023-06-11,2023-04-13,2023-04-27,2023,SouthAsia,India,India,113.14,True,True,True,2,True,0.936,0.423,10,105.86,0.93,5,,1,1
MC202321391169,mcd64-cluster,A,123.04224,47.33672,123.23538,47.47596,2023-02-15,2023-05-21,2023-04-01,2023-04-06,2023,EastAsia,China,China,97.57,True,True,True,2,True,0.938,0.753,16,91.53,0.909,0,,0,1
MC202330368173,mcd64-cluster,A,123.23987,46.44739,123.37013,46.52824,2023-02-15,2023-05-23,2023-04-01,2023-04-08,2023,EastAsia,China,China,61.66,True,True,True,2,True,0.944,0.4,3,58.22,0.9,0,,0,1
MC202341964805,mcd64-cluster,A,123.5992,46.48332,123.79683,46.61807,2023-02-15,2023-05-26,2023-04-01,2023-04-11,2023,EastAsia,China,China,93.32,True,True,True,2,True,0.899,0.688,25,83.93,0.886,0,,0,1
MC202338017504,mcd64-cluster,A,124.46607,47.46249,124.65023,47.6152,2023-02-15,2023-05-26,2023-04-01,2023-04-11,2023,EastAsia,China,China,73.25,True,True,True,2,True,0.855,0.438,3,62.6,0.917,0,,0,1
MC202364367139,mcd64-cluster,A,124.56489,45.25263,124.70413,45.35594,2023-02-15,2023-05-28,2023-04-01,2023-04-13,2023,EastAsia,China,China,59.83,True,True,True,2,True,0.922,0.49,5,55.18,0.924,1,,1,1
MC202380338487,mcd64-cluster,A,124.73557,45.9623,124.87481,46.04764,2023-02-17,2023-05-23,2023-04-03,2023-04-08,2023,EastAsia,China,China,51.11,True,True,True,2,True,0.923,0.396,3,47.17,0.903,1,,1,1
MC202305884556,mcd64-cluster,A,125.58448,44.13872,125.82253,44.25999,2023-02-15,2023-05-30,2023-04-01,2023-04-15,2023,EastAsia,China,China,111.6,True,True,True,2,True,0.917,0.575,33,102.3,0.935,5,,1,1
MC202357387263,mcd64-cluster,A,125.69677,44.6822,125.97524,44.8439,2023-02-15,2023-05-23,2023-04-01,2023-04-08,2023,EastAsia,China,China,142.61,True,True,True,2,True,0.922,0.648,19,131.45,0.906,5,,1,1
MC202447229523,mcd64-cluster,A,77.55156,23.01035,77.68631,23.08221,2024-02-26,2024-06-06,2024-04-11,2024-04-22,2024,SouthAsia,India,India,61.52,True,True,True,2,True,0.893,0.569,10,54.92,0.979,2,,1,1
MC202486482031,mcd64-cluster,A,77.59198,23.50442,77.71326,23.60323,2024-02-23,2024-06-14,2024-04-08,2024-04-30,2024,SouthAsia,India,India,58.08,True,True,True,2,True,0.909,0.439,4,52.82,0.961,1,,1,1
MC202466955803,mcd64-cluster,A,78.08156,22.83967,78.21631,22.96094,2024-02-23,2024-05-30,2024-04-08,2024-04-15,2024,SouthAsia,India,India,111.67,True,True,True,2,True,0.955,0.841,14,106.67,0.957,3,,1,1
MC202416019819,mcd64-cluster,A,79.89616,28.93474,80.01294,29.02906,2024-02-29,2024-06-14,2024-04-14,2024-04-30,2024,SouthAsia,India,India,50.62,True,True,True,2,True,0.889,0.582,5,45.01,0.925,1,,1,1
MC202447031475,mcd64-cluster,A,82.4878,27.03929,82.99984,27.43904,2024-02-22,2024-06-14,2024-04-07,2024-04-30,2024,SouthAsia,India,India,1037.43,True,True,True,2,True,0.956,0.893,306,991.4,0.918,5,,1,1
MC202414481567,mcd64-cluster,A,82.83365,26.82369,83.00433,26.99437,2024-02-27,2024-06-10,2024-04-12,2024-04-26,2024,SouthAsia,India,India,122.57,True,True,True,2,True,0.926,0.771,37,113.56,0.925,5,,1,1
MC202497390438,mcd64-cluster,A,83.00433,27.29082,83.21544,27.50192,2024-02-25,2024-06-14,2024-04-10,2024-04-30,2024,SouthAsia,India,India,179.82,True,True,True,2,True,0.946,0.785,31,170.08,0.912,5,,1,1
MC202486301723,mcd64-cluster,A,83.29179,26.5542,83.41756,26.67098,2024-02-29,2024-06-13,2024-04-14,2024-04-29,2024,SouthAsia,India,India,51.74,True,True,True,2,True,0.923,0.697,20,47.78,0.989,3,,1,1
MC202400032285,mcd64-cluster,A,123.0153,46.34858,123.30725,46.49231,2024-02-16,2024-05-26,2024-04-01,2024-04-11,2024,EastAsia,China,China,152.7,True,True,True,2,True,0.89,0.589,27,135.98,0.949,0,,0,1
MC202401242095,mcd64-cluster,A,123.9181,47.55681,124.07531,47.68258,2024-02-16,2024-06-14,2024-04-01,2024-04-30,2024,EastAsia,China,China,65.07,True,True,True,2,True,0.887,0.84,21,57.72,0.827,0,,0,1
MC202481971064,mcd64-cluster,A,124.16963,43.87372,124.2909,43.9905,2024-02-17,2024-05-23,2024-04-02,2024-04-08,2024,EastAsia,China,China,50.48,True,True,True,2,True,0.883,0.67,12,44.55,0.943,1,,1,1
MC202416964985,mcd64-cluster,A,124.31785,48.11377,124.41218,48.22156,2024-02-16,2024-06-11,2024-04-01,2024-04-27,2024,EastAsia,China,China,51.41,True,True,True,2,True,0.909,0.723,14,46.75,0.954,0,,0,1
MC202421450216,mcd64-cluster,A,124.33582,49.30853,124.51997,49.4298,2024-02-16,2024-06-14,2024-04-01,2024-04-30,2024,EastAsia,China,China,57.68,True,True,True,2,True,0.873,0.742,21,50.37,0.985,0,,0,1
MC202415418409,mcd64-cluster,A,124.56938,44.08033,124.75354,44.1522,2024-02-16,2024-06-13,2024-04-01,2024-04-29,2024,EastAsia,China,China,53.72,True,True,True,2,True,0.894,0.403,18,48.04,0.946,0,,0,1
MC202415751472,mcd64-cluster,A,124.6098,48.24402,124.8254,48.3608,2024-02-18,2024-06-14,2024-04-03,2024-04-30,2024,EastAsia,China,China,96.59,True,True,True,2,True,0.886,0.512,13,85.6,0.958,0,,0,1
MC202463183099,mcd64-cluster,A,124.91074,47.81732,125.05896,47.97902,2024-02-16,2024-06-14,2024-04-01,2024-04-30,2024,EastAsia,China,China,66.89,True,True,True,2,True,0.889,0.636,7,59.45,0.939,0,,0,1
MC202529984274,mcd64-cluster,A,76.06485,23.0867,76.15019,23.23043,2025-02-15,2025-06-04,2025-04-01,2025-04-20,2025,SouthAsia,India,India,55.73,True,True,True,2,True,0.902,0.788,8,50.28,0.983,2,,1,1
MC202557974213,mcd64-cluster,A,76.58587,25.76817,76.70265,25.88046,2025-02-28,2025-06-10,2025-04-14,2025-04-26,2025,SouthAsia,India,India,71.63,True,True,True,2,True,0.93,0.952,22,66.63,0.994,3,,1,1
MC202583405721,mcd64-cluster,A,76.64875,25.48071,76.77452,25.61546,2025-02-15,2025-06-12,2025-04-01,2025-04-28,2025,SouthAsia,India,India,106.9,True,True,True,2,True,0.943,0.96,38,100.77,0.982,3,,1,1
MC202561830387,mcd64-cluster,A,76.92274,25.02706,77.07545,25.17978,2025-02-21,2025-06-09,2025-04-07,2025-04-25,2025,SouthAsia,India,India,116.56,True,True,True,2,True,0.939,0.919,22,109.44,0.958,5,,1,1
MC202505726734,mcd64-cluster,A,77.45274,23.00136,77.66385,23.10467,2025-02-21,2025-06-06,2025-04-07,2025-04-22,2025,SouthAsia,India,India,81.25,True,True,True,2,True,0.926,0.813,16,75.23,0.986,3,,1,1
MC202584080977,mcd64-cluster,A,77.7941,22.65102,78.04114,22.85763,2025-02-15,2025-05-24,2025-04-01,2025-04-09,2025,SouthAsia,India,India,171.36,True,True,True,2,True,0.946,0.949,25,162.1,0.968,5,,1,1
MC202592234488,mcd64-cluster,A,77.71326,23.71552,77.88843,23.88171,2025-02-25,2025-06-08,2025-04-11,2025-04-24,2025,SouthAsia,India,India,80.32,True,True,True,2,True,0.898,0.927,14,72.11,0.966,5,,1,1
MC202572441506,mcd64-cluster,A,78.07707,25.86699,78.18038,25.98377,2025-03-10,2025-06-11,2025-04-24,2025-04-27,2025,SouthAsia,India,India,59.89,True,True,True,2,True,0.946,0.889,8,56.64,0.989,1,,1,1
MC202580950185,mcd64-cluster,A,125.44075,45.19873,125.59346,45.29755,2025-02-26,2025-06-13,2025-04-12,2025-04-29,2025,EastAsia,China,China,56.91,True,True,True,2,True,0.896,0.299,16,50.98,0.949,2,,1,1
MC202506691879,mcd64-cluster,A,125.37337,45.65238,125.61592,45.86349,2025-02-17,2025-06-12,2025-04-03,2025-04-28,2025,EastAsia,China,China,140.26,True,True,True,2,True,0.895,0.582,17,125.6,0.929,5,,1,1
MC202515598792,mcd64-cluster,A,125.49465,46.1779,125.68778,46.2812,2025-02-26,2025-06-12,2025-04-12,2025-04-28,2025,EastAsia,China,China,59.7,True,True,True,2,True,0.884,0.884,17,52.75,0.903,0,,0,1
MC202508618189,mcd64-cluster,A,125.76414,46.7079,125.95728,46.80223,2025-02-16,2025-06-14,2025-04-02,2025-04-30,2025,EastAsia,China,China,65.28,True,True,True,2,True,0.886,0.613,9,57.85,0.945,2,,1,1
MC202502110703,mcd64-cluster,A,125.82253,44.50703,126.01567,44.66424,2025-02-15,2025-06-07,2025-04-01,2025-04-23,2025,EastAsia,China,China,101.09,True,True,True,2,True,0.884,0.85,42,89.36,0.925,4,,1,1
MC202538892222,mcd64-cluster,A,125.98872,45.90391,126.23576,46.04315,2025-02-20,2025-06-14,2025-04-06,2025-04-30,2025,EastAsia,China,China,88.07,True,True,True,2,True,0.874,0.394,9,76.93,0.879,5,,1,1
MC202590296208,mcd64-cluster,A,126.04711,47.26935,126.21779,47.36367,2025-03-09,2025-06-14,2025-04-23,2025-04-30,2025,EastAsia,China,China,51.24,True,True,True,2,True,0.922,0.652,6,47.22,0.967,2,,1,1
MC202571184754,mcd64-cluster,A,126.23126,46.15993,126.46483,46.24527,2025-02-20,2025-06-14,2025-04-06,2025-04-30,2025,EastAsia,China,China,66.64,True,True,True,2,True,0.899,0.448,12,59.9,0.875,3,,1,1
MC202069126201,mcd64-cluster,A,75.48094,25.28758,75.63366,25.42232,2020-03-17,2020-06-26,2020-05-01,2020-05-12,2020,SouthAsia,India,India,60.86,True,True,True,2,True,0.901,0.657,5,54.83,0.974,4,,1,1
MC202076571657,mcd64-cluster,A,75.52586,31.65214,75.63366,31.78239,2020-03-19,2020-07-05,2020-05-03,2020-05-21,2020,SouthAsia,India,India,57.29,True,True,True,2,True,0.894,0.83,19,51.24,0.935,2,,1,1
MC202080458811,mcd64-cluster,A,75.96154,25.04503,76.07383,25.18876,2020-03-17,2020-07-03,2020-05-01,2020-05-19,2020,SouthAsia,India,India,65.73,True,True,True,2,True,0.915,0.852,12,60.14,0.97,3,,1,1
MC202024781275,mcd64-cluster,A,75.78188,25.33249,76.26697,25.593,2020-03-17,2020-07-01,2020-05-01,2020-05-17,2020,SouthAsia,India,India,295.05,True,True,True,2,True,0.962,0.901,56,283.79,0.978,5,,1,1
MC202085075035,mcd64-cluster,A,76.30739,25.14834,76.54095,25.34597,2020-03-17,2020-07-03,2020-05-01,2020-05-19,2020,SouthAsia,India,India,160.16,True,True,True,2,True,0.951,0.849,23,152.38,0.964,5,,1,1
MC202066003713,mcd64-cluster,A,76.50502,25.63343,76.6218,25.72775,2020-03-17,2020-06-25,2020-05-01,2020-05-11,2020,SouthAsia,India,India,63.62,True,True,True,2,True,0.926,0.854,9,58.9,0.98,1,,1,1
MC202083324379,mcd64-cluster,A,77.55156,23.11365,77.69978,23.20798,2020-03-18,2020-07-03,2020-05-02,2020-05-19,2020,SouthAsia,India,India,52.98,True,True,True,2,True,0.935,0.628,8,49.54,0.89,3,,1,1
MC202077701202,mcd64-cluster,A,78.0097,25.83555,78.31513,26.01521,2020-03-17,2020-06-30,2020-05-01,2020-05-16,2020,SouthAsia,India,India,256.86,True,True,True,2,True,0.926,0.743,40,237.9,0.979,5,,1,1
MC202201522305,mcd64-cluster,A,74.97789,31.87223,75.25187,32.07435,2022-03-17,2022-06-23,2022-05-01,2022-05-09,2022,SouthAsia,India,India,134.98,True,True,True,2,True,0.934,0.967,37,126.04,0.963,5,,1,1
MC202295923890,mcd64-cluster,A,75.21594,31.71502,75.37314,31.79587,2022-03-17,2022-06-22,2022-05-01,2022-05-08,2022,SouthAsia,India,India,53.24,True,True,True,2,True,0.958,0.95,15,51.01,0.954,2,,1,1
MC202215980968,mcd64-cluster,A,80.60583,16.30442,80.70914,16.38527,2022-03-22,2022-07-08,2022-05-06,2022-05-24,2022,SouthAsia,India,India,51.7,True,True,True,2,True,0.938,0.478,5,48.47,0.951,1,,1,1
MC202214467212,mcd64-cluster,A,125.07693,49.21869,125.2521,49.42531,2022-03-17,2022-07-03,2022-05-01,2022-05-19,2022,EastAsia,China,China,147.81,True,True,True,2,True,0.946,0.739,37,139.76,0.914,0,,0,1
MC202222820726,mcd64-cluster,A,125.44973,48.06885,125.62041,48.19012,2022-03-24,2022-06-29,2022-05-08,2022-05-15,2022,EastAsia,China,China,63.1,True,True,True,2,True,0.886,0.689,11,55.9,0.918,0,,0,1
MC202277593677,mcd64-cluster,A,125.81355,48.09131,126.02016,48.23504,2022-03-24,2022-06-29,2022-05-08,2022-05-15,2022,EastAsia,China,China,97.33,True,True,True,2,True,0.91,0.356,9,88.6,0.891,0,,0,1
MC202294901684,mcd64-cluster,A,125.9977,47.90715,126.18186,48.01046,2022-03-19,2022-06-29,2022-05-03,2022-05-15,2022,EastAsia,China,China,74.16,True,True,True,2,True,0.917,0.551,18,67.98,0.944,0,,0,1
MC202231043545,mcd64-cluster,A,125.97974,46.31714,126.28965,46.45637,2022-03-17,2022-06-30,2022-05-01,2022-05-16,2022,EastAsia,China,China,140.75,True,True,True,2,True,0.892,0.634,19,125.56,0.923,5,,1,1
MC202220750443,mcd64-cluster,A,126.04262,45.2706,126.28067,45.36492,2022-03-17,2022-07-02,2022-05-01,2022-05-18,2022,EastAsia,China,China,102.95,True,True,True,2,True,0.925,0.774,19,95.24,0.95,4,,1,1
MC202299449904,mcd64-cluster,A,126.27169,47.76792,126.44686,47.85326,2022-03-21,2022-06-29,2022-05-05,2022-05-15,2022,EastAsia,China,China,51.43,True,True,True,2,True,0.866,0.408,3,44.56,0.95,0,,0,1
MC202212807687,mcd64-cluster,A,126.18635,48.0958,126.55915,48.23504,2022-03-18,2022-06-29,2022-05-02,2022-05-15,2022,EastAsia,China,China,119.97,True,True,True,2,True,0.89,0.587,14,106.83,0.923,0,,0,1
MC202382333493,mcd64-cluster,A,114.8541,33.09394,115.04724,33.24216,2023-04-07,2023-07-14,2023-05-22,2023-05-30,2023,EastAsia,China,China,135.11,True,True,True,2,True,0.945,0.737,24,127.7,0.892,5,,1,1
MC202341082030,mcd64-cluster,A,129.15977,49.40285,129.33045,49.51963,2023-03-17,2023-06-22,2023-05-01,2023-05-08,2023,EastAsia,Russia,Russia,62.58,True,True,True,2,True,0.858,0.845,22,53.67,0.236,0,,0,1
MC202488859846,mcd64-cluster,A,16.63231,-11.7859,16.8479,-11.57479,2024-03-27,2024-07-15,2024-05-11,2024-05-31,2024,Africa,Angola,Angola,132.89,True,True,True,2,True,0.882,0.668,51,117.2,0.176,3,,1,1
MC202485679878,mcd64-cluster,A,26.96293,-11.10318,27.09768,-11.01784,2024-03-17,2024-07-13,2024-05-01,2024-05-29,2024,Africa,Dem Rep of the Congo,Dem Rep of the Congo,59.73,True,True,True,2,True,0.947,0.689,20,56.55,0.459,1,,1,1
MC202486133978,mcd64-cluster,A,33.12987,11.5703,33.28707,11.732,2024-03-17,2024-07-14,2024-05-01,2024-05-30,2024,Africa,Sudan,Sudan,115.31,True,True,True,2,True,0.943,0.654,7,108.71,0.463,5,,1,1
MC202415354230,mcd64-cluster,A,43.96804,33.68682,44.11626,33.9114,2024-03-18,2024-06-21,2024-05-02,2024-05-07,2024,Africa,Iraq,Iraq,150.5,True,True,True,2,True,0.935,0.299,10,140.76,0.541,5,,1,1
MC202483602507,mcd64-cluster,A,-4.55446,14.53474,-4.42869,14.74135,2024-04-07,2024-07-15,2024-05-22,2024-05-31,2024,Africa,Mali,Mali,124.05,True,True,True,2,True,0.948,0.96,27,117.66,0.155,0,,0,1
MC202473266732,mcd64-cluster,A,76.33434,28.85838,76.56341,29.03355,2024-03-18,2024-06-28,2024-05-02,2024-05-14,2024,SouthAsia,India,India,101.48,True,True,True,2,True,0.954,0.877,15,96.85,0.986,5,,1,1
MC202485824430,mcd64-cluster,A,76.44663,28.5799,76.69816,28.79999,2024-03-17,2024-06-28,2024-05-01,2024-05-14,2024,SouthAsia,India,India,229.07,True,True,True,2,True,0.946,0.899,53,216.66,0.952,5,,1,1
MC202478008976,mcd64-cluster,A,78.21182,25.84902,78.31962,25.95682,2024-03-17,2024-06-23,2024-05-01,2024-05-09,2024,SouthAsia,India,India,54.3,True,True,True,2,True,0.942,0.858,10,51.16,0.97,3,,1,1
MC202444299499,mcd64-cluster,A,125.28354,47.63317,125.57999,47.723,2024-03-17,2024-06-19,2024-05-01,2024-05-05,2024,EastAsia,China,China,84.65,True,True,True,2,True,0.885,0.271,3,74.95,0.954,0,,0,1
MC202469602459,mcd64-cluster,A,125.52609,48.25301,125.72372,48.34733,2024-03-17,2024-06-23,2024-05-01,2024-05-09,2024,EastAsia,China,China,61.73,True,True,True,2,True,0.892,0.571,6,55.05,0.938,0,,0,1
MC202476388485,mcd64-cluster,A,126.17736,48.10478,126.30762,48.27995,2024-03-17,2024-06-21,2024-05-01,2024-05-07,2024,EastAsia,China,China,54.2,True,True,True,2,True,0.883,0.432,3,47.84,0.914,0,,0,1
MC202493259974,mcd64-cluster,A,126.39296,48.51352,126.71635,48.63479,2024-03-17,2024-07-09,2024-05-01,2024-05-25,2024,EastAsia,China,China,133.35,True,True,True,2,True,0.91,0.461,18,121.34,0.896,0,,0,1
MC202491985411,mcd64-cluster,A,126.79271,48.16767,127.00381,48.26199,2024-03-17,2024-06-21,2024-05-01,2024-05-07,2024,EastAsia,China,China,59.68,True,True,True,2,True,0.883,0.548,4,52.7,0.878,0,,0,1
MC202488254119,mcd64-cluster,A,126.49178,47.26935,127.1206,47.56579,2024-03-17,2024-07-10,2024-05-01,2024-05-26,2024,EastAsia,China,China,379.84,True,True,True,2,True,0.893,0.66,137,339.02,0.936,5,,1,1
MC202484664413,mcd64-cluster,A,127.10263,47.16155,127.27331,47.26037,2024-03-17,2024-06-30,2024-05-01,2024-05-16,2024,EastAsia,China,China,51.33,True,True,True,2,True,0.846,0.869,28,43.41,0.935,3,,1,1
MC202577569881,mcd64-cluster,A,74.51076,31.13112,74.65449,31.19849,2025-03-17,2025-06-26,2025-05-01,2025-05-12,2025,SouthAsia,India,India,60.83,True,True,True,2,True,0.912,0.573,14,55.5,0.973,2,,1,1
MC202580455317,mcd64-cluster,A,74.58263,31.33773,74.74432,31.43654,2025-03-21,2025-06-26,2025-05-05,2025-05-12,2025,SouthAsia,India,India,73.25,True,True,True,2,True,0.943,0.887,18,69.1,0.976,3,,1,1
MC202561930641,mcd64-cluster,A,74.74881,31.77341,74.93746,31.91714,2025-03-20,2025-06-29,2025-05-04,2025-05-15,2025,SouthAsia,India,India,110.39,True,True,True,2,True,0.934,0.382,35,103.08,0.968,4,,1,1
MC202572094093,mcd64-cluster,A,74.87458,30.58764,75.00933,30.69992,2025-03-19,2025-06-26,2025-05-03,2025-05-12,2025,SouthAsia,India,India,60.52,True,True,True,2,True,0.906,0.716,6,54.83,0.984,4,,1,1
MC202583422822,mcd64-cluster,A,74.99585,30.93349,75.18001,31.09069,2025-03-18,2025-06-30,2025-05-02,2025-05-16,2025,SouthAsia,India,India,148.8,True,True,True,2,True,0.945,0.946,39,140.68,0.979,5,,1,1
MC202530690062,mcd64-cluster,A,75.18001,31.68358,75.32823,31.79587,2025-03-20,2025-06-26,2025-05-04,2025-05-12,2025,SouthAsia,India,India,51.34,True,True,True,2,True,0.903,0.647,6,46.35,0.948,3,,1,1
MC202565994185,mcd64-cluster,A,78.5442,25.60648,78.71937,25.72326,2025-03-17,2025-07-01,2025-05-01,2025-05-17,2025,SouthAsia,India,India,86.12,True,True,True,2,True,0.927,0.617,14,79.82,0.965,5,,1,1
MC202532341240,mcd64-cluster,A,126.3705,48.10029,126.68491,48.23055,2025-03-17,2025-07-03,2025-05-01,2025-05-19,2025,EastAsia,China,China,99.81,True,True,True,2,True,0.911,0.406,10,90.96,0.919,5,,1,1
MC202574876895,mcd64-cluster,A,127.58323,49.73972,127.79433,49.9643,2025-03-17,2025-06-25,2025-05-01,2025-05-11,2025,EastAsia,Russia,Russia,102.79,True,True,True,2,True,0.889,0.715,11,91.37,0.316,0,,0,1
MC202588002236,mcd64-cluster,A,129.0385,49.58251,129.23164,49.71277,2025-03-17,2025-06-25,2025-05-01,2025-05-11,2025,EastAsia,Russia,Russia,84.79,True,True,True,2,True,0.924,0.518,12,78.33,0.45,0,,0,1
MC202048601833,mcd64-cluster,A,43.33024,36.21109,43.53236,36.34134,2020-04-18,2020-08-11,2020-06-02,2020-06-27,2020,Europe,Iraq,Iraq,78.83,True,True,True,2,True,0.934,0.855,22,73.6,0.84,5,,1,1
MC202066636075,mcd64-cluster,A,43.41558,35.84278,43.54583,35.92812,2020-04-17,2020-08-09,2020-06-01,2020-06-25,2020,Europe,Iraq,Iraq,53.96,True,True,True,2,True,0.968,0.852,9,52.24,0.851,1,,1,1
MC202053207754,mcd64-cluster,A,43.68956,35.53286,43.85575,35.62718,2020-04-17,2020-08-12,2020-06-01,2020-06-28,2020,Europe,Iraq,Iraq,69.59,True,True,True,2,True,0.956,0.893,22,66.5,0.682,2,,1,1
MC202298646406,mcd64-cluster,A,-1.88197,42.6565,-1.75621,42.77777,2022-04-30,2022-08-11,2022-06-14,2022-06-27,2022,Europe,Spain,Spain,77.15,True,True,True,2,True,0.945,0.959,30,72.93,0.279,2,,1,1
MC202078845523,mcd64-cluster,A,16.04391,-13.596,16.22357,-13.51066,2020-05-17,2020-09-14,2020-07-01,2020-07-31,2020,Africa,Angola,Angola,64.99,True,True,True,2,True,0.935,0.781,26,60.74,0.261,1,,1,1
MC202041717735,mcd64-cluster,A,16.21908,-13.066,16.32239,-12.85489,2020-05-21,2020-09-14,2020-07-05,2020-07-31,2020,Africa,Angola,Angola,66.61,True,True,True,2,True,0.916,0.737,36,61.02,0.181,2,,1,1
MC202096934232,mcd64-cluster,A,24.25451,-13.58702,24.52401,-13.42981,2020-05-18,2020-09-14,2020-07-02,2020-07-31,2020,Africa,Zambia,Zambia,192.81,True,True,True,2,True,0.948,0.864,90,182.86,0.158,5,,1,1
MC202037783247,mcd64-cluster,A,26.15445,-10.56868,26.32513,-10.45639,2020-05-17,2020-09-14,2020-07-01,2020-07-31,2020,Africa,Dem Rep of the Congo,Dem Rep of the Congo,103.99,True,True,True,2,True,0.928,0.764,64,96.51,0.161,2,,1,1
MC202096713289,mcd64-cluster,A,27.39862,-13.03455,27.53786,-12.9043,2020-05-18,2020-09-14,2020-07-02,2020-07-31,2020,Africa,Zambia,Zambia,91.4,True,True,True,2,True,0.939,0.836,34,85.87,0.193,2,,1,1
MC202083047244,mcd64-cluster,A,27.60074,-11.43555,27.71303,-11.34123,2020-05-18,2020-09-11,2020-07-02,2020-07-28,2020,Africa,Dem Rep of the Congo,Dem Rep of the Congo,62.36,True,True,True,2,True,0.93,0.885,33,58.01,0.264,1,,1,1
MC202081788084,mcd64-cluster,A,27.66811,-13.89694,27.81184,-13.78465,2020-05-17,2020-09-14,2020-07-01,2020-07-31,2020,Africa,Zambia,Zambia,66.36,True,True,True,2,True,0.934,0.848,27,62.0,0.164,1,,1,1
MC202057819697,mcd64-cluster,A,27.89718,-11.1436,28.04091,-11.05377,2020-05-17,2020-09-14,2020-07-01,2020-07-31,2020,Africa,Dem Rep of the Congo,Dem Rep of the Congo,68.05,True,True,True,2,True,0.924,0.805,23,62.91,0.188,1,,1,1
MC202086245289,mcd64-cluster,A,54.48282,51.41508,54.8691,51.53635,2020-05-18,2020-08-28,2020-07-02,2020-07-14,2020,CentralAsiaRussia,Russia,Russia,141.51,True,True,True,2,True,0.97,0.947,33,137.24,0.34,4,,1,1
MC202003415496,mcd64-cluster,A,55.37215,50.57066,55.55631,50.70541,2020-05-17,2020-09-05,2020-07-01,2020-07-22,2020,CentralAsiaRussia,Kazakhstan,Kazakhstan,111.84,True,True,True,2,True,0.972,0.943,16,108.67,0.191,2,,1,1
MC202125950237,mcd64-cluster,A,15.85976,-13.29956,15.96755,-13.20523,2021-05-17,2021-09-14,2021-07-01,2021-07-31,2021,Africa,Angola,Angola,50.5,True,True,True,2,True,0.916,0.772,18,46.25,0.223,1,,1,1
MC202182836673,mcd64-cluster,A,25.5391,-10.73936,25.61995,-10.58215,2021-05-17,2021-09-14,2021-07-01,2021-07-31,2021,Africa,Dem Rep of the Congo,Dem Rep of the Congo,53.93,True,True,True,2,True,0.934,0.799,32,50.38,0.344,2,,1,1
MC202195097153,mcd64-cluster,A,26.31165,-10.63605,26.54522,-10.38003,2021-05-17,2021-09-14,2021-07-01,2021-07-31,2021,Africa,Dem Rep of the Congo,Dem Rep of the Congo,212.15,True,True,True,2,True,0.949,0.78,120,201.42,0.245,5,,1,1
MC202166122537,mcd64-cluster,A,27.41209,-11.99251,27.55582,-11.86674,2021-05-17,2021-09-09,2021-07-01,2021-07-26,2021,Africa,Dem Rep of the Congo,Dem Rep of the Congo,53.45,True,True,True,2,True,0.946,0.929,23,50.58,0.225,2,,1,1
MC202180159729,mcd64-cluster,A,27.79387,-11.1436,28.04091,-11.07623,2021-05-19,2021-09-10,2021-07-03,2021-07-27,2021,Africa,Dem Rep of the Congo,Dem Rep of the Congo,65.11,True,True,True,2,True,0.915,0.874,23,59.6,0.215,1,,1,1
MC202119554126,mcd64-cluster,A,28.66973,-13.04354,28.87185,-12.83693,2021-05-18,2021-09-14,2021-07-02,2021-07-31,2021,Africa,Zambia,Zambia,166.04,True,True,True,2,True,0.93,0.756,73,154.49,0.185,4,,1,1
MC202273629317,mcd64-cluster,A,29.54559,-8.534,29.68483,-8.41721,2022-05-20,2022-09-13,2022-07-04,2022-07-30,2022,Africa,Zambia,Zambia,58.47,True,True,True,2,True,0.947,0.787,21,55.39,0.151,3,,1,1
MC202273386144,mcd64-cluster,A,-6.13998,41.69081,-5.89744,41.84353,2022-05-31,2022-09-09,2022-07-15,2022-07-26,2022,Europe,Spain,Spain,150.49,True,True,True,2,True,0.969,0.975,75,145.84,0.159,2,,1,1
MC202363588955,mcd64-cluster,A,27.42557,-13.03455,27.58277,-12.94921,2023-06-01,2023-09-14,2023-07-16,2023-07-31,2023,Africa,Zambia,Zambia,52.5,True,True,True,2,True,0.913,0.837,27,47.94,0.249,1,,1,1
MC202383305098,mcd64-cluster,A,27.4076,-12.65726,27.50641,-12.46862,2023-05-18,2023-09-14,2023-07-02,2023-07-31,2023,Africa,Zambia,Zambia,101.28,True,True,True,2,True,0.914,0.775,39,92.58,0.164,2,,1,1
MC202387946728,mcd64-cluster,A,28.17117,-13.50617,28.34185,-13.42532,2023-05-18,2023-09-14,2023-07-02,2023-07-31,2023,Africa,Zambia,Zambia,70.35,True,True,True,2,True,0.912,0.822,35,64.16,0.191,2,,1,1
MC202325583857,mcd64-cluster,A,28.64727,-12.93574,28.78202,-12.82794,2023-05-22,2023-09-14,2023-07-06,2023-07-31,2023,Africa,Zambia,Zambia,64.92,True,True,True,2,True,0.946,0.763,31,61.4,0.186,1,,1,1
MC202303262428,mcd64-cluster,A,29.26711,-1.63493,29.35694,-1.49569,2023-05-18,2023-09-14,2023-07-02,2023-07-31,2023,Africa,Dem Rep of the Congo,Dem Rep of the Congo,61.84,True,True,True,2,True,0.919,0.476,15,56.85,0.181,2,,1,1
MC202353301667,mcd64-cluster,A,30.40797,-4.61285,30.4978,-4.51853,2023-05-17,2023-09-09,2023-07-01,2023-07-26,2023,Africa,Tanzania,Tanzania,58.68,True,True,True,2,True,0.93,0.775,29,54.58,0.698,1,,1,1
MC202329780287,mcd64-cluster,A,30.94696,-15.09619,31.07273,-14.94797,2023-05-22,2023-09-13,2023-07-06,2023-07-30,2023,Africa,Mozambique,Mozambique,76.85,True,True,True,2,True,0.922,0.636,29,70.83,0.176,1,,1,1
MC202329120932,mcd64-cluster,A,38.27272,-13.42532,38.78027,-12.85489,2023-05-24,2023-09-14,2023-07-08,2023-07-31,2023,Africa,Mozambique,Mozambique,740.45,True,True,True,2,True,0.966,0.955,147,715.19,0.306,5,,1,1
MC202490375514,mcd64-cluster,A,16.34934,-14.51228,16.4751,-14.35957,2024-05-17,2024-09-13,2024-07-01,2024-07-30,2024,Africa,Angola,Angola,77.55,True,True,True,2,True,0.888,0.879,28,68.85,0.254,3,,1,1
MC202472919670,mcd64-cluster,A,16.99613,-12.93125,17.26562,-12.78303,2024-05-17,2024-09-13,2024-07-01,2024-07-30,2024,Africa,Angola,Angola,146.41,True,True,True,2,True,0.922,0.897,50,134.98,0.231,4,,1,1
MC202448542122,mcd64-cluster,A,26.80573,-26.49132,26.96742,-26.37903,2024-05-23,2024-08-26,2024-07-07,2024-07-12,2024,Africa,South Africa,South Africa,50.93,True,True,True,2,True,0.948,0.901,8,48.3,0.452,2,,1,1
MC202452875029,mcd64-cluster,A,27.43006,-13.07498,27.56031,-12.95371,2024-05-17,2024-09-12,2024-07-01,2024-07-29,2024,Africa,Zambia,Zambia,84.34,True,True,True,2,True,0.919,0.721,38,77.53,0.156,1,,1,1
MC202460071095,mcd64-cluster,A,27.60972,-12.12276,27.73548,-12.04641,2024-05-18,2024-09-12,2024-07-02,2024-07-29,2024,Africa,Dem Rep of the Congo,Dem Rep of the Congo,51.22,True,True,True,2,True,0.918,0.783,18,47.01,0.17,1,,1,1
MC202447786159,mcd64-cluster,A,28.21159,-13.57354,28.35083,-13.40286,2024-05-17,2024-09-02,2024-07-01,2024-07-19,2024,Africa,Zambia,Zambia,96.78,True,True,True,2,True,0.942,0.779,27,91.14,0.324,3,,1,1
MC202439791637,mcd64-cluster,A,28.8494,-9.3335,28.93923,-9.2257,2024-05-18,2024-09-14,2024-07-02,2024-07-31,2024,Africa,Zambia,Zambia,51.21,True,True,True,2,True,0.905,0.885,9,46.34,0.21,2,,1,1
MC202427857105,mcd64-cluster,A,28.83143,-11.40411,28.96168,-11.26937,2024-05-28,2024-09-14,2024-07-12,2024-07-31,2024,Africa,Zambia,Zambia,72.39,True,True,True,2,True,0.936,0.905,21,67.75,0.229,4,,1,1
MC202569176643,mcd64-cluster,A,25.48071,-10.64504,25.61546,-10.52376,2025-05-20,2025-09-13,2025-07-04,2025-07-30,2025,Africa,Dem Rep of the Congo,Dem Rep of the Congo,76.5,True,True,True,2,True,0.94,0.764,41,71.9,0.274,3,,1,1
MC202563083490,mcd64-cluster,A,27.39412,-12.5854,27.48845,-12.43718,2025-05-21,2025-09-10,2025-07-05,2025-07-27,2025,Africa,Zambia,Zambia,64.53,True,True,True,2,True,0.93,0.879,16,60.03,0.154,1,,1,1
MC202511828761,mcd64-cluster,A,27.45252,-12.05988,27.58726,-11.92963,2025-05-18,2025-09-14,2025-07-02,2025-07-31,2025,Africa,Dem Rep of the Congo,Dem Rep of the Congo,59.53,True,True,True,2,True,0.927,0.826,27,55.2,0.311,3,,1,1
MC202571430624,mcd64-cluster,A,27.65913,-11.66013,27.81633,-11.54784,2025-05-17,2025-09-05,2025-07-01,2025-07-22,2025,Africa,Dem Rep of the Congo,Dem Rep of the Congo,56.2,True,True,True,2,True,0.905,0.814,20,50.88,0.209,3,,1,1
MC202550471612,mcd64-cluster,A,27.65014,-12.42819,27.7265,-12.27099,2025-05-18,2025-09-11,2025-07-02,2025-07-28,2025,Africa,Zambia,Zambia,68.23,True,True,True,2,True,0.915,0.787,38,62.44,0.189,2,,1,1
MC202515400017,mcd64-cluster,A,28.69219,-13.01659,28.83592,-12.92227,2025-05-21,2025-09-06,2025-07-05,2025-07-23,2025,Africa,Zambia,Zambia,60.77,True,True,True,2,True,0.921,0.791,16,55.97,0.23,2,,1,1
MC202534754585,mcd64-cluster,A,30.40797,-1.57654,30.5517,-1.4418,2025-05-21,2025-09-13,2025-07-05,2025-07-30,2025,Africa,Rwanda,Rwanda,106.97,True,True,True,2,True,0.928,0.653,8,99.24,0.196,2,,1,1
MC202046904990,mcd64-cluster,A,-57.93235,-26.35657,-57.82006,-26.2353,2020-06-17,2020-10-15,2020-08-01,2020-08-31,2020,SouthAmerica,Paraguay,Paraguay,60.6,True,True,True,2,True,0.945,0.926,28,57.25,0.318,1,,1,1
MC202075839317,mcd64-cluster,A,29.26262,-11.48945,29.40635,-11.35471,2020-06-17,2020-10-13,2020-08-01,2020-08-29,2020,Africa,Zambia,Zambia,51.1,True,True,True,2,True,0.925,0.922,26,47.25,0.187,1,,1,1
MC202068853220,mcd64-cluster,A,29.37042,-12.4237,29.4872,-12.35633,2020-06-17,2020-09-28,2020-08-01,2020-08-14,2020,Africa,Zambia,Zambia,56.77,True,True,True,2,True,0.962,0.981,27,54.63,0.249,2,,1,1
MC202010926545,mcd64-cluster,A,29.42432,-9.84554,29.52313,-9.64341,2020-06-28,2020-10-15,2020-08-12,2020-08-31,2020,Africa,Zambia,Zambia,112.59,True,True,True,2,True,0.974,0.954,47,109.64,0.163,2,,1,1
MC202000981039,mcd64-cluster,A,29.63093,-14.13948,29.81508,-14.01372,2020-06-18,2020-10-13,2020-08-02,2020-08-29,2020,Africa,Zambia,Zambia,97.5,True,True,True,2,True,0.947,0.934,47,92.3,0.16,4,,1,1
MC202073527874,mcd64-cluster,A,30.86162,-9.2257,31.14908,-8.86637,2020-06-18,2020-10-15,2020-08-02,2020-08-31,2020,Africa,Zambia,Zambia,430.89,True,True,True,2,True,0.948,0.932,147,408.59,0.175,4,,1,1
MC202051804382,mcd64-cluster,A,31.11764,-12.18116,31.2479,-12.03742,2020-06-19,2020-10-15,2020-08-03,2020-08-31,2020,Africa,Zambia,Zambia,72.68,True,True,True,2,True,0.912,0.842,30,66.28,0.363,4,,1,1
MC202015348539,mcd64-cluster,A,34.06861,-14.92551,34.24827,-14.80873,2020-06-19,2020-09-30,2020-08-03,2020-08-16,2020,Africa,Mozambique,Mozambique,67.51,True,True,True,2,True,0.879,0.874,22,59.31,0.396,3,,1,1
MC202048026164,mcd64-cluster,A,36.48058,-15.31178,36.60186,-15.22644,2020-06-22,2020-10-02,2020-08-06,2020-08-18,2020,Africa,Mozambique,Mozambique,64.73,True,True,True,2,True,0.928,0.901,28,60.1,0.177,1,,1,1
MC202114768512,mcd64-cluster,A,-51.66211,-22.61958,-51.51838,-22.43992,2021-06-17,2021-10-15,2021-08-01,2021-08-31,2021,SouthAmerica,Brazil,Brazil,141.92,True,True,True,2,True,0.966,0.968,43,137.02,0.392,5,,1,1
MC202112041614,mcd64-cluster,A,-52.33136,-17.64291,-52.25051,-17.53961,2021-07-08,2021-10-15,2021-08-22,2021-08-31,2021,SouthAmerica,Brazil,Brazil,55.88,True,True,True,2,True,0.934,0.88,23,52.19,0.677,0,,0,1
MC202157811904,mcd64-cluster,A,-54.16841,-22.01322,-53.98426,-21.90093,2021-06-21,2021-10-15,2021-08-05,2021-08-31,2021,SouthAmerica,Brazil,Brazil,65.47,True,True,True,2,True,0.936,0.821,13,61.25,0.462,5,,1,1
MC202115368937,mcd64-cluster,A,-54.59511,-22.73636,-54.41545,-22.60161,2021-06-30,2021-10-15,2021-08-14,2021-08-31,2021,SouthAmerica,Brazil,Brazil,87.23,True,True,True,2,True,0.947,0.862,7,82.63,0.411,5,,1,1
MC202184854174,mcd64-cluster,A,-54.80172,-21.74821,-54.68943,-21.46075,2021-06-23,2021-10-15,2021-08-07,2021-08-31,2021,SouthAmerica,Brazil,Brazil,154.69,True,True,True,2,True,0.936,0.843,77,144.72,0.677,5,,1,1
MC202182800892,mcd64-cluster,A,-55.04427,-22.46687,-54.79723,-22.20186,2021-06-26,2021-10-15,2021-08-10,2021-08-31,2021,SouthAmerica,Brazil,Brazil,269.97,True,True,True,2,True,0.932,0.562,20,251.68,0.785,5,,1,1
MC202127358884,mcd64-cluster,A,-55.16554,-21.57304,-54.90503,-21.34397,2021-07-08,2021-10-15,2021-08-22,2021-08-31,2021,SouthAmerica,Brazil,Brazil,255.84,True,True,True,2,True,0.933,0.6,55,238.78,0.855,0,,0,1
MC202149733882,mcd64-cluster,A,-56.06386,-22.48034,-55.92462,-22.36356,2021-07-05,2021-10-14,2021-08-19,2021-08-30,2021,SouthAmerica,Paraguay,Paraguay,70.79,True,True,True,2,True,0.924,0.937,45,65.43,0.213,3,,1,1
MC202131095127,mcd64-cluster,A,31.11764,-9.0101,31.2479,-8.89781,2021-06-22,2021-10-14,2021-08-06,2021-08-30,2021,Africa,Zambia,Zambia,52.24,True,True,True,2,True,0.919,0.83,18,47.99,0.151,1,,1,1
MC202110824676,mcd64-cluster,A,31.11764,-12.18116,31.21646,-12.08683,2021-06-23,2021-10-14,2021-08-07,2021-08-30,2021,Africa,Zambia,Zambia,51.46,True,True,True,2,True,0.884,0.576,21,45.48,0.28,1,,1,1
MC202161370813,mcd64-cluster,A,31.46349,-9.47723,31.61171,-9.3335,2021-07-10,2021-10-15,2021-08-24,2021-08-31,2021,Africa,Zambia,Zambia,67.43,True,True,True,2,True,0.924,0.878,18,62.32,0.15,0,,0,1
MC202124820792,mcd64-cluster,A,32.76156,-12.38328,32.88283,-12.28895,2021-06-20,2021-10-14,2021-08-04,2021-08-30,2021,Africa,Zambia,Zambia,52.88,True,True,True,2,True,0.904,0.891,19,47.82,0.178,1,,1,1
MC202100157058,mcd64-cluster,A,33.83505,-9.07748,33.94733,-8.99663,2021-06-18,2021-10-15,2021-08-02,2021-08-31,2021,Africa,Tanzania,Tanzania,51.98,True,True,True,2,True,0.945,0.846,5,49.15,0.322,1,,1,1
MC202158459417,mcd64-cluster,A,34.9804,-17.84054,35.15557,-17.67435,2021-06-19,2021-10-15,2021-08-03,2021-08-31,2021,Africa,Mozambique,Mozambique,147.76,True,True,True,2,True,0.923,0.786,52,136.35,0.167,2,,1,1
MC202190937618,mcd64-cluster,A,38.48832,-13.26812,38.6051,-13.16481,2021-06-27,2021-10-12,2021-08-11,2021-08-28,2021,Africa,Mozambique,Mozambique,57.55,True,True,True,2,True,0.939,0.907,10,54.03,0.323,1,,1,1
MC202280005284,mcd64-cluster,A,15.49145,-11.38165,15.62619,-11.26038,2022-06-17,2022-10-15,2022-08-01,2022-08-31,2022,Africa,Angola,Angola,82.18,True,True,True,2,True,0.894,0.897,9,73.5,0.178,1,,1,1
MC202294625844,mcd64-cluster,A,15.82382,-14.67398,15.93611,-14.46288,2022-06-17,2022-10-08,2022-08-01,2022-08-24,2022,Africa,Angola,Angola,80.63,True,True,True,2,True,0.921,0.912,17,74.23,0.267,4,,1,1
MC202289875158,mcd64-cluster,A,15.68908,-14.1844,15.9945,-13.8655,2022-06-17,2022-10-15,2022-08-01,2022-08-31,2022,Africa,Angola,Angola,247.6,True,True,True,2,True,0.913,0.728,81,226.18,0.226,5,,1,1
MC202249004805,mcd64-cluster,A,15.87772,-13.80261,15.9945,-13.68583,2022-06-24,2022-10-15,2022-08-08,2022-08-31,2022,Africa,Angola,Angola,64.21,True,True,True,2,True,0.928,0.732,25,59.61,0.187,2,,1,1
MC202241976478,mcd64-cluster,A,16.00798,-11.49844,16.16069,-11.42657,2022-06-24,2022-10-15,2022-08-08,2022-08-31,2022,Africa,Angola,Angola,66.49,True,True,True,2,True,0.922,0.755,27,61.3,0.183,1,,1,1
MC202247628402,mcd64-cluster,A,16.15171,-13.28608,16.26849,-13.1693,2022-06-17,2022-10-14,2022-08-01,2022-08-30,2022,Africa,Angola,Angola,59.98,True,True,True,2,True,0.899,0.672,24,53.91,0.361,1,,1,1
MC202286377189,mcd64-cluster,A,24.38028,-13.55109,24.54647,-13.46125,2022-06-17,2022-10-15,2022-08-01,2022-08-31,2022,Africa,Zambia,Zambia,80.04,True,True,True,2,True,0.95,0.881,17,76.04,0.166,2,,1,1
MC202228310183,mcd64-cluster,A,27.62769,-11.59276,27.87472,-11.42657,2022-06-17,2022-10-15,2022-08-01,2022-08-31,2022,Africa,Dem Rep of the Congo,Dem Rep of the Congo,162.54,True,True,True,2,True,0.937,0.871,82,152.34,0.396,5,,1,1
MC202342202526,mcd64-cluster,A,14.15296,-15.40162,14.3416,-15.23992,2023-06-23,2023-10-01,2023-08-07,2023-08-17,2023,Africa,Angola,Angola,151.07,True,True,True,2,True,0.958,0.952,47,144.7,0.156,2,,1,1
MC202325536843,mcd64-cluster,A,14.29669,-15.71603,14.46737,-15.59475,2023-06-17,2023-10-12,2023-08-01,2023-08-28,2023,Africa,Angola,Angola,128.02,True,True,True,2,True,0.976,0.933,38,124.96,0.191,1,,1,1
MC202370047064,mcd64-cluster,A,15.50941,-11.42657,15.66213,-11.26487,2023-06-17,2023-10-13,2023-08-01,2023-08-29,2023,Africa,Angola,Angola,105.42,True,True,True,2,True,0.908,0.731,62,95.69,0.154,2,,1,1
MC202324134854,mcd64-cluster,A,15.61272,-13.91041,15.77442,-13.77117,2023-06-17,2023-10-11,2023-08-01,2023-08-27,2023,Africa,Angola,Angola,74.84,True,True,True,2,True,0.909,0.77,31,68.05,0.222,2,,1,1
MC202397164169,mcd64-cluster,A,15.63967,-14.48533,15.76543,-14.32813,2023-06-17,2023-10-15,2023-08-01,2023-08-31,2023,Africa,Angola,Angola,86.49,True,True,True,2,True,0.948,0.802,30,81.96,0.153,1,,1,1
MC202340374559,mcd64-cluster,A,15.80137,-14.0766,15.95408,-13.90143,2023-06-17,2023-10-15,2023-08-01,2023-08-31,2023,Africa,Angola,Angola,108.92,True,True,True,2,True,0.937,0.802,62,102.02,0.261,5,,1,1
MC202394864477,mcd64-cluster,A,15.85526,-14.66051,15.92713,-14.55271,2023-06-21,2023-10-14,2023-08-05,2023-08-30,2023,Africa,Angola,Angola,54.31,True,True,True,2,True,0.934,0.818,19,50.75,0.209,1,,1,1
MC202397153126,mcd64-cluster,A,15.77442,-15.29382,15.90467,-15.20848,2023-06-17,2023-10-08,2023-08-01,2023-08-24,2023,Africa,Angola,Angola,63.53,True,True,True,2,True,0.934,0.815,25,59.32,0.301,2,,1,1
MC202426387170,mcd64-cluster,A,-90.20882,35.60023,-90.10102,35.71252,2024-07-04,2024-10-15,2024-08-18,2024-08-31,2024,NorthAmerica,United States,United States,65.06,True,True,True,2,True,0.943,0.438,10,61.36,0.969,2,,1,1
MC202488107274,mcd64-cluster,A,-47.36816,-21.01159,-47.1885,-20.75557,2024-06-18,2024-10-15,2024-08-02,2024-08-31,2024,SouthAmerica,Brazil,Brazil,257.96,True,True,True,2,True,0.955,0.912,143,246.25,0.362,5,,1,1
MC202403267848,mcd64-cluster,A,-47.55681,-21.55058,-47.0807,-21.26312,2024-06-19,2024-10-15,2024-08-03,2024-08-31,2024,SouthAmerica,Brazil,Brazil,750.59,True,True,True,2,True,0.975,0.96,218,732.13,0.535,5,,1,1
MC202428457954,mcd64-cluster,A,-47.58825,-21.15982,-47.39961,-20.93524,2024-06-20,2024-10-14,2024-08-04,2024-08-30,2024,SouthAmerica,Brazil,Brazil,221.84,True,True,True,2,True,0.958,0.917,61,212.42,0.428,5,,1,1
MC202426955109,mcd64-cluster,A,-47.80385,-19.84378,-47.68707,-19.75395,2024-07-02,2024-10-14,2024-08-16,2024-08-30,2024,SouthAmerica,Brazil,Brazil,59.85,True,True,True,2,True,0.953,0.949,11,57.03,0.56,0,,0,1
MC202421723732,mcd64-cluster,A,-47.988,-21.42033,-47.79936,-21.18227,2024-06-26,2024-10-15,2024-08-10,2024-08-31,2024,SouthAmerica,Brazil,Brazil,184.06,True,True,True,2,True,0.947,0.877,60,174.24,0.823,5,,1,1
MC202432078683,mcd64-cluster,A,-48.0958,-20.02794,-47.97453,-19.88421,2024-07-02,2024-10-12,2024-08-16,2024-08-28,2024,SouthAmerica,Brazil,Brazil,77.37,True,True,True,2,True,0.935,0.891,33,72.33,0.679,5,,1,1
MC202474837150,mcd64-cluster,A,-48.19461,-20.40972,-48.04639,-20.31091,2024-06-18,2024-09-30,2024-08-02,2024-08-16,2024,SouthAmerica,Brazil,Brazil,67.82,True,True,True,2,True,0.941,0.947,6,63.78,0.863,4,,1,1
MC202474637997,mcd64-cluster,A,-48.21258,-21.67635,-48.0419,-21.37541,2024-06-18,2024-10-15,2024-08-02,2024-08-31,2024,SouthAmerica,Brazil,Brazil,181.23,True,True,True,2,True,0.953,0.918,56,172.76,0.857,5,,1,1
MC202465381404,mcd64-cluster,A,36.90728,47.75444,37.1094,47.83529,2024-06-17,2024-10-15,2024-08-01,2024-08-31,2024,Europe,Ukraine,Ukraine,52.78,True,True,True,2,True,0.933,0.743,4,49.26,0.823,2,,1,1
MC202439890697,mcd64-cluster,A,14.27423,-15.80586,14.38203,-15.70255,2024-07-10,2024-10-15,2024-08-24,2024-08-31,2024,Africa,Angola,Angola,52.09,True,True,True,2,True,0.963,0.933,9,50.17,0.294,0,,0,1
MC202412015577,mcd64-cluster,A,14.31915,-15.53187,14.4494,-15.40611,2024-06-27,2024-10-08,2024-08-11,2024-08-24,2024,Africa,Angola,Angola,83.66,True,True,True,2,True,0.976,0.943,37,81.68,0.27,2,,1,1
MC202400317802,mcd64-cluster,A,14.53923,-10.97292,14.67398,-10.85165,2024-06-30,2024-10-15,2024-08-14,2024-08-31,2024,Africa,Angola,Angola,62.46,True,True,True,2,True,0.888,0.526,32,55.48,0.379,3,,1,1
MC202432213075,mcd64-cluster,A,14.87161,-12.72913,15.08271,-12.54497,2024-06-18,2024-10-15,2024-08-02,2024-08-31,2024,Africa,Angola,Angola,141.9,True,True,True,2,True,0.945,0.733,77,134.11,0.175,3,,1,1
MC202487182374,mcd64-cluster,A,15.08271,-14.40898,15.2489,-14.16643,2024-06-20,2024-10-15,2024-08-04,2024-08-31,2024,Africa,Angola,Angola,136.82,True,True,True,2,True,0.93,0.686,60,127.27,0.388,5,,1,1
MC202498936927,mcd64-cluster,A,15.36568,-14.62457,15.44653,-14.51228,2024-06-22,2024-10-13,2024-08-06,2024-08-29,2024,Africa,Angola,Angola,50.94,True,True,True,2,True,0.947,0.851,18,48.23,0.356,2,,1,1
MC202497273418,mcd64-cluster,A,15.41958,-15.06026,15.61721,-14.75932,2024-06-18,2024-10-15,2024-08-02,2024-08-31,2024,Africa,Angola,Angola,289.02,True,True,True,2,True,0.966,0.873,129,279.14,0.199,5,,1,1
MC202476472120,mcd64-cluster,A,15.84179,-15.62619,15.96755,-15.55882,2024-06-27,2024-10-03,2024-08-11,2024-08-19,2024,Africa,Angola,Angola,54.3,True,True,True,2,True,0.977,0.915,21,53.04,0.224,1,,1,1
MC202527507525,mcd64-cluster,A,-60.41619,-28.50804,-60.31289,-28.40473,2025-06-20,2025-10-09,2025-08-04,2025-08-25,2025,SouthAmerica,Argentina,Argentina,53.73,True,True,True,2,True,0.956,0.712,8,51.37,0.227,1,,1,1
MC202589701738,mcd64-cluster,A,-6.1849,42.05463,-5.84803,42.31514,2025-06-25,2025-10-03,2025-08-09,2025-08-19,2025,Europe,Spain,Spain,393.7,True,True,True,2,True,0.977,0.95,72,384.83,0.245,5,,1,1
MC202598627674,mcd64-cluster,A,48.47758,38.26823,48.62131,38.43442,2025-06-25,2025-10-05,2025-08-09,2025-08-21,2025,MiddleEast,Iran,Iran,75.91,True,True,True,2,True,0.933,0.647,3,70.82,0.908,3,,1,1
MC202535956683,mcd64-cluster,A,14.84017,-13.10193,14.97941,-12.95371,2025-06-17,2025-10-14,2025-08-01,2025-08-30,2025,Africa,Angola,Angola,87.97,True,True,True,2,True,0.912,0.674,43,80.26,0.159,3,,1,1
MC202519592660,mcd64-cluster,A,15.47348,-14.95695,15.6756,-14.79076,2025-06-23,2025-10-15,2025-08-07,2025-08-31,2025,Africa,Angola,Angola,118.61,True,True,True,2,True,0.933,0.87,51,110.66,0.216,4,,1,1
MC202555613226,mcd64-cluster,A,15.60374,-13.96431,15.70255,-13.85202,2025-06-17,2025-10-15,2025-08-01,2025-08-31,2025,Africa,Angola,Angola,53.75,True,True,True,2,True,0.959,0.858,16,51.57,0.161,0,,0,1
MC202557646622,mcd64-cluster,A,15.76543,-14.18889,16.03942,-13.87448,2025-06-17,2025-10-15,2025-08-01,2025-08-31,2025,Africa,Angola,Angola,298.63,True,True,True,2,True,0.955,0.864,150,285.26,0.239,5,,1,1
MC202570686858,mcd64-cluster,A,15.85976,-13.79363,16.05739,-13.60948,2025-06-17,2025-10-15,2025-08-01,2025-08-31,2025,Africa,Angola,Angola,189.75,True,True,True,2,True,0.935,0.871,114,177.45,0.192,3,,1,1
MC202590427845,mcd64-cluster,A,15.90467,-13.40736,16.03942,-13.22769,2025-06-17,2025-10-15,2025-08-01,2025-08-31,2025,Africa,Angola,Angola,85.93,True,True,True,2,True,0.932,0.792,42,80.1,0.398,5,,1,1
MC202520975306,mcd64-cluster,A,25.88495,-13.7038,26.00174,-13.61397,2025-06-22,2025-10-12,2025-08-06,2025-08-28,2025,Africa,Zambia,Zambia,54.78,True,True,True,2,True,0.894,0.735,28,48.96,0.217,1,,1,1
MC202004574131,mcd64-cluster,A,-90.17738,35.5643,-90.09204,35.69905,2020-07-23,2020-11-14,2020-09-06,2020-09-30,2020,NorthAmerica,United States,United States,52.52,True,True,True,2,True,0.931,0.686,24,48.92,0.983,2,,1,1
MC202093231845,mcd64-cluster,A,-118.75279,47.50291,-118.27219,47.72749,2020-07-19,2020-11-12,2020-09-02,2020-09-28,2020,NorthAmerica,United States,United States,426.1,True,True,True,2,True,0.96,0.935,163,409.21,0.612,5,,1,1
MC202030276200,mcd64-cluster,A,-119.88467,47.61071,-119.32771,48.37877,2020-07-19,2020-11-13,2020-09-02,2020-09-29,2020,NorthAmerica,United States,United States,1337.6,True,True,True,2,True,0.957,0.944,759,1280.35,0.564,5,,1,1
MC202013722468,mcd64-cluster,A,-45.53111,-11.68708,-45.33348,-11.53437,2020-07-18,2020-11-14,2020-09-01,2020-09-30,2020,SouthAmerica,Brazil,Brazil,102.87,True,True,True,2,True,0.952,0.897,35,97.98,0.28,5,,1,1
MC202044076179,mcd64-cluster,A,-47.16604,-16.77604,-47.05825,-16.65926,2020-08-06,2020-11-13,2020-09-20,2020-09-29,2020,SouthAmerica,Brazil,Brazil,66.66,True,True,True,2,True,0.925,0.581,12,61.64,0.738,2,,1,1
MC202067393950,mcd64-cluster,A,-47.82181,-21.68533,-47.69605,-21.55058,2020-07-18,2020-10-31,2020-09-01,2020-09-16,2020,SouthAmerica,Brazil,Brazil,76.07,True,True,True,2,True,0.952,0.888,42,72.41,0.275,2,,1,1
MC202093591010,mcd64-cluster,A,-47.9341,-19.42158,-47.78588,-19.32276,2020-07-26,2020-11-14,2020-09-09,2020-09-30,2020,SouthAmerica,Brazil,Brazil,64.24,True,True,True,2,True,0.934,0.696,10,60.01,0.691,2,,1,1
MC202029737781,mcd64-cluster,A,-48.19461,-20.48159,-47.82181,-20.10879,2020-07-18,2020-11-14,2020-09-01,2020-09-30,2020,SouthAmerica,Brazil,Brazil,351.68,True,True,True,2,True,0.953,0.913,196,335.01,0.846,5,,1,1
MC202095071210,mcd64-cluster,A,-50.74583,-19.49344,-50.66049,-19.38115,2020-07-26,2020-11-14,2020-09-09,2020-09-30,2020,SouthAmerica,Brazil,Brazil,51.04,True,True,True,2,True,0.918,0.857,30,46.87,0.707,2,,1,1
MC202071974436,mcd64-cluster,A,-51.0288,-17.96631,-50.86261,-17.88546,2020-07-20,2020-11-08,2020-09-03,2020-09-24,2020,SouthAmerica,Brazil,Brazil,79.03,True,True,True,2,True,0.933,0.788,32,73.75,0.803,2,,1,1
MC202044237049,mcd64-cluster,A,-51.28482,-20.90829,-51.17702,-20.80947,2020-08-09,2020-11-14,2020-09-23,2020-09-30,2020,SouthAmerica,Brazil,Brazil,61.07,True,True,True,2,True,0.945,0.907,43,57.69,0.685,0,,0,1
MC202017519344,mcd64-cluster,A,37.83255,45.23916,38.03018,45.3784,2020-07-19,2020-11-10,2020-09-02,2020-09-26,2020,Europe,Russia,Russia,58.76,True,True,True,2,True,0.913,0.758,23,53.63,0.958,4,,1,1
MC202076478580,mcd64-cluster,A,38.29069,48.36979,38.46137,48.47758,2020-07-19,2020-10-27,2020-09-02,2020-09-12,2020,Europe,Ukraine,Ukraine,54.78,True,True,True,2,True,0.937,0.783,18,51.31,0.242,3,,1,1
MC202094379829,mcd64-cluster,A,14.09008,-13.46125,14.23381,-13.35795,2020-07-19,2020-11-10,2020-09-02,2020-09-26,2020,Africa,Angola,Angola,56.78,True,True,True,2,True,0.928,0.752,26,52.71,0.189,3,,1,1
MC202002265806,mcd64-cluster,A,14.18889,-12.89082,14.30118,-12.79201,2020-07-18,2020-10-26,2020-09-01,2020-09-11,2020,Africa,Angola,Angola,56.91,True,True,True,2,True,0.927,0.553,28,52.78,0.201,2,,1,1
MC202007707721,mcd64-cluster,A,14.17991,-15.4106,14.40449,-15.21746,2020-07-23,2020-11-12,2020-09-06,2020-09-28,2020,Africa,Angola,Angola,179.22,True,True,True,2,True,0.969,0.977,49,173.63,0.156,3,,1,1
MC202032163652,mcd64-cluster,A,14.63356,-11.03131,14.74135,-10.91902,2020-07-18,2020-10-26,2020-09-01,2020-09-11,2020,Africa,Angola,Angola,50.45,True,True,True,2,True,0.919,0.654,17,46.34,0.507,3,,1,1
MC202046699263,mcd64-cluster,A,14.80873,-11.58827,15.08721,-11.32326,2020-07-18,2020-11-05,2020-09-01,2020-09-21,2020,Africa,Angola,Angola,278.43,True,True,True,2,True,0.935,0.376,80,260.34,0.43,5,,1,1
MC202009231140,mcd64-cluster,A,14.88958,-11.28284,15.01534,-11.17055,2020-07-19,2020-11-04,2020-09-02,2020-09-20,2020,Africa,Angola,Angola,74.14,True,True,True,2,True,0.922,0.446,23,68.32,0.464,3,,1,1
MC202019548886,mcd64-cluster,A,15.04678,-14.08109,15.195,-13.9688,2020-07-19,2020-10-25,2020-09-02,2020-09-10,2020,Africa,Angola,Angola,75.02,True,True,True,2,True,0.924,0.47,12,69.33,0.406,3,,1,1
MC202084343635,mcd64-cluster,A,15.15009,-11.75895,15.32526,-11.66462,2020-07-18,2020-10-24,2020-09-01,2020-09-09,2020,Africa,Angola,Angola,90.86,True,True,True,2,True,0.936,0.736,22,85.06,0.526,2,,1,1
MC202083178776,mcd64-cluster,A,74.90602,31.42307,75.22043,31.83629,2020-07-25,2020-11-14,2020-09-08,2020-09-30,2020,SouthAsia,India,India,547.28,True,True,True,2,True,0.951,0.842,218,520.25,0.941,5,,1,1
MC202164670190,mcd64-cluster,A,-90.27619,35.54634,-89.93933,35.82931,2021-07-18,2021-11-14,2021-09-01,2021-09-30,2021,NorthAmerica,United States,United States,291.16,True,True,True,2,True,0.943,0.643,48,274.44,0.958,5,,1,1
MC202102288984,mcd64-cluster,A,-46.19137,-13.37591,-46.07459,-13.28159,2021-08-11,2021-11-14,2021-09-25,2021-09-30,2021,SouthAmerica,Brazil,Brazil,53.89,True,True,True,2,True,0.962,0.809,13,51.82,0.256,1,,1,1
MC202141140580,mcd64-cluster,A,-46.30815,-8.86637,-46.09705,-8.80349,2021-07-18,2021-11-05,2021-09-01,2021-09-21,2021,SouthAmerica,Brazil,Brazil,75.67,True,True,True,2,True,0.96,0.927,42,72.65,0.172,2,,1,1
MC202199856196,mcd64-cluster,A,-47.16604,-21.66736,-47.02231,-21.58202,2021-07-21,2021-10-29,2021-09-04,2021-09-14,2021,SouthAmerica,Brazil,Brazil,64.0,True,True,True,2,True,0.93,0.816,18,59.53,0.595,2,,1,1
MC202187095397,mcd64-cluster,A,-47.42656,-21.54609,-47.10765,-21.29906,2021-07-19,2021-11-04,2021-09-02,2021-09-20,2021,SouthAmerica,Brazil,Brazil,374.31,True,True,True,2,True,0.96,0.926,151,359.5,0.482,5,,1,1
MC202181432946,mcd64-cluster,A,-47.67808,-21.0071,-47.24689,-20.62532,2021-07-18,2021-11-03,2021-09-01,2021-09-19,2021,SouthAmerica,Brazil,Brazil,832.71,True,True,True,2,True,0.968,0.914,158,805.78,0.615,5,,1,1
MC202114125036,mcd64-cluster,A,-47.75444,-20.59388,-47.64664,-20.45913,2021-07-28,2021-11-02,2021-09-11,2021-09-18,2021,SouthAmerica,Brazil,Brazil,60.03,True,True,True,2,True,0.937,0.75,14,56.24,0.807,3,,1,1
MC202146516865,mcd64-cluster,A,-47.81732,-21.69881,-47.68707,-21.62694,2021-07-19,2021-10-30,2021-09-02,2021-09-15,2021,SouthAmerica,Brazil,Brazil,51.23,True,True,True,2,True,0.937,0.74,15,47.99,0.513,2,,1,1
MC202112295572,mcd64-cluster,A,-47.79037,-19.97853,-47.63766,-19.76294,2021-07-19,2021-11-04,2021-09-02,2021-09-20,2021,SouthAmerica,Brazil,Brazil,136.06,True,True,True,2,True,0.931,0.698,31,126.62,0.502,5,,1,1
MC202136339257,mcd64-cluster,A,13.75321,37.45526,14.12152,37.76517,2021-07-22,2021-11-13,2021-09-05,2021-09-29,2021,Europe,Italy,Italy,380.9,True,True,True,2,True,0.94,0.336,66,357.98,0.654,5,,1,1
MC202164555533,mcd64-cluster,A,14.60211,-10.81122,14.77279,-10.64054,2021-07-18,2021-11-14,2021-09-01,2021-09-30,2021,Africa,Angola,Angola,165.18,True,True,True,2,True,0.946,0.803,75,156.24,0.166,2,,1,1
MC202105672439,mcd64-cluster,A,26.67098,-29.7522,26.83717,-29.60398,2021-07-18,2021-10-24,2021-09-01,2021-09-09,2021,Africa,South Africa,South Africa,69.35,True,True,True,2,True,0.95,0.932,13,65.88,0.177,2,,1,1
MC202141733566,mcd64-cluster,A,33.14334,-17.92588,33.29156,-17.72825,2021-07-25,2021-11-14,2021-09-08,2021-09-30,2021,Africa,Mozambique,Mozambique,91.66,True,True,True,2,True,0.945,0.836,57,86.62,0.458,5,,1,1
MC202110197267,mcd64-cluster,A,35.32176,-16.48858,35.42506,-16.39875,2021-07-19,2021-11-14,2021-09-02,2021-09-30,2021,Africa,Mozambique,Mozambique,56.94,True,True,True,2,True,0.933,0.759,8,53.11,0.163,1,,1,1
MC202101154886,mcd64-cluster,A,35.79786,-16.59637,35.8877,-16.47959,2021-07-25,2021-11-13,2021-09-08,2021-09-29,2021,Africa,Mozambique,Mozambique,55.24,True,True,True,2,True,0.917,0.898,15,50.63,0.198,1,,1,1
MC202128582528,mcd64-cluster,A,35.8877,-16.28196,36.08982,-16.12027,2021-07-22,2021-11-14,2021-09-05,2021-09-30,2021,Africa,Mozambique,Mozambique,149.47,True,True,True,2,True,0.933,0.853,60,139.41,0.389,5,,1,1
MC202111240787,mcd64-cluster,A,36.00897,-15.30729,36.14821,-15.15009,2021-07-18,2021-11-14,2021-09-01,2021-09-30,2021,Africa,Mozambique,Mozambique,99.64,True,True,True,2,True,0.945,0.9,14,94.17,0.209,3,,1,1
MC202216063605,mcd64-cluster,A,-90.18187,35.64964,-90.01568,35.73498,2022-07-24,2022-11-14,2022-09-07,2022-09-30,2022,NorthAmerica,United States,United States,58.55,True,True,True,2,True,0.939,0.349,15,55.0,0.964,2,,1,1
MC202260149792,mcd64-cluster,A,-45.60298,-6.41846,-45.30653,-6.27473,2022-07-18,2022-11-13,2022-09-01,2022-09-29,2022,SouthAmerica,Brazil,Brazil,216.67,True,True,True,2,True,0.95,0.948,51,205.76,0.209,3,,1,1
MC202260386510,mcd64-cluster,A,-46.13747,-12.92676,-45.93984,-12.76955,2022-07-24,2022-11-11,2022-09-07,2022-09-27,2022,SouthAmerica,Brazil,Brazil,108.71,True,True,True,2,True,0.943,0.889,23,102.5,0.345,5,,1,1
MC202221964935,mcd64-cluster,A,-46.45188,-12.13624,-46.32163,-12.03742,2022-07-21,2022-11-11,2022-09-04,2022-09-27,2022,SouthAmerica,Brazil,Brazil,64.39,True,True,True,2,True,0.938,0.813,8,60.43,0.262,1,,1,1
MC202265875038,mcd64-cluster,A,-46.86511,-9.27061,-46.77977,-9.15832,2022-08-01,2022-11-12,2022-09-15,2022-09-28,2022,SouthAmerica,Brazil,Brazil,66.48,True,True,True,2,True,0.945,0.871,20,62.85,0.173,2,,1,1
MC202213002973,mcd64-cluster,A,46.19586,39.41807,46.34858,39.51689,2022-07-18,2022-10-28,2022-09-01,2022-09-13,2022,MiddleEast,Armenia,Armenia,79.34,True,True,True,2,True,0.935,0.854,8,74.19,0.585,2,,1,1
MC202215453793,mcd64-cluster,A,14.53474,-10.95046,14.63805,-10.84716,2022-07-18,2022-11-08,2022-09-01,2022-09-24,2022,Africa,Angola,Angola,55.6,True,True,True,2,True,0.966,0.815,30,53.7,0.281,2,,1,1
MC202297753585,mcd64-cluster,A,29.65788,-17.04553,29.79263,-16.93773,2022-07-23,2022-11-14,2022-09-06,2022-09-30,2022,Africa,Zimbabwe,Zimbabwe,67.99,True,True,True,2,True,0.921,0.8,21,62.62,0.198,3,,1,1
MC202259939093,mcd64-cluster,A,30.17441,-16.91977,30.33162,-16.82095,2022-07-21,2022-11-14,2022-09-04,2022-09-30,2022,Africa,Zimbabwe,Zimbabwe,83.55,True,True,True,2,True,0.955,0.899,15,79.79,0.339,2,,1,1
MC202269138176,mcd64-cluster,A,33.26911,-17.73274,33.42182,-17.5935,2022-07-20,2022-11-14,2022-09-03,2022-09-30,2022,Africa,Mozambique,Mozambique,91.98,True,True,True,2,True,0.935,0.839,63,85.98,0.178,3,,1,1
MC202263212413,mcd64-cluster,A,35.84278,-16.264,36.02693,-16.12027,2022-08-05,2022-11-14,2022-09-19,2022-09-30,2022,Africa,Mozambique,Mozambique,104.2,True,True,True,2,True,0.96,0.936,36,100.07,0.428,5,,1,1
MC202291154368,mcd64-cluster,A,36.44914,-15.38365,36.61084,-15.11865,2022-07-19,2022-11-13,2022-09-02,2022-09-29,2022,Africa,Mozambique,Mozambique,157.61,True,True,True,2,True,0.918,0.857,32,144.74,0.198,4,,1,1
MC202294940781,mcd64-cluster,A,36.30541,-16.02594,36.75457,-15.61272,2022-07-27,2022-11-14,2022-09-10,2022-09-30,2022,Africa,Mozambique,Mozambique,641.56,True,True,True,2,True,0.962,0.951,262,617.14,0.158,5,,1,1
MC202326879587,mcd64-cluster,A,-45.77366,-9.04603,-45.59399,-8.92027,2023-07-18,2023-11-12,2023-09-01,2023-09-28,2023,SouthAmerica,Brazil,Brazil,80.81,True,True,True,2,True,0.957,0.864,36,77.36,0.152,3,,1,1
MC202396188743,mcd64-cluster,A,-51.01982,-10.663,-50.92999,-10.58215,2023-08-08,2023-11-14,2023-09-22,2023-09-30,2023,SouthAmerica,Brazil,Brazil,58.35,True,True,True,2,True,0.95,0.737,22,55.41,0.508,1,,1,1
MC202325306346,mcd64-cluster,A,-61.68731,-26.21733,-61.54807,-26.09606,2023-07-18,2023-11-09,2023-09-01,2023-09-25,2023,SouthAmerica,Argentina,Argentina,73.44,True,True,True,2,True,0.936,0.801,9,68.74,0.59,0,,0,1
MC202306825348,mcd64-cluster,A,31.66112,37.74272,31.76892,37.87297,2023-07-21,2023-11-05,2023-09-04,2023-09-21,2023,Europe,Turkey,Turkey,52.03,True,True,True,2,True,0.927,0.746,10,48.24,0.972,2,,1,1
MC202301837590,mcd64-cluster,A,37.81458,45.53111,37.97628,45.62094,2023-07-18,2023-11-13,2023-09-01,2023-09-29,2023,Europe,Russia,Russia,51.68,True,True,True,2,True,0.906,0.664,35,46.83,0.884,1,,1,1
MC202337691026,mcd64-cluster,A,46.72587,-22.84865,46.90553,-22.74085,2023-07-19,2023-11-14,2023-09-02,2023-09-30,2023,Africa,Madagascar,Madagascar,82.1,True,True,True,2,True,0.919,0.85,17,75.43,0.156,3,,1,1
MC202366730134,mcd64-cluster,A,14.30567,-15.81035,14.38652,-15.70704,2023-07-24,2023-11-03,2023-09-07,2023-09-19,2023,Africa,Angola,Angola,54.5,True,True,True,2,True,0.928,0.914,9,50.59,0.257,1,,1,1
MC202323212269,mcd64-cluster,A,25.97479,-27.02582,26.15445,-26.82819,2023-07-18,2023-10-23,2023-09-01,2023-09-08,2023,Africa,South Africa,South Africa,70.28,True,True,True,2,True,0.951,0.963,42,66.83,0.352,5,,1,1
MC202350194705,mcd64-cluster,A,26.23081,-26.72937,26.3431,-26.58115,2023-07-19,2023-10-22,2023-09-02,2023-09-07,2023,Africa,South Africa,South Africa,58.18,True,True,True,2,True,0.957,0.935,40,55.67,0.565,4,,1,1
MC202336501371,mcd64-cluster,A,27.43006,-28.14422,27.6187,-27.98701,2023-07-18,2023-10-22,2023-09-01,2023-09-07,2023,Africa,South Africa,South Africa,92.88,True,True,True,2,True,0.963,0.986,28,89.47,0.266,4,,1,1
MC202373764098,mcd64-cluster,A,31.46798,30.96942,31.62968,31.04128,2023-07-18,2023-11-14,2023-09-01,2023-09-30,2023,Africa,Egypt,Egypt,58.79,True,True,True,2,True,0.934,0.781,16,54.89,0.902,2,,1,1
MC202329228681,mcd64-cluster,A,33.12538,-18.06512,33.28258,-17.92588,2023-07-18,2023-11-14,2023-09-01,2023-09-30,2023,Africa,Mozambique,Mozambique,85.88,True,True,True,2,True,0.93,0.92,57,79.83,0.435,4,,1,1
MC202327847769,mcd64-cluster,A,35.86973,-16.23705,35.98202,-16.12925,2023-07-19,2023-11-14,2023-09-02,2023-09-30,2023,Africa,Mozambique,Mozambique,55.1,True,True,True,2,True,0.92,0.759,10,50.66,0.501,3,,1,1
MC202368349718,mcd64-cluster,A,74.98687,31.48146,75.1845,31.65214,2023-08-07,2023-11-14,2023-09-21,2023-09-30,2023,SouthAsia,India,India,152.16,True,True,True,2,True,0.956,0.523,23,145.52,0.945,5,,1,1
MC202457044698,mcd64-cluster,A,-45.30653,-9.12688,-45.18077,-9.05502,2024-07-18,2024-11-03,2024-09-01,2024-09-19,2024,SouthAmerica,Brazil,Brazil,50.49,True,True,True,2,True,0.963,0.93,15,48.65,0.263,2,,1,1
MC202474741482,mcd64-cluster,A,-45.26611,-8.08933,-45.16729,-7.97255,2024-07-24,2024-10-28,2024-09-07,2024-09-13,2024,SouthAmerica,Brazil,Brazil,51.62,True,True,True,2,True,0.926,0.949,16,47.79,0.191,1,,1,1
MC202473745833,mcd64-cluster,A,-45.55357,-11.83081,-45.44128,-11.732,2024-07-22,2024-11-14,2024-09-05,2024-09-30,2024,SouthAmerica,Brazil,Brazil,52.75,True,True,True,2,True,0.931,0.92,9,49.08,0.291,2,,1,1
MC202424213670,mcd64-cluster,A,-45.63891,-12.76057,-45.47272,-12.64379,2024-07-30,2024-11-14,2024-09-13,2024-09-30,2024,SouthAmerica,Brazil,Brazil,83.47,True,True,True,2,True,0.934,0.943,34,77.99,0.184,4,,1,1
MC202440977185,mcd64-cluster,A,-47.6691,-20.24353,-47.52986,-20.11328,2024-07-18,2024-11-03,2024-09-01,2024-09-19,2024,SouthAmerica,Brazil,Brazil,66.73,True,True,True,2,True,0.944,0.954,31,62.98,0.39,3,,1,1
MC202493097500,mcd64-cluster,A,-48.05088,-22.14796,-47.97004,-22.01771,2024-07-19,2024-11-03,2024-09-02,2024-09-19,2024,SouthAmerica,Brazil,Brazil,60.33,True,True,True,2,True,0.948,0.982,37,57.21,0.43,2,,1,1
MC202424806895,mcd64-cluster,A,-48.05088,-20.94871,-47.95656,-20.82295,2024-07-20,2024-11-02,2024-09-03,2024-09-18,2024,SouthAmerica,Brazil,Brazil,73.64,True,True,True,2,True,0.95,0.868,35,69.97,0.891,2,,1,1
MC202426115822,mcd64-cluster,A,-50.31015,-18.46038,-50.15743,-18.33911,2024-08-04,2024-11-09,2024-09-18,2024-09-25,2024,SouthAmerica,Brazil,Brazil,88.76,True,True,True,2,True,0.949,0.839,13,84.21,0.792,3,,1,1
MC202421532062,mcd64-cluster,A,19.32276,44.93373,19.62819,45.07297,2024-07-25,2024-11-05,2024-09-08,2024-09-21,2024,Europe,Serbia,Serbia,129.27,True,True,True,2,True,0.955,0.676,20,123.4,0.954,5,,1,1
MC202403359394,mcd64-cluster,A,19.68658,44.8439,19.93362,44.96517,2024-07-22,2024-11-09,2024-09-05,2024-09-25,2024,Europe,Serbia,Serbia,102.64,True,True,True,2,True,0.956,0.799,21,98.09,0.975,4,,1,1
MC202418253175,mcd64-cluster,A,20.49506,45.3784,20.80049,45.65238,2024-07-21,2024-11-03,2024-09-04,2024-09-19,2024,Europe,Serbia,Serbia,317.25,True,True,True,2,True,0.976,0.573,66,309.51,0.971,5,,1,1
MC202456618337,mcd64-cluster,A,37.46424,50.24277,37.67983,50.31464,2024-07-18,2024-11-14,2024-09-01,2024-09-30,2024,Europe,Ukraine,Ukraine,53.08,True,True,True,2,True,0.905,0.895,32,48.02,0.741,2,,1,1
MC202485877146,mcd64-cluster,A,37.6439,49.99125,37.79212,50.09006,2024-07-18,2024-11-14,2024-09-01,2024-09-30,2024,Europe,Ukraine,Ukraine,58.15,True,True,True,2,True,0.948,0.893,41,55.11,0.704,1,,1,1
MC202487791965,mcd64-cluster,A,37.67085,45.20772,37.98526,45.42331,2024-07-19,2024-11-14,2024-09-02,2024-09-30,2024,Europe,Russia,Russia,120.02,True,True,True,2,True,0.915,0.769,56,109.85,0.9,5,,1,1
MC202405722758,mcd64-cluster,A,38.21882,48.49555,38.48832,48.58987,2024-07-20,2024-11-07,2024-09-03,2024-09-23,2024,Europe,Ukraine,Ukraine,93.96,True,True,True,2,True,0.942,0.908,39,88.55,0.585,3,,1,1
MC202468481420,mcd64-cluster,A,40.28046,38.08408,40.4691,38.25925,2024-07-28,2024-11-14,2024-09-11,2024-09-30,2024,Europe,Turkey,Turkey,117.46,True,True,True,2,True,0.943,0.718,24,110.8,0.975,5,,1,1
MC202481268173,mcd64-cluster,A,29.6983,-26.40598,30.06661,-26.31615,2024-08-10,2024-11-14,2024-09-24,2024-09-30,2024,Africa,South Africa,South Africa,140.58,True,True,True,2,True,0.961,0.642,3,135.05,0.176,0,,0,1
MC202467481843,mcd64-cluster,A,30.0217,-27.34921,30.14746,-27.24141,2024-07-20,2024-11-14,2024-09-03,2024-09-30,2024,Africa,South Africa,South Africa,57.42,True,True,True,2,True,0.95,0.819,11,54.53,0.179,2,,1,1
MC202402844213,mcd64-cluster,A,34.14496,-15.35221,34.32014,-15.20399,2024-07-18,2024-11-09,2024-09-01,2024-09-25,2024,Africa,Mozambique,Mozambique,121.28,True,True,True,2,True,0.957,0.825,72,116.1,0.15,1,,1,1
MC202443469668,mcd64-cluster,A,35.26337,-16.49307,35.52837,-16.3718,2024-07-19,2024-11-09,2024-09-02,2024-09-25,2024,Africa,Mozambique,Mozambique,179.92,True,True,True,2,True,0.922,0.731,57,165.92,0.203,4,,1,1
MC202406400140,mcd64-cluster,A,35.60023,-16.54697,35.7799,-16.28196,2024-07-18,2024-11-14,2024-09-01,2024-09-30,2024,Africa,Mozambique,Mozambique,172.28,True,True,True,2,True,0.933,0.661,51,160.79,0.33,5,,1,1
MC202451551904,mcd64-cluster,A,35.6182,-10.51478,35.78888,-10.32613,2024-07-18,2024-11-12,2024-09-01,2024-09-28,2024,Africa,Tanzania,Tanzania,109.66,True,True,True,2,True,0.924,0.767,42,101.38,0.428,5,,1,1
MC202470331556,mcd64-cluster,A,36.04041,-10.67648,36.15719,-10.59563,2024-07-18,2024-11-05,2024-09-01,2024-09-21,2024,Africa,Tanzania,Tanzania,51.24,True,True,True,2,True,0.952,0.697,14,48.79,0.229,1,,1,1
MC202436298065,mcd64-cluster,A,36.83991,-15.29831,37.00161,-15.05576,2024-07-18,2024-11-04,2024-09-01,2024-09-20,2024,Africa,Mozambique,Mozambique,147.59,True,True,True,2,True,0.947,0.936,45,139.76,0.225,3,,1,1
MC202490455066,mcd64-cluster,A,40.39724,37.87746,40.60385,37.95382,2024-07-18,2024-11-14,2024-09-01,2024-09-30,2024,Europe,Turkey,Turkey,53.92,True,True,True,2,True,0.925,0.858,11,49.89,0.933,2,,1,1
MC202442087898,mcd64-cluster,A,114.78224,37.41034,114.92147,37.50017,2024-08-08,2024-11-14,2024-09-22,2024-09-30,2024,EastAsia,China,China,70.49,True,True,True,2,True,0.947,0.578,5,66.78,0.94,0,,0,1
MC202587825872,mcd64-cluster,A,-45.55806,-8.30942,-45.4278,-8.22408,2025-08-03,2025-11-14,2025-09-17,2025-09-30,2025,SouthAmerica,Brazil,Brazil,62.7,True,True,True,2,True,0.95,0.948,21,59.55,0.156,1,,1,1
MC202516612206,mcd64-cluster,A,-45.74221,-6.89906,-45.51764,-6.76431,2025-07-18,2025-11-07,2025-09-01,2025-09-23,2025,SouthAmerica,Brazil,Brazil,133.0,True,True,True,2,True,0.965,0.808,43,128.35,0.188,2,,1,1
MC202555432790,mcd64-cluster,A,-46.34409,-14.24279,-46.13298,-14.14397,2025-07-26,2025-11-04,2025-09-09,2025-09-20,2025,SouthAmerica,Brazil,Brazil,124.54,True,True,True,2,True,0.961,0.948,53,119.71,0.179,3,,1,1
MC202508923884,mcd64-cluster,A,-47.90266,-20.16718,-47.79037,-20.08184,2025-07-18,2025-10-30,2025-09-01,2025-09-15,2025,SouthAmerica,Brazil,Brazil,50.36,True,True,True,2,True,0.959,0.884,27,48.31,0.685,2,,1,1
MC202540938484,mcd64-cluster,A,-48.01495,-19.28683,-47.95207,-19.17005,2025-07-23,2025-10-28,2025-09-06,2025-09-13,2025,SouthAmerica,Brazil,Brazil,52.76,True,True,True,2,True,0.939,0.874,28,49.52,0.716,1,,1,1
MC202514208827,mcd64-cluster,A,-52.23254,-11.70954,-52.00347,-11.57928,2025-07-18,2025-11-10,2025-09-01,2025-09-26,2025,SouthAmerica,Brazil,Brazil,182.25,True,True,True,2,True,0.965,0.856,74,175.84,0.577,5,,1,1
MC202541929248,mcd64-cluster,A,44.17016,43.12812,44.28245,43.22693,2025-07-20,2025-11-01,2025-09-03,2025-09-17,2025,Europe,Russia,Russia,51.11,True,True,True,2,True,0.948,0.714,12,48.48,0.904,1,,1,1
MC202570999045,mcd64-cluster,A,14.08558,-13.69482,14.22033,-13.55109,2025-07-18,2025-11-12,2025-09-01,2025-09-28,2025,Africa,Angola,Angola,80.24,True,True,True,2,True,0.948,0.659,36,76.06,0.153,2,,1,1
MC202504000327,mcd64-cluster,A,14.70093,-11.47149,14.78178,-11.35471,2025-07-19,2025-11-03,2025-09-02,2025-09-19,2025,Africa,Angola,Angola,55.99,True,True,True,2,True,0.953,0.671,21,53.36,0.202,1,,1,1
MC202547316000,mcd64-cluster,A,15.50043,-14.46737,15.60823,-14.3416,2025-07-18,2025-10-25,2025-09-01,2025-09-10,2025,Africa,Angola,Angola,59.19,True,True,True,2,True,0.937,0.741,30,55.44,0.177,1,,1,1
MC202570626251,mcd64-cluster,A,33.29606,-17.96631,33.53411,-17.84503,2025-07-18,2025-11-04,2025-09-01,2025-09-20,2025,Africa,Mozambique,Mozambique,108.47,True,True,True,2,True,0.932,0.947,66,101.06,0.288,4,,1,1
MC202526216422,mcd64-cluster,A,33.21072,-18.3436,33.46224,-17.9169,2025-07-18,2025-11-08,2025-09-01,2025-09-24,2025,Africa,Mozambique,Mozambique,400.62,True,True,True,2,True,0.947,0.932,241,379.28,0.234,5,,1,1
MC202529301582,mcd64-cluster,A,74.94644,31.60722,75.06772,31.68358,2025-07-27,2025-11-10,2025-09-10,2025-09-26,2025,SouthAsia,India,India,55.0,True,True,True,2,True,0.969,0.514,4,53.3,0.922,1,,1,1
MC202054415236,mcd64-cluster,A,-45.51764,-9.1718,-45.36492,-8.97417,2020-08-17,2020-12-06,2020-10-01,2020-10-22,2020,SouthAmerica,Brazil,Brazil,137.21,True,True,True,2,True,0.961,0.891,37,131.79,0.154,4,,1,1
MC202070204307,mcd64-cluster,A,-45.99374,-8.7451,-45.87696,-8.66874,2020-08-17,2020-11-28,2020-10-01,2020-10-14,2020,SouthAmerica,Brazil,Brazil,60.66,True,True,True,2,True,0.944,0.776,27,57.26,0.161,1,,1,1
MC202022998336,mcd64-cluster,A,-46.17341,-17.48571,-46.02069,-17.42282,2020-08-17,2020-11-20,2020-10-01,2020-10-06,2020,SouthAmerica,Brazil,Brazil,66.39,True,True,True,2,True,0.911,0.9,32,60.5,0.257,2,,1,1
MC202072881833,mcd64-cluster,A,-46.25425,-9.01459,-46.11052,-8.85739,2020-09-01,2020-12-15,2020-10-16,2020-10-31,2020,SouthAmerica,Brazil,Brazil,131.09,True,True,True,2,True,0.964,0.911,27,126.35,0.317,3,,1,1
MC202021643806,mcd64-cluster,A,-47.7769,-14.65152,-47.68707,-14.54372,2020-08-17,2020-11-30,2020-10-01,2020-10-16,2020,SouthAmerica,Brazil,Brazil,54.55,True,True,True,2,True,0.9,0.832,21,49.12,0.158,0,,0,1
MC202011536774,mcd64-cluster,A,-49.84302,-20.24803,-49.77565,-20.13125,2020-08-17,2020-11-17,2020-10-01,2020-10-03,2020,SouthAmerica,Brazil,Brazil,62.51,True,True,True,2,True,0.948,0.956,30,59.23,0.648,2,,1,1
MC202047276122,mcd64-cluster,A,-51.78338,-21.12838,-51.67559,-20.97117,2020-08-17,2020-12-14,2020-10-01,2020-10-30,2020,SouthAmerica,Brazil,Brazil,95.91,True,True,True,2,True,0.954,0.876,41,91.54,0.162,1,,1,1
MC202017400789,mcd64-cluster,A,-64.20708,-31.2479,-64.06335,-31.13561,2020-09-02,2020-12-11,2020-10-17,2020-10-27,2020,SouthAmerica,Argentina,Argentina,77.67,True,True,True,2,True,0.933,0.353,5,72.44,0.979,3,,1,1
MC202029462882,mcd64-cluster,A,14.32364,-15.5678,14.48983,-15.45102,2020-08-25,2020-12-11,2020-10-09,2020-10-27,2020,Africa,Angola,Angola,68.74,True,True,True,2,True,0.948,0.927,14,65.2,0.269,2,,1,1
MC202061291717,mcd64-cluster,A,30.66848,-17.71029,30.7673,-17.57554,2020-08-21,2020-12-01,2020-10-05,2020-10-17,2020,Africa,Zimbabwe,Zimbabwe,54.2,True,True,True,2,True,0.924,0.658,3,50.1,0.162,1,,1,1
MC202012210898,mcd64-cluster,A,34.25276,-15.63967,34.46387,-15.41958,2020-08-26,2020-12-04,2020-10-10,2020-10-20,2020,Africa,Mozambique,Mozambique,179.29,True,True,True,2,True,0.929,0.623,23,166.49,0.641,5,,1,1
MC202010353788,mcd64-cluster,A,35.4565,-16.52002,35.59574,-16.40324,2020-08-17,2020-12-06,2020-10-01,2020-10-22,2020,Africa,Mozambique,Mozambique,71.53,True,True,True,2,True,0.941,0.888,29,67.34,0.218,2,,1,1
MC202038622530,mcd64-cluster,A,61.93884,31.07722,62.03765,31.20298,2020-08-17,2020-12-01,2020-10-01,2020-10-17,2020,MiddleEast,Afghanistan,Afghanistan,68.32,True,True,True,2,True,0.95,0.942,47,64.91,0.711,2,,1,1
MC202028801069,mcd64-cluster,A,74.34008,30.78077,74.45686,30.91552,2020-08-18,2020-12-14,2020-10-02,2020-10-30,2020,SouthAsia,India,India,55.25,True,True,True,2,True,0.92,0.271,38,50.8,0.961,2,,1,1
MC202023880851,mcd64-cluster,A,74.51974,31.2479,74.66797,31.33773,2020-08-17,2020-12-15,2020-10-01,2020-10-31,2020,SouthAsia,India,India,50.52,True,True,True,2,True,0.915,0.479,21,46.2,0.983,2,,1,1
MC202019108037,mcd64-cluster,A,74.69941,30.98289,74.84314,31.12662,2020-08-25,2020-12-15,2020-10-09,2020-10-31,2020,SouthAsia,India,India,69.45,True,True,True,2,True,0.92,0.785,60,63.89,0.973,4,,1,1
MC202013914380,mcd64-cluster,A,75.09467,30.20585,75.47196,30.48882,2020-09-02,2020-12-15,2020-10-17,2020-10-31,2020,SouthAsia,India,India,223.23,True,True,True,2,True,0.968,0.971,157,216.08,0.976,5,,1,1
MC202024211964,mcd64-cluster,A,75.19797,31.10417,75.35967,31.26586,2020-08-19,2020-12-15,2020-10-03,2020-10-31,2020,SouthAsia,India,India,109.26,True,True,True,2,True,0.916,0.403,19,100.09,0.955,5,,1,1
MC202001224756,mcd64-cluster,A,75.22492,30.67747,75.46747,30.95145,2020-08-30,2020-12-15,2020-10-14,2020-10-31,2020,SouthAsia,India,India,246.16,True,True,True,2,True,0.956,0.905,145,235.28,0.972,5,,1,1
MC202096558158,mcd64-cluster,A,75.31475,31.75545,75.46298,31.92613,2020-08-25,2020-12-15,2020-10-09,2020-10-31,2020,SouthAsia,India,India,87.74,True,True,True,2,True,0.879,0.246,23,77.14,0.923,4,,1,1
MC202062219328,mcd64-cluster,A,75.38213,31.48595,75.62018,31.6746,2020-08-17,2020-12-15,2020-10-01,2020-10-31,2020,SouthAsia,India,India,120.89,True,True,True,2,True,0.894,0.278,54,108.09,0.959,5,,1,1
MC202182619838,mcd64-cluster,A,-63.98251,-30.33611,-63.89267,-30.17441,2021-08-18,2021-11-25,2021-10-02,2021-10-11,2021,SouthAmerica,Argentina,Argentina,63.78,True,True,True,2,True,0.927,0.911,21,59.09,0.321,1,,1,1
MC202161589343,mcd64-cluster,A,23.57179,43.65812,23.72451,43.76143,2021-08-19,2021-12-05,2021-10-03,2021-10-21,2021,Europe,Bulgaria,Bulgaria,62.2,True,True,True,2,True,0.955,0.859,19,59.4,0.967,4,,1,1
MC202190167750,mcd64-cluster,A,13.77117,11.15258,13.92389,11.34123,2021-08-17,2021-12-14,2021-10-01,2021-10-30,2021,Africa,Nigeria,Nigeria,116.94,True,True,True,2,True,0.919,0.794,22,107.46,0.162,2,,1,1
MC202142688398,mcd64-cluster,A,13.79812,11.42657,13.98677,11.54784,2021-08-17,2021-12-14,2021-10-01,2021-10-30,2021,Africa,Nigeria,Nigeria,101.45,True,True,True,2,True,0.948,0.857,25,96.19,0.395,3,,1,1
MC202162877785,mcd64-cluster,A,13.76668,11.8892,13.97779,12.10929,2021-08-17,2021-12-12,2021-10-01,2021-10-28,2021,Africa,Nigeria,Nigeria,185.45,True,True,True,2,True,0.928,0.87,43,172.02,0.19,5,,1,1
MC202168181323,mcd64-cluster,A,14.08558,11.98353,14.21135,12.16768,2021-08-26,2021-12-15,2021-10-10,2021-10-31,2021,Africa,Nigeria,Nigeria,149.76,True,True,True,2,True,0.958,0.795,34,143.42,0.292,3,,1,1
MC202169737807,mcd64-cluster,A,14.31465,11.97903,14.64703,12.28446,2021-08-20,2021-12-15,2021-10-04,2021-10-31,2021,Africa,Nigeria,Nigeria,488.98,True,True,True,2,True,0.963,0.88,83,471.06,0.218,5,,1,1
MC202176192651,mcd64-cluster,A,14.64703,10.82919,14.79076,11.11216,2021-08-17,2021-12-09,2021-10-01,2021-10-25,2021,Africa,Cameroon,Cameroon,164.32,True,True,True,2,True,0.92,0.846,22,151.1,0.58,4,,1,1
MC202131315049,mcd64-cluster,A,19.90667,10.62707,20.13125,10.84267,2021-08-17,2021-12-15,2021-10-01,2021-10-31,2021,Africa,Chad,Chad,118.13,True,True,True,2,True,0.931,0.617,8,109.98,0.629,4,,1,1
MC202128269467,mcd64-cluster,A,33.09394,-18.43343,33.35894,-18.10554,2021-08-17,2021-12-11,2021-10-01,2021-10-27,2021,Africa,Mozambique,Mozambique,276.64,True,True,True,2,True,0.946,0.948,148,261.72,0.285,4,,1,1
MC202103358457,mcd64-cluster,A,74.98687,31.47697,75.18899,31.70604,2021-08-19,2021-12-04,2021-10-03,2021-10-20,2021,SouthAsia,India,India,207.82,True,True,True,2,True,0.932,0.688,57,193.64,0.937,5,,1,1
MC202103064133,mcd64-cluster,A,75.18001,31.12213,75.38213,31.28832,2021-08-19,2021-12-15,2021-10-03,2021-10-31,2021,SouthAsia,India,India,136.13,True,True,True,2,True,0.931,0.537,38,126.8,0.957,5,,1,1
MC202185985560,mcd64-cluster,A,75.68306,29.66237,75.88518,29.82407,2021-08-29,2021-12-15,2021-10-13,2021-10-31,2021,SouthAsia,India,India,111.76,True,True,True,2,True,0.92,0.766,43,102.77,0.954,5,,1,1
MC202184417831,mcd64-cluster,A,76.23553,29.99924,76.48256,30.22382,2021-08-22,2021-12-15,2021-10-06,2021-10-31,2021,SouthAsia,India,India,211.24,True,True,True,2,True,0.928,0.437,60,196.14,0.956,5,,1,1
MC202174088573,mcd64-cluster,A,76.69816,30.06661,76.96316,30.21933,2021-08-17,2021-12-11,2021-10-01,2021-10-27,2021,SouthAsia,India,India,91.9,True,True,True,2,True,0.887,0.363,13,81.49,0.899,5,,1,1
MC202235214727,mcd64-cluster,A,26.17242,40.78801,26.36555,40.92724,2022-08-17,2022-12-02,2022-10-01,2022-10-18,2022,Europe,Turkey,Turkey,61.69,True,True,True,2,True,0.933,0.851,23,57.59,0.948,4,,1,1
MC202262772724,mcd64-cluster,A,5.63244,12.69319,5.75371,12.79201,2022-09-07,2022-12-15,2022-10-22,2022-10-31,2022,Africa,Nigeria,Nigeria,56.69,True,True,True,2,True,0.953,0.936,11,54.01,0.462,3,,1,1
MC202280242694,mcd64-cluster,A,13.69931,11.16606,13.82507,11.39962,2022-08-17,2022-12-12,2022-10-01,2022-10-28,2022,Africa,Nigeria,Nigeria,88.55,True,True,True,2,True,0.925,0.685,4,81.88,0.35,4,,1,1
MC202257399104,mcd64-cluster,A,14.21584,10.20935,14.39999,10.36207,2022-08-17,2022-12-14,2022-10-01,2022-10-30,2022,Africa,Cameroon,Cameroon,109.96,True,True,True,2,True,0.915,0.515,4,100.63,0.443,5,,1,1
MC202254128281,mcd64-cluster,A,14.64254,10.87411,14.79525,11.10767,2022-08-17,2022-12-15,2022-10-01,2022-10-31,2022,Africa,Cameroon,Cameroon,137.62,True,True,True,2,True,0.938,0.456,16,129.11,0.626,5,,1,1
MC202208843758,mcd64-cluster,A,14.80424,10.59563,14.89856,10.68546,2022-08-18,2022-12-05,2022-10-02,2022-10-21,2022,Africa,Cameroon,Cameroon,51.48,True,True,True,2,True,0.935,0.812,5,48.11,0.3,1,,1,1
MC202246740683,mcd64-cluster,A,20.0504,10.72588,20.20311,10.84267,2022-08-22,2022-12-15,2022-10-06,2022-10-31,2022,Africa,Chad,Chad,81.6,True,True,True,2,True,0.962,0.817,12,78.47,0.545,2,,1,1
MC202220493921,mcd64-cluster,A,29.76119,-7.26288,29.90492,-7.17305,2022-08-17,2022-12-03,2022-10-01,2022-10-19,2022,Africa,Dem Rep of the Congo,Dem Rep of the Congo,51.72,True,True,True,2,True,0.885,0.793,16,45.78,0.172,2,,1,1
MC202282382963,mcd64-cluster,A,30.29119,-17.52613,30.42594,-17.4363,2022-08-17,2022-11-29,2022-10-01,2022-10-15,2022,Africa,Zimbabwe,Zimbabwe,59.96,True,True,True,2,True,0.925,0.886,21,55.44,0.39,2,,1,1
MC202241025603,mcd64-cluster,A,75.00034,31.3018,75.25636,31.58477,2022-08-17,2022-12-06,2022-10-01,2022-10-22,2022,SouthAsia,India,India,325.77,True,True,True,2,True,0.941,0.493,98,306.52,0.951,5,,1,1
MC202202387541,mcd64-cluster,A,76.17264,29.93187,76.50502,30.05763,2022-08-20,2022-12-10,2022-10-04,2022-10-26,2022,SouthAsia,India,India,191.19,True,True,True,2,True,0.945,0.446,27,180.71,0.955,5,,1,1
MC202279054665,mcd64-cluster,A,76.74757,29.86449,76.88231,29.94534,2022-08-19,2022-11-30,2022-10-03,2022-10-16,2022,SouthAsia,India,India,79.57,True,True,True,2,True,0.959,0.647,5,76.28,0.946,1,,1,1
MC202286840118,mcd64-cluster,A,80.09379,28.0993,80.21057,28.25202,2022-08-17,2022-12-14,2022-10-01,2022-10-30,2022,SouthAsia,India,India,94.77,True,True,True,2,True,0.947,0.513,9,89.76,0.964,3,,1,1
MC202379499752,mcd64-cluster,A,-63.79386,-22.7139,-63.64115,-22.61958,2023-08-30,2023-12-13,2023-10-14,2023-10-29,2023,SouthAmerica,Argentina,Argentina,82.64,True,True,True,2,True,0.943,0.719,11,77.92,0.756,0,,0,1
MC202330271954,mcd64-cluster,A,-63.83878,-24.1018,-63.6681,-23.994,2023-08-18,2023-12-13,2023-10-02,2023-10-29,2023,SouthAmerica,Argentina,Argentina,73.8,True,True,True,2,True,0.909,0.818,15,67.08,0.432,0,,0,1
MC202355611059,mcd64-cluster,A,-64.36429,-25.53012,-64.05886,-25.40885,2023-08-20,2023-12-14,2023-10-04,2023-10-30,2023,SouthAmerica,Argentina,Argentina,110.35,True,True,True,2,True,0.958,0.241,3,105.73,0.216,0,,0,1
MC202377764451,mcd64-cluster,A,40.9497,38.0167,41.13386,38.13348,2023-08-18,2023-12-07,2023-10-02,2023-10-23,2023,Europe,Turkey,Turkey,94.65,True,True,True,2,True,0.936,0.859,24,88.61,0.853,4,,1,1
MC202397724574,mcd64-cluster,A,5.601,12.69319,5.7043,12.7965,2023-09-05,2023-12-15,2023-10-20,2023-10-31,2023,Africa,Nigeria,Nigeria,63.26,True,True,True,2,True,0.958,0.984,5,60.58,0.516,2,,1,1
MC202358967331,mcd64-cluster,A,5.8121,13.12439,6.01422,13.23218,2023-08-30,2023-12-15,2023-10-14,2023-10-31,2023,Africa,Nigeria,Nigeria,112.69,True,True,True,2,True,0.974,0.982,14,109.72,0.53,5,,1,1
MC202388551045,mcd64-cluster,A,13.74872,11.27386,13.90143,11.37716,2023-08-17,2023-11-29,2023-10-01,2023-10-15,2023,Africa,Nigeria,Nigeria,57.72,True,True,True,2,True,0.926,0.673,10,53.44,0.395,3,,1,1
MC202336964696,mcd64-cluster,A,13.88795,-13.62744,14.25626,-13.25464,2023-08-17,2023-12-01,2023-10-01,2023-10-17,2023,Africa,Angola,Angola,498.57,True,True,True,2,True,0.946,0.727,146,471.46,0.205,5,,1,1
MC202366315874,mcd64-cluster,A,13.98677,-13.73524,14.0766,-13.63193,2023-08-17,2023-11-28,2023-10-01,2023-10-14,2023,Africa,Angola,Angola,58.41,True,True,True,2,True,0.933,0.87,23,54.47,0.194,2,,1,1
MC202389353509,mcd64-cluster,A,14.09906,-12.94023,14.21135,-12.83693,2023-08-19,2023-11-27,2023-10-03,2023-10-13,2023,Africa,Angola,Angola,65.89,True,True,True,2,True,0.899,0.548,17,59.27,0.181,1,,1,1
MC202318712508,mcd64-cluster,A,14.00474,12.04192,14.3416,12.33387,2023-08-17,2023-12-15,2023-10-01,2023-10-31,2023,Africa,Nigeria,Nigeria,422.0,True,True,True,2,True,0.961,0.848,59,405.43,0.465,5,,1,1
MC202388770862,mcd64-cluster,A,14.24279,-13.31752,14.40898,-13.16032,2023-08-19,2023-11-29,2023-10-03,2023-10-15,2023,Africa,Angola,Angola,107.08,True,True,True,2,True,0.916,0.782,15,98.04,0.485,5,,1,1
MC202396174502,mcd64-cluster,A,74.44339,30.73137,74.76678,31.05925,2023-08-20,2023-12-15,2023-10-04,2023-10-31,2023,SouthAsia,India,India,217.83,True,True,True,2,True,0.933,0.665,117,203.28,0.963,5,,1,1
MC202387354404,mcd64-cluster,A,74.51974,31.12213,74.8656,31.34222,2023-08-19,2023-12-15,2023-10-03,2023-10-31,2023,SouthAsia,India,India,290.9,True,True,True,2,True,0.926,0.584,86,269.47,0.974,5,,1,1
MC202344713473,mcd64-cluster,A,75.1306,31.08171,75.40458,31.32425,2023-08-21,2023-12-15,2023-10-05,2023-10-31,2023,SouthAsia,India,India,300.46,True,True,True,2,True,0.923,0.392,58,277.41,0.956,5,,1,1
MC202392799317,mcd64-cluster,A,75.4495,30.72687,75.57077,30.96493,2023-08-28,2023-12-15,2023-10-12,2023-10-31,2023,SouthAsia,India,India,106.63,True,True,True,2,True,0.905,0.39,14,96.51,0.947,5,,1,1
MC202321956843,mcd64-cluster,A,75.61569,31.09069,75.7684,31.17154,2023-09-05,2023-12-15,2023-10-20,2023-10-31,2023,SouthAsia,India,India,61.07,True,True,True,2,True,0.951,0.436,6,58.08,0.965,2,,1,1
MC202311516188,mcd64-cluster,A,76.39722,30.62357,76.52748,30.76281,2023-08-31,2023-12-15,2023-10-15,2023-10-31,2023,SouthAsia,India,India,74.0,True,True,True,2,True,0.916,0.251,29,67.78,0.952,2,,1,1
MC202344555201,mcd64-cluster,A,79.73446,28.86287,79.88269,28.97067,2023-08-17,2023-12-15,2023-10-01,2023-10-31,2023,SouthAsia,India,India,64.63,True,True,True,2,True,0.916,0.353,7,59.18,0.932,3,,1,1
MC202366657450,mcd64-cluster,A,112.09178,29.17279,112.20856,29.30304,2023-08-19,2023-11-30,2023-10-03,2023-10-16,2023,EastAsia,China,China,68.77,True,True,True,2,True,0.945,0.319,5,64.96,0.882,3,,1,1
MC202408157436,mcd64-cluster,A,-45.18975,-8.77205,-45.08644,-8.68222,2024-08-17,2024-12-04,2024-10-01,2024-10-20,2024,SouthAmerica,Brazil,Brazil,60.65,True,True,True,2,True,0.977,0.945,19,59.24,0.666,1,,1,1
MC202493519463,mcd64-cluster,A,-46.39349,-10.95495,-46.29917,-10.82919,2024-08-17,2024-12-07,2024-10-01,2024-10-23,2024,SouthAmerica,Brazil,Brazil,54.38,True,True,True,2,True,0.972,0.921,11,52.85,0.194,1,,1,1
MC202482242326,mcd64-cluster,A,-47.8802,-21.67186,-47.67359,-21.51465,2024-08-17,2024-11-29,2024-10-01,2024-10-15,2024,SouthAmerica,Brazil,Brazil,120.61,True,True,True,2,True,0.958,0.898,68,115.5,0.163,5,,1,1
MC202479883697,mcd64-cluster,A,-48.29343,-19.17903,-48.19911,-19.09369,2024-08-20,2024-11-24,2024-10-04,2024-10-10,2024,SouthAmerica,Brazil,Brazil,62.68,True,True,True,2,True,0.954,0.695,24,59.8,0.626,1,,1,1
MC202486097632,mcd64-cluster,A,-48.48657,-21.92338,-48.35182,-21.77965,2024-08-17,2024-11-28,2024-10-01,2024-10-14,2024,SouthAmerica,Brazil,Brazil,86.12,True,True,True,2,True,0.925,0.855,50,79.69,0.774,5,,1,1
MC202495407064,mcd64-cluster,A,-48.86835,-20.45464,-48.76954,-20.32438,2024-08-22,2024-12-09,2024-10-06,2024-10-25,2024,SouthAmerica,Brazil,Brazil,79.73,True,True,True,2,True,0.959,0.841,40,76.46,0.746,0,,0,1
MC202409392325,mcd64-cluster,A,-48.91776,-21.41584,-48.7875,-21.28109,2024-08-17,2024-11-22,2024-10-01,2024-10-08,2024,SouthAmerica,Brazil,Brazil,81.31,True,True,True,2,True,0.92,0.776,30,74.8,0.824,0,,0,1
MC202470404179,mcd64-cluster,A,-53.15781,-17.80461,-53.01857,-17.63393,2024-08-17,2024-12-01,2024-10-01,2024-10-17,2024,SouthAmerica,Brazil,Brazil,111.67,True,True,True,2,True,0.953,0.885,41,106.45,0.564,5,,1,1
MC202475030568,mcd64-cluster,A,40.87335,37.64839,41.00809,37.76967,2024-08-30,2024-12-15,2024-10-14,2024-10-31,2024,Europe,Turkey,Turkey,79.52,True,True,True,2,True,0.957,0.713,24,76.12,0.741,4,,1,1
MC202475563679,mcd64-cluster,A,41.52912,37.93136,41.6953,37.99874,2024-09-08,2024-12-15,2024-10-23,2024-10-31,2024,Europe,Turkey,Turkey,50.54,True,True,True,2,True,0.921,0.949,10,46.56,0.982,1,,1,1
MC202415714534,mcd64-cluster,A,46.7618,-22.65551,46.94596,-22.52076,2024-08-17,2024-12-15,2024-10-01,2024-10-31,2024,Africa,Madagascar,Madagascar,98.34,True,True,True,2,True,0.919,0.768,8,90.33,0.163,3,,1,1
MC202456385662,mcd64-cluster,A,14.11253,10.22732,14.22482,10.40249,2024-08-25,2024-12-08,2024-10-09,2024-10-24,2024,Africa,Cameroon,Cameroon,125.65,True,True,True,2,True,0.958,0.882,4,120.44,0.742,4,,1,1
MC202404034258,mcd64-cluster,A,20.02345,10.9864,20.17616,11.12563,2024-08-18,2024-12-15,2024-10-02,2024-10-31,2024,Africa,Chad,Chad,99.39,True,True,True,2,True,0.917,0.393,3,91.19,0.348,3,,1,1
MC202488248302,mcd64-cluster,A,36.26499,-16.82095,36.37279,-16.72663,2024-08-27,2024-12-12,2024-10-11,2024-10-28,2024,Africa,Mozambique,Mozambique,53.74,True,True,True,2,True,0.91,0.434,9,48.9,0.318,1,,1,1
MC202460300798,mcd64-cluster,A,-1.03306,13.22769,-0.89832,13.31752,2024-09-10,2024-12-15,2024-10-25,2024-10-31,2024,Africa,Burkina Faso,Burkina Faso,67.98,True,True,True,2,True,0.972,0.986,8,66.1,0.166,1,,1,1
MC202450978145,mcd64-cluster,A,73.76965,30.73586,73.93584,30.85264,2024-08-18,2024-12-09,2024-10-02,2024-10-25,2024,SouthAsia,Pakistan,Pakistan,70.92,True,True,True,2,True,0.918,0.444,21,65.08,0.96,4,,1,1
MC202508905585,mcd64-cluster,A,-46.11951,-8.92476,-46.00273,-8.82595,2025-08-18,2025-12-06,2025-10-02,2025-10-22,2025,SouthAmerica,Brazil,Brazil,53.23,True,True,True,2,True,0.951,0.964,25,50.65,0.239,2,,1,1
MC202541736597,mcd64-cluster,A,13.8116,11.39962,13.9688,11.52089,2025-08-18,2025-12-15,2025-10-02,2025-10-31,2025,Africa,Nigeria,Nigeria,99.99,True,True,True,2,True,0.925,0.679,21,92.53,0.406,3,,1,1
MC202528197563,mcd64-cluster,A,14.01372,11.31428,14.17092,11.38615,2025-08-31,2025-12-10,2025-10-15,2025-10-26,2025,Africa,Nigeria,Nigeria,58.21,True,True,True,2,True,0.95,0.695,9,55.27,0.172,1,,1,1
MC202508106356,mcd64-cluster,A,14.10804,12.22607,14.27872,12.30692,2025-08-22,2025-12-10,2025-10-06,2025-10-26,2025,Africa,Nigeria,Nigeria,64.59,True,True,True,2,True,0.924,0.673,15,59.66,0.557,2,,1,1
MC202522660158,mcd64-cluster,A,14.15296,-15.40611,14.42694,-15.29831,2025-08-17,2025-12-12,2025-10-01,2025-10-28,2025,Africa,Angola,Angola,143.36,True,True,True,2,True,0.957,0.904,8,137.23,0.17,3,,1,1
MC202515824873,mcd64-cluster,A,14.33711,11.55683,14.47635,11.66462,2025-08-31,2025-12-14,2025-10-15,2025-10-30,2025,Africa,Nigeria,Nigeria,63.04,True,True,True,2,True,0.913,0.834,11,57.54,0.153,2,,1,1
MC202574121261,mcd64-cluster,A,14.64254,10.85614,14.82669,11.0897,2025-08-20,2025-12-15,2025-10-04,2025-10-31,2025,Africa,Cameroon,Cameroon,181.95,True,True,True,2,True,0.943,0.872,11,171.67,0.516,0,,0,1
MC202513810023,mcd64-cluster,A,15.195,10.60012,15.33424,10.68546,2025-08-26,2025-12-15,2025-10-10,2025-10-31,2025,Africa,Chad,Chad,69.87,True,True,True,2,True,0.951,0.732,9,66.44,0.485,0,,0,1
MC202585631180,mcd64-cluster,A,24.94622,13.45676,25.04503,13.56456,2025-08-27,2025-12-09,2025-10-11,2025-10-25,2025,Africa,Sudan,Sudan,65.24,True,True,True,2,True,0.943,0.956,8,61.54,0.455,3,,1,1
MC202540879959,mcd64-cluster,A,75.13958,30.14297,75.32823,30.24628,2025-09-02,2025-12-15,2025-10-17,2025-10-31,2025,SouthAsia,India,India,78.26,True,True,True,2,True,0.953,0.478,4,74.59,0.978,4,,1,1
MC202595026708,mcd64-cluster,A,75.65611,30.25526,75.89417,30.38102,2025-09-03,2025-12-15,2025-10-18,2025-10-31,2025,SouthAsia,India,India,131.78,True,True,True,2,True,0.987,0.414,10,130.11,0.942,5,,1,1
MC202544047845,mcd64-cluster,A,130.46682,45.80959,130.57462,45.92188,2025-08-19,2025-12-11,2025-10-03,2025-10-27,2025,EastAsia,China,China,53.68,True,True,True,2,True,0.882,0.86,15,47.34,0.962,2,,1,1
MC202097848671,mcd64-cluster,A,-63.24589,-16.67722,-63.15606,-16.56943,2020-09-17,2021-01-09,2020-11-01,2020-11-25,2020,SouthAmerica,Bolivia,Bolivia,60.95,True,True,True,2,True,0.941,0.746,4,57.36,0.794,1,,1,1
MC202001003906,mcd64-cluster,A,39.07222,36.93423,39.18451,37.05101,2020-09-18,2021-01-12,2020-11-02,2020-11-28,2020,Europe,Turkey,Turkey,67.34,True,True,True,2,True,0.896,0.564,11,60.32,0.979,2,,1,1
MC202055947031,mcd64-cluster,A,40.70716,37.6978,40.89131,37.78763,2020-09-18,2021-01-07,2020-11-02,2020-11-23,2020,Europe,Turkey,Turkey,59.96,True,True,True,2,True,0.905,0.664,8,54.24,0.975,2,,1,1
MC202033760286,mcd64-cluster,A,46.72587,-22.88907,46.85613,-22.75433,2020-09-17,2021-01-09,2020-11-01,2020-11-25,2020,Africa,Madagascar,Madagascar,106.45,True,True,True,2,True,0.945,0.693,19,100.59,0.152,2,,1,1
MC202035728661,mcd64-cluster,A,5.42133,12.32039,5.57405,12.45963,2020-09-17,2021-01-13,2020-11-01,2020-11-29,2020,Africa,Nigeria,Nigeria,77.96,True,True,True,2,True,0.97,0.686,14,75.59,0.39,4,,1,1
MC202006460663,mcd64-cluster,A,5.62345,12.65726,5.74922,12.73811,2020-10-05,2021-01-11,2020-11-19,2020-11-27,2020,Africa,Nigeria,Nigeria,60.1,True,True,True,2,True,0.984,0.866,3,59.13,0.405,2,,1,1
MC202044589113,mcd64-cluster,A,8.27348,7.83331,8.37679,7.91865,2020-09-17,2021-01-14,2020-11-01,2020-11-30,2020,Africa,Nigeria,Nigeria,55.1,True,True,True,2,True,0.946,0.77,8,52.14,0.884,2,,1,1
MC202023453691,mcd64-cluster,A,11.92064,6.95745,12.01497,7.12364,2020-09-24,2021-01-14,2020-11-08,2020-11-30,2020,Africa,Cameroon,Cameroon,69.56,True,True,True,2,True,0.926,0.721,9,64.43,0.22,1,,1,1
MC202042289361,mcd64-cluster,A,14.12152,-16.51103,14.24728,-16.42569,2020-09-18,2020-12-28,2020-11-02,2020-11-13,2020,Africa,Angola,Angola,68.41,True,True,True,2,True,0.983,0.977,14,67.22,0.183,1,,1,1
MC202018399340,mcd64-cluster,A,15.56331,9.79164,15.76992,9.97579,2020-09-17,2021-01-14,2020-11-01,2020-11-30,2020,Africa,Chad,Chad,138.85,True,True,True,2,True,0.925,0.792,36,128.4,0.292,5,,1,1
MC202013850482,mcd64-cluster,A,20.0504,10.70792,20.1537,10.79775,2020-09-17,2021-01-02,2020-11-01,2020-11-18,2020,Africa,Chad,Chad,57.35,True,True,True,2,True,0.953,0.827,3,54.65,0.509,1,,1,1
MC202088958361,mcd64-cluster,A,73.89542,30.32712,74.24576,30.6056,2020-09-17,2021-01-11,2020-11-01,2020-11-27,2020,SouthAsia,India,India,398.43,True,True,True,2,True,0.951,0.834,241,378.87,0.954,5,,1,1
MC202053983847,mcd64-cluster,A,74.19186,30.55619,74.42542,30.68196,2020-09-17,2021-01-09,2020-11-01,2020-11-25,2020,SouthAsia,India,India,120.22,True,True,True,2,True,0.917,0.775,86,110.19,0.95,5,,1,1
MC202083050142,mcd64-cluster,A,74.32212,29.55457,74.52873,29.63991,2020-09-17,2021-01-14,2020-11-01,2020-11-30,2020,SouthAsia,India,India,66.37,True,True,True,2,True,0.876,0.586,38,58.13,0.967,3,,1,1
MC202059686742,mcd64-cluster,A,74.51525,30.39899,74.66797,30.54721,2020-09-17,2021-01-05,2020-11-01,2020-11-21,2020,SouthAsia,India,India,82.13,True,True,True,2,True,0.92,0.688,62,75.52,0.933,5,,1,1
MC202057598782,mcd64-cluster,A,74.61856,29.45127,74.80721,29.595,2020-09-17,2021-01-13,2020-11-01,2020-11-29,2020,SouthAsia,India,India,83.79,True,True,True,2,True,0.882,0.721,8,73.91,0.965,5,,1,1
MC202059188880,mcd64-cluster,A,74.84763,30.48882,75.13509,30.83916,2020-09-17,2021-01-02,2020-11-01,2020-11-18,2020,SouthAsia,India,India,300.36,True,True,True,2,True,0.961,0.942,180,288.77,0.946,5,,1,1
MC202083548061,mcd64-cluster,A,75.27882,29.52313,75.37764,29.63991,2020-09-17,2021-01-13,2020-11-01,2020-11-29,2020,SouthAsia,India,India,54.67,True,True,True,2,True,0.873,0.922,10,47.73,0.976,2,,1,1
MC202096910222,mcd64-cluster,A,75.46747,29.94534,75.84925,30.12051,2020-09-17,2020-12-28,2020-11-01,2020-11-13,2020,SouthAsia,India,India,163.89,True,True,True,2,True,0.961,0.99,111,157.58,0.936,5,,1,1
MC202024308972,mcd64-cluster,A,100.49004,15.6756,100.63377,15.73848,2020-09-21,2021-01-07,2020-11-05,2020-11-23,2020,SoutheastAsia,Thailand,Thailand,72.28,True,True,True,2,True,0.978,0.365,13,70.66,0.972,2,,1,1
MC202110636219,mcd64-cluster,A,38.89256,37.01957,39.09019,37.18127,2021-09-17,2022-01-12,2021-11-01,2021-11-28,2021,Europe,Turkey,Turkey,136.85,True,True,True,2,True,0.922,0.651,27,126.21,0.965,5,,1,1
MC202152553724,mcd64-cluster,A,39.43155,36.7366,39.53486,36.86686,2021-09-18,2022-01-12,2021-11-02,2021-11-28,2021,Europe,Turkey,Turkey,55.93,True,True,True,2,True,0.915,0.847,29,51.18,0.921,2,,1,1
MC202108713554,mcd64-cluster,A,39.72799,37.06449,39.85376,37.18127,2021-09-17,2022-01-09,2021-11-01,2021-11-25,2021,Europe,Turkey,Turkey,55.09,True,True,True,2,True,0.911,0.375,5,50.17,0.963,3,,1,1
MC202123315342,mcd64-cluster,A,44.22855,37.4328,44.37228,37.52712,2021-09-20,2022-01-01,2021-11-04,2021-11-17,2021,Europe,Turkey,Turkey,73.04,True,True,True,2,True,0.943,0.356,10,68.88,0.671,2,,1,1
MC202114271499,mcd64-cluster,A,5.4393,12.3698,5.61896,12.45514,2021-09-30,2022-01-14,2021-11-14,2021-11-30,2021,Africa,Nigeria,Nigeria,64.31,True,True,True,2,True,0.983,0.912,15,63.22,0.172,2,,1,1
MC202163604474,mcd64-cluster,A,5.96931,11.00436,6.05015,11.11665,2021-09-23,2022-01-14,2021-11-07,2021-11-30,2021,Africa,Nigeria,Nigeria,52.88,True,True,True,2,True,0.924,0.9,12,48.84,0.587,2,,1,1
MC202136966973,mcd64-cluster,A,6.13998,11.2514,6.30168,11.50293,2021-09-23,2022-01-14,2021-11-07,2021-11-30,2021,Africa,Nigeria,Nigeria,198.08,True,True,True,2,True,0.95,0.876,57,188.24,0.168,5,,1,1
MC202105166927,mcd64-cluster,A,1.02857,11.31877,1.23069,11.43555,2021-09-21,2022-01-14,2021-11-05,2021-11-30,2021,Africa,Burkina Faso,Burkina Faso,146.97,True,True,True,2,True,0.968,0.892,32,142.2,0.424,2,,1,1
MC202187620963,mcd64-cluster,A,14.01372,12.09582,14.1305,12.21709,2021-10-04,2022-01-14,2021-11-18,2021-11-30,2021,Africa,Nigeria,Nigeria,83.39,True,True,True,2,True,0.959,0.785,15,79.98,0.46,4,,1,1
MC202107382479,mcd64-cluster,A,14.44491,11.50742,14.59313,11.64217,2021-09-19,2022-01-06,2021-11-03,2021-11-22,2021,Africa,Nigeria,Nigeria,80.15,True,True,True,2,True,0.922,0.75,25,73.92,0.462,4,,1,1
MC202175065522,mcd64-cluster,A,14.57517,12.01048,14.67847,12.10031,2021-09-28,2022-01-06,2021-11-12,2021-11-22,2021,Africa,Cameroon,Cameroon,55.38,True,True,True,2,True,0.921,0.726,10,50.99,0.432,1,,1,1
MC202135703915,mcd64-cluster,A,15.53636,9.79164,15.77442,9.94884,2021-09-19,2022-01-12,2021-11-03,2021-11-28,2021,Africa,Chad,Chad,139.34,True,True,True,2,True,0.914,0.769,40,127.3,0.317,5,,1,1
MC202181554082,mcd64-cluster,A,73.96728,30.18339,74.10203,30.32712,2021-09-18,2022-01-08,2021-11-02,2021-11-24,2021,SouthAsia,India,India,79.07,True,True,True,2,True,0.899,0.479,43,71.05,0.957,4,,1,1
MC202134326563,mcd64-cluster,A,73.88643,30.25526,74.51525,30.8212,2021-09-17,2022-01-14,2021-11-01,2021-11-30,2021,SouthAsia,India,India,1317.31,True,True,True,2,True,0.935,0.682,818,1232.27,0.958,5,,1,1
MC202132778759,mcd64-cluster,A,74.44788,29.91839,74.62754,30.06661,2021-09-18,2022-01-10,2021-11-02,2021-11-26,2021,SouthAsia,India,India,109.09,True,True,True,2,True,0.9,0.461,66,98.18,0.962,4,,1,1
MC202115673773,mcd64-cluster,A,74.3311,29.4333,74.80271,29.66237,2021-09-17,2022-01-14,2021-11-01,2021-11-30,2021,SouthAsia,India,India,423.77,True,True,True,2,True,0.929,0.727,136,393.83,0.969,5,,1,1
MC202117449554,mcd64-cluster,A,74.45686,30.78526,74.66797,30.90205,2021-09-17,2022-01-05,2021-11-01,2021-11-21,2021,SouthAsia,India,India,81.17,True,True,True,2,True,0.92,0.758,63,74.64,0.97,5,,1,1
MC202144580249,mcd64-cluster,A,74.69492,30.96044,74.87458,31.13112,2021-09-17,2021-12-31,2021-11-01,2021-11-16,2021,SouthAsia,India,India,90.17,True,True,True,2,True,0.911,0.815,69,82.16,0.979,5,,1,1
MC202132354951,mcd64-cluster,A,74.69042,30.40797,74.82966,30.51577,2021-09-17,2022-01-01,2021-11-01,2021-11-17,2021,SouthAsia,India,India,51.17,True,True,True,2,True,0.86,0.91,48,44.02,0.945,2,,1,1
MC202155668929,mcd64-cluster,A,74.77576,29.41533,74.98687,29.56805,2021-09-18,2022-01-09,2021-11-02,2021-11-25,2021,SouthAsia,India,India,147.42,True,True,True,2,True,0.902,0.656,19,132.98,0.969,3,,1,1
MC202273749189,mcd64-cluster,A,-63.99598,-16.86587,-63.86123,-16.75358,2022-09-19,2023-01-11,2022-11-03,2022-11-27,2022,SouthAmerica,Bolivia,Bolivia,71.88,True,True,True,2,True,0.922,0.655,3,66.26,0.675,1,,1,1
MC202291643244,mcd64-cluster,A,40.17715,37.01508,40.28944,37.14983,2022-09-22,2023-01-14,2022-11-06,2022-11-30,2022,Europe,Turkey,Turkey,70.25,True,True,True,2,True,0.909,0.933,36,63.88,0.977,2,,1,1
MC202283999377,mcd64-cluster,A,5.38091,11.70505,5.59201,11.83081,2022-09-21,2023-01-10,2022-11-05,2022-11-26,2022,Africa,Nigeria,Nigeria,127.96,True,True,True,2,True,0.958,0.92,36,122.52,0.646,5,,1,1
MC202245560929,mcd64-cluster,A,5.44379,12.35633,5.61447,12.51353,2022-09-20,2023-01-14,2022-11-04,2022-11-30,2022,Africa,Nigeria,Nigeria,150.54,True,True,True,2,True,0.953,0.898,19,143.42,0.363,5,,1,1
MC202260494627,mcd64-cluster,A,5.76269,12.81447,5.95134,12.97167,2022-09-22,2023-01-13,2022-11-06,2022-11-29,2022,Africa,Nigeria,Nigeria,112.34,True,True,True,2,True,0.934,0.894,7,104.92,0.199,3,,1,1
MC202268570747,mcd64-cluster,A,5.78515,10.47436,5.87498,10.61809,2022-09-21,2023-01-14,2022-11-05,2022-11-30,2022,Africa,Nigeria,Nigeria,71.61,True,True,True,2,True,0.958,0.93,31,68.6,0.226,1,,1,1
MC202277143409,mcd64-cluster,A,5.83456,10.77529,5.99176,10.97741,2022-09-24,2023-01-14,2022-11-08,2022-11-30,2022,Africa,Nigeria,Nigeria,142.82,True,True,True,2,True,0.964,0.919,44,137.73,0.549,5,,1,1
MC202272749162,mcd64-cluster,A,5.96931,10.55071,6.12202,10.75733,2022-09-27,2023-01-14,2022-11-11,2022-11-30,2022,Africa,Nigeria,Nigeria,162.04,True,True,True,2,True,0.951,0.879,49,154.08,0.672,5,,1,1
MC202297824506,mcd64-cluster,A,5.95583,10.91453,6.11753,11.30081,2022-09-18,2023-01-13,2022-11-02,2022-11-29,2022,Africa,Nigeria,Nigeria,239.38,True,True,True,2,True,0.922,0.911,78,220.78,0.628,5,,1,1
MC202238388143,mcd64-cluster,A,6.12651,11.26038,6.2927,11.51191,2022-09-18,2023-01-14,2022-11-02,2022-11-30,2022,Africa,Nigeria,Nigeria,224.98,True,True,True,2,True,0.967,0.937,68,217.65,0.196,5,,1,1
MC202243367234,mcd64-cluster,A,74.23228,30.67747,74.38051,30.78526,2022-09-17,2022-12-31,2022-11-01,2022-11-16,2022,SouthAsia,India,India,51.46,True,True,True,2,True,0.893,0.367,29,45.94,0.964,2,,1,1
MC202290791331,mcd64-cluster,A,74.32661,29.47372,74.71737,29.63991,2022-09-17,2023-01-11,2022-11-01,2022-11-27,2022,SouthAsia,India,India,215.22,True,True,True,2,True,0.906,0.852,72,194.93,0.973,5,,1,1
MC202267810794,mcd64-cluster,A,74.2772,30.15195,74.52424,30.34509,2022-09-17,2023-01-08,2022-11-01,2022-11-24,2022,SouthAsia,India,India,120.9,True,True,True,2,True,0.887,0.837,40,107.21,0.963,5,,1,1
MC202294376584,mcd64-cluster,A,74.44339,29.90492,74.69492,30.06661,2022-09-17,2023-01-11,2022-11-01,2022-11-27,2022,SouthAsia,India,India,146.91,True,True,True,2,True,0.891,0.81,52,130.87,0.956,5,,1,1
MC202292536753,mcd64-cluster,A,74.52424,30.39899,74.66347,30.50679,2022-09-17,2023-01-06,2022-11-01,2022-11-22,2022,SouthAsia,India,India,58.49,True,True,True,2,True,0.901,0.993,46,52.68,0.952,3,,1,1
MC202252634282,mcd64-cluster,A,74.69941,30.09356,74.88805,30.24628,2022-09-17,2023-01-03,2022-11-01,2022-11-19,2022,SouthAsia,India,India,121.19,True,True,True,2,True,0.912,0.98,61,110.57,0.954,5,,1,1
MC202222906529,mcd64-cluster,A,74.85661,29.92288,75.15306,30.05763,2022-09-17,2023-01-04,2022-11-01,2022-11-20,2022,SouthAsia,India,India,135.24,True,True,True,2,True,0.907,0.988,45,122.65,0.958,5,,1,1
MC202280131489,mcd64-cluster,A,75.86722,30.20136,76.27595,30.43043,2022-09-17,2022-12-27,2022-11-01,2022-11-12,2022,SouthAsia,India,India,278.22,True,True,True,2,True,0.919,0.983,113,255.61,0.942,5,,1,1
MC202227396210,mcd64-cluster,A,123.10513,47.12113,123.44649,47.26935,2022-09-17,2022-12-26,2022-11-01,2022-11-11,2022,EastAsia,China,China,166.23,True,True,True,2,True,0.899,0.768,53,149.41,0.929,0,,0,1
MC202295321158,mcd64-cluster,A,125.40032,46.53273,125.70575,46.80223,2022-09-23,2022-12-27,2022-11-07,2022-11-12,2022,EastAsia,China,China,204.17,True,True,True,2,True,0.931,0.972,59,190.05,0.9,5,,1,1
MC202232877076,mcd64-cluster,A,125.52609,47.0852,125.81804,47.31876,2022-09-22,2022-12-27,2022-11-06,2022-11-12,2022,EastAsia,China,China,216.27,True,True,True,2,True,0.928,0.961,98,200.76,0.939,0,,0,1
MC202279660177,mcd64-cluster,A,127.26882,45.81408,127.46196,45.89044,2022-09-24,2022-12-29,2022-11-08,2022-11-14,2022,EastAsia,China,China,67.93,True,True,True,2,True,0.917,0.941,19,62.29,0.959,2,,1,1
MC202312436361,mcd64-cluster,A,5.37642,11.66013,5.64591,11.87124,2023-09-17,2024-01-14,2023-11-01,2023-11-30,2023,Africa,Nigeria,Nigeria,182.41,True,True,True,2,True,0.939,0.762,58,171.36,0.734,5,,1,1
MC202380404991,mcd64-cluster,A,5.37642,12.24404,5.71778,12.56294,2023-09-17,2024-01-14,2023-11-01,2023-11-30,2023,Africa,Nigeria,Nigeria,439.25,True,True,True,2,True,0.954,0.911,114,419.21,0.26,5,,1,1
MC202352490179,mcd64-cluster,A,5.69083,11.54784,5.85702,11.69606,2023-09-22,2024-01-14,2023-11-06,2023-11-30,2023,Africa,Nigeria,Nigeria,95.28,True,True,True,2,True,0.933,0.789,27,88.93,0.748,5,,1,1
MC202303438641,mcd64-cluster,A,5.70879,10.44292,5.83456,10.52376,2023-09-22,2024-01-13,2023-11-06,2023-11-29,2023,Africa,Nigeria,Nigeria,68.68,True,True,True,2,True,0.937,0.648,27,64.32,0.259,2,,1,1
MC202311234525,mcd64-cluster,A,5.78515,11.00436,5.90193,11.1436,2023-09-30,2024-01-14,2023-11-14,2023-11-30,2023,Africa,Nigeria,Nigeria,78.33,True,True,True,2,True,0.965,0.736,27,75.58,0.749,4,,1,1
MC202346019404,mcd64-cluster,A,5.82557,11.87124,5.93786,11.99251,2023-09-21,2024-01-14,2023-11-05,2023-11-30,2023,Africa,Nigeria,Nigeria,70.04,True,True,True,2,True,0.93,0.573,21,65.16,0.24,4,,1,1
MC202317761072,mcd64-cluster,A,5.90642,12.25751,6.00075,12.40124,2023-09-21,2024-01-14,2023-11-05,2023-11-30,2023,Africa,Nigeria,Nigeria,66.77,True,True,True,2,True,0.973,0.901,12,64.94,0.335,3,,1,1
MC202307362635,mcd64-cluster,A,5.98727,10.58215,6.11753,10.74385,2023-09-18,2024-01-14,2023-11-02,2023-11-30,2023,Africa,Nigeria,Nigeria,142.18,True,True,True,2,True,0.962,0.91,30,136.72,0.625,5,,1,1
MC202359978825,mcd64-cluster,A,71.69903,30.69992,71.81582,30.83018,2023-09-17,2023-12-29,2023-11-01,2023-11-14,2023,SouthAsia,Pakistan,Pakistan,60.23,True,True,True,2,True,0.903,0.856,32,54.39,0.965,2,,1,1
MC202344342502,mcd64-cluster,A,74.18288,30.59213,74.34457,30.75382,2023-09-17,2024-01-10,2023-11-01,2023-11-26,2023,SouthAsia,India,India,79.8,True,True,True,2,True,0.954,0.705,32,76.1,0.966,4,,1,1
MC202330130165,mcd64-cluster,A,74.34457,29.53211,74.56915,29.63542,2023-09-17,2024-01-14,2023-11-01,2023-11-30,2023,SouthAsia,India,India,93.05,True,True,True,2,True,0.905,0.917,45,84.21,0.973,3,,1,1
MC202321974673,mcd64-cluster,A,74.4344,29.97678,74.5422,30.09805,2023-09-17,2024-01-10,2023-11-01,2023-11-26,2023,SouthAsia,India,India,50.96,True,True,True,2,True,0.88,0.926,6,44.86,0.983,1,,1,1
MC202386004880,mcd64-cluster,A,74.50178,30.21933,74.66347,30.39001,2023-09-17,2024-01-13,2023-11-01,2023-11-29,2023,SouthAsia,India,India,111.99,True,True,True,2,True,0.904,0.984,25,101.22,0.968,5,,1,1
MC202338391107,mcd64-cluster,A,74.67246,30.68645,74.85661,30.75832,2023-09-21,2024-01-06,2023-11-05,2023-11-22,2023,SouthAsia,India,India,55.11,True,True,True,2,True,0.909,0.954,25,50.07,0.962,2,,1,1
MC202300366387,mcd64-cluster,A,74.98238,29.94085,75.09017,30.04415,2023-09-17,2024-01-05,2023-11-01,2023-11-21,2023,SouthAsia,India,India,57.03,True,True,True,2,True,0.955,0.959,9,54.5,0.961,2,,1,1
MC202363924135,mcd64-cluster,A,74.94195,30.2328,75.13509,30.3945,2023-09-17,2024-01-06,2023-11-01,2023-11-22,2023,SouthAsia,India,India,108.1,True,True,True,2,True,0.948,0.917,26,102.45,0.977,5,,1,1
MC202306798830,mcd64-cluster,A,96.52398,17.35545,96.66771,17.45876,2023-09-17,2024-01-13,2023-11-01,2023-11-29,2023,SouthAsia,Burma,Burma,69.5,True,True,True,2,True,0.911,0.534,10,63.31,0.973,2,,1,1
MC202420864555,mcd64-cluster,A,5.48421,11.68259,5.61447,11.85776,2024-09-17,2025-01-14,2024-11-01,2024-11-30,2024,Africa,Nigeria,Nigeria,83.76,True,True,True,2,True,0.911,0.821,24,76.32,0.781,5,,1,1
MC202484646398,mcd64-cluster,A,5.45277,12.24853,5.62795,12.49557,2024-09-18,2025-01-14,2024-11-02,2024-11-30,2024,Africa,Nigeria,Nigeria,220.5,True,True,True,2,True,0.939,0.85,33,206.98,0.193,5,,1,1
MC202489259077,mcd64-cluster,A,5.78964,13.09295,5.88846,13.20973,2024-10-01,2025-01-14,2024-11-15,2024-11-30,2024,Africa,Nigeria,Nigeria,76.03,True,True,True,2,True,0.953,0.859,7,72.44,0.309,1,,1,1
MC202481795749,mcd64-cluster,A,5.88397,10.68546,6.15795,11.31877,2024-09-22,2025-01-14,2024-11-06,2024-11-30,2024,Africa,Nigeria,Nigeria,495.8,True,True,True,2,True,0.949,0.851,140,470.64,0.643,5,,1,1
MC202409828843,mcd64-cluster,A,6.09058,12.19463,6.18041,12.27997,2024-09-22,2025-01-14,2024-11-06,2024-11-30,2024,Africa,Nigeria,Nigeria,51.19,True,True,True,2,True,0.944,0.805,14,48.33,0.734,1,,1,1
MC202439952842,mcd64-cluster,A,6.28821,10.67648,6.37804,10.76182,2024-09-28,2025-01-11,2024-11-12,2024-11-27,2024,Africa,Nigeria,Nigeria,51.22,True,True,True,2,True,0.98,0.897,20,50.18,0.423,1,,1,1
MC202407496860,mcd64-cluster,A,0.65577,11.17504,0.79501,11.29631,2024-09-17,2025-01-12,2024-11-01,2024-11-28,2024,Africa,Burkina Faso,Burkina Faso,87.1,True,True,True,2,True,0.959,0.9,13,83.55,0.383,4,,1,1
MC202443692907,mcd64-cluster,A,0.05839,11.49844,0.17966,11.66912,2024-09-17,2025-01-14,2024-11-01,2024-11-30,2024,Africa,Burkina Faso,Burkina Faso,69.64,True,True,True,2,True,0.933,0.875,21,65.0,0.553,5,,1,1
MC202469925411,mcd64-cluster,A,72.26048,31.49493,72.48955,31.6207,2024-09-19,2025-01-02,2024-11-03,2024-11-18,2024,SouthAsia,Pakistan,Pakistan,100.96,True,True,True,2,True,0.916,0.611,20,92.45,0.966,5,,1,1
MC202434877673,mcd64-cluster,A,73.2082,31.89468,73.37888,32.08333,2024-09-17,2025-01-03,2024-11-01,2024-11-19,2024,SouthAsia,Pakistan,Pakistan,102.39,True,True,True,2,True,0.885,0.927,29,90.65,0.955,5,,1,1
MC202406070811,mcd64-cluster,A,73.52711,31.18052,73.76067,31.36019,2024-09-17,2025-01-03,2024-11-01,2024-11-19,2024,SouthAsia,Pakistan,Pakistan,167.18,True,True,True,2,True,0.929,0.857,33,155.29,0.963,5,,1,1
MC202490626996,mcd64-cluster,A,73.78313,31.42307,73.94482,31.5668,2024-09-17,2025-01-02,2024-11-01,2024-11-18,2024,SouthAsia,Pakistan,Pakistan,66.14,True,True,True,2,True,0.885,0.55,15,58.54,0.94,3,,1,1
MC202410396306,mcd64-cluster,A,74.00321,29.41533,74.23678,29.53661,2024-09-22,2025-01-12,2024-11-06,2024-11-28,2024,SouthAsia,India,India,61.89,True,True,True,2,True,0.896,0.855,33,55.43,0.959,3,,1,1
MC202445027419,mcd64-cluster,A,73.87745,30.29119,74.58712,30.77628,2024-09-17,2025-01-14,2024-11-01,2024-11-30,2024,SouthAsia,India,India,1261.17,True,True,True,2,True,0.946,0.526,116,1192.73,0.963,5,,1,1
MC202472201949,mcd64-cluster,A,74.34457,29.51864,74.64551,29.63093,2024-09-21,2025-01-14,2024-11-05,2024-11-30,2024,SouthAsia,India,India,106.73,True,True,True,2,True,0.922,0.842,54,98.44,0.966,2,,1,1
MC202485009003,mcd64-cluster,A,74.47932,30.78526,74.67246,30.9245,2024-09-17,2025-01-07,2024-11-01,2024-11-23,2024,SouthAsia,India,India,79.86,True,True,True,2,True,0.928,0.792,7,74.13,0.933,4,,1,1
MC202488860266,mcd64-cluster,A,123.58123,47.31876,123.88217,47.52088,2024-09-19,2024-12-30,2024-11-03,2024-11-15,2024,EastAsia,China,China,186.47,True,True,True,2,True,0.924,0.949,56,172.37,0.892,0,,0,1
MC202409235038,mcd64-cluster,A,124.26395,45.48619,124.45709,45.66586,2024-09-19,2025-01-01,2024-11-03,2024-11-17,2024,EastAsia,China,China,86.25,True,True,True,2,True,0.906,0.782,6,78.18,0.896,0,,0,1
MC202408591660,mcd64-cluster,A,124.30438,44.10279,124.4526,44.2061,2024-09-17,2024-12-30,2024-11-01,2024-11-15,2024,EastAsia,China,China,62.64,True,True,True,2,True,0.875,0.916,26,54.81,0.966,2,,1,1
MC202401294329,mcd64-cluster,A,124.47057,45.28407,124.71311,45.36941,2024-09-27,2024-12-31,2024-11-11,2024-11-16,2024,EastAsia,China,China,90.31,True,True,True,2,True,0.895,0.791,12,80.84,0.897,0,,0,1
MC202455607817,mcd64-cluster,A,124.6637,46.0701,124.79396,46.14646,2024-09-24,2024-12-28,2024-11-08,2024-11-13,2024,EastAsia,China,China,54.3,True,True,True,2,True,0.915,0.978,7,49.68,0.915,1,,1,1
MC202499813104,mcd64-cluster,A,124.65921,43.86923,124.88379,44.03542,2024-09-22,2024-12-30,2024-11-06,2024-11-15,2024,EastAsia,China,China,133.56,True,True,True,2,True,0.902,0.708,15,120.5,0.939,5,,1,1
MC202407980409,mcd64-cluster,A,124.91523,47.6152,125.10837,47.67359,2024-09-22,2025-01-01,2024-11-06,2024-11-17,2024,EastAsia,China,China,50.25,True,True,True,2,True,0.875,0.914,18,43.99,0.932,0,,0,1
MC202453795070,mcd64-cluster,A,124.92421,45.89942,125.10388,46.06561,2024-09-22,2024-12-30,2024-11-06,2024-11-15,2024,EastAsia,China,China,123.42,True,True,True,2,True,0.939,0.971,35,115.93,0.907,0,,0,1
MC202470919978,mcd64-cluster,A,105.21967,10.62707,105.34543,10.7169,2024-09-22,2025-01-14,2024-11-06,2024-11-30,2024,SoutheastAsia,Vietnam,Vietnam,73.29,True,True,True,2,True,0.946,0.931,10,69.37,0.959,2,,1,1
MC202519807618,mcd64-cluster,A,-45.29755,-8.22408,-45.11789,-8.0489,2025-09-17,2026-01-10,2025-11-01,2025-11-26,2025,SouthAmerica,Brazil,Brazil,140.26,True,True,True,2,True,0.96,0.312,8,134.7,0.772,4,,1,1
MC202587270058,mcd64-cluster,A,48.74708,31.58926,48.88183,31.69256,2025-09-17,2026-01-11,2025-11-01,2025-11-27,2025,Africa,Iran,Iran,58.19,True,True,True,2,True,0.904,0.701,8,52.61,0.9,4,,1,1
MC202587952839,mcd64-cluster,A,5.41235,12.45065,5.5471,12.51802,2025-09-17,2026-01-14,2025-11-01,2025-11-30,2025,Africa,Nigeria,Nigeria,53.82,True,True,True,2,True,0.968,0.941,12,52.12,0.895,2,,1,1
MC202591086373,mcd64-cluster,A,5.46625,11.6781,5.56955,11.81285,2025-09-17,2026-01-14,2025-11-01,2025-11-30,2025,Africa,Nigeria,Nigeria,85.47,True,True,True,2,True,0.971,0.919,38,82.97,0.71,3,,1,1
MC202598901722,mcd64-cluster,A,5.61447,12.65277,5.75371,12.78303,2025-09-17,2026-01-05,2025-11-01,2025-11-21,2025,Africa,Nigeria,Nigeria,74.46,True,True,True,2,True,0.931,0.884,14,69.35,0.451,4,,1,1
MC202594149154,mcd64-cluster,A,5.72227,11.57479,5.83007,11.68708,2025-09-20,2026-01-14,2025-11-04,2025-11-30,2025,Africa,Nigeria,Nigeria,68.41,True,True,True,2,True,0.922,0.906,19,63.1,0.736,2,,1,1
MC202583751997,mcd64-cluster,A,5.90193,12.2665,5.99176,12.37878,2025-10-07,2026-01-12,2025-11-21,2025-11-28,2025,Africa,Nigeria,Nigeria,54.83,True,True,True,2,True,0.974,0.944,14,53.43,0.243,2,,1,1
MC202528120287,mcd64-cluster,A,5.88397,11.4131,6.0277,11.59725,2025-09-17,2026-01-11,2025-11-01,2025-11-27,2025,Africa,Nigeria,Nigeria,97.53,True,True,True,2,True,0.92,0.866,16,89.77,0.762,5,,1,1
MC202550444547,mcd64-cluster,A,5.89295,10.68995,6.17143,11.31877,2025-09-21,2026-01-13,2025-11-05,2025-11-29,2025,Africa,Nigeria,Nigeria,422.85,True,True,True,2,True,0.94,0.891,98,397.32,0.654,5,,1,1
MC202554775592,mcd64-cluster,A,73.96728,29.36144,74.23678,29.5411,2025-09-17,2026-01-09,2025-11-01,2025-11-25,2025,SouthAsia,India,India,86.01,True,True,True,2,True,0.914,0.721,39,78.57,0.968,4,,1,1
MC202570717585,mcd64-cluster,A,74.3311,29.53211,74.56915,29.63542,2025-09-17,2026-01-11,2025-11-01,2025-11-27,2025,SouthAsia,India,India,98.26,True,True,True,2,True,0.943,0.806,43,92.68,0.962,4,,1,1
MC202542791546,mcd64-cluster,A,74.22779,30.45289,74.50627,30.72238,2025-09-17,2026-01-09,2025-11-01,2025-11-25,2025,SouthAsia,India,India,243.08,True,True,True,2,True,0.95,0.212,12,230.84,0.966,5,,1,1
MC202511703164,mcd64-cluster,A,75.26085,30.46636,75.40908,30.55619,2025-09-17,2025-12-28,2025-11-01,2025-11-13,2025,SouthAsia,India,India,58.24,True,True,True,2,True,0.958,0.288,3,55.76,0.957,2,,1,1
MC202515925944,mcd64-cluster,A,75.57526,29.78364,76.23104,30.34509,2025-09-17,2025-12-27,2025-11-01,2025-11-12,2025,SouthAsia,India,India,1122.33,True,True,True,2,True,0.971,0.321,53,1090.01,0.959,5,,1,1
MC202580052089,mcd64-cluster,A,76.48705,25.38639,76.78799,25.88046,2025-09-18,2026-01-14,2025-11-02,2025-11-30,2025,SouthAsia,India,India,619.1,True,True,True,2,True,0.947,0.772,310,586.26,0.969,5,,1,1
MC202584659974,mcd64-cluster,A,78.00072,25.75021,78.21182,25.97479,2025-09-23,2026-01-14,2025-11-07,2025-11-30,2025,SouthAsia,India,India,207.83,True,True,True,2,True,0.945,0.806,81,196.5,0.977,5,,1,1
MC202546335890,mcd64-cluster,A,78.58462,25.79961,78.69691,25.93436,2025-09-19,2026-01-14,2025-11-03,2025-11-30,2025,SouthAsia,India,India,66.21,True,True,True,2,True,0.924,0.579,32,61.16,0.986,3,,1,1
MC202545987601,mcd64-cluster,A,123.76988,45.81857,123.90463,45.95332,2025-09-19,2025-12-25,2025-11-03,2025-11-10,2025,EastAsia,China,China,97.06,True,True,True,2,True,0.922,0.972,28,89.51,0.898,2,,1,1
MC202544088541,mcd64-cluster,A,124.65472,44.55195,124.86133,44.61483,2025-09-17,2025-12-25,2025-11-01,2025-11-10,2025,EastAsia,China,China,58.27,True,True,True,2,True,0.865,0.979,19,50.41,0.961,2,,1,1
MC202598707906,mcd64-cluster,A,124.75803,43.9366,124.92421,44.01296,2025-09-18,2025-12-30,2025-11-02,2025-11-15,2025,EastAsia,China,China,50.26,True,True,True,2,True,0.921,0.893,16,46.27,0.944,2,,1,1
MC202576411820,mcd64-cluster,A,126.40194,46.2812,126.59059,46.35756,2025-09-26,2026-01-02,2025-11-10,2025-11-18,2025,EastAsia,China,China,55.99,True,True,True,2,True,0.908,0.569,8,50.82,0.947,2,,1,1
MC202545323978,mcd64-cluster,A,127.46196,45.8006,127.5967,45.93086,2025-09-23,2025-12-30,2025-11-07,2025-11-15,2025,EastAsia,China,China,70.18,True,True,True,2,True,0.884,0.661,11,62.06,0.94,2,,1,1
MC202508151740,mcd64-cluster,A,127.45297,46.24078,127.87967,46.37553,2025-09-26,2026-01-01,2025-11-10,2025-11-17,2025,EastAsia,China,China,199.34,True,True,True,2,True,0.914,0.455,24,182.24,0.927,2,,1,1
MC202043461804,mcd64-cluster,A,5.52015,11.70505,5.62795,11.82632,2020-10-17,2021-02-14,2020-12-01,2020-12-31,2020,Africa,Nigeria,Nigeria,64.23,True,True,True,2,True,0.963,0.864,27,61.84,0.716,3,,1,1
MC202015108029,mcd64-cluster,A,5.76269,13.00311,5.89295,13.16032,2020-10-17,2021-02-14,2020-12-01,2020-12-31,2020,Africa,Nigeria,Nigeria,94.76,True,True,True,2,True,0.962,0.934,16,91.18,0.17,3,,1,1
MC202093235281,mcd64-cluster,A,6.00075,11.67361,6.09507,11.82632,2020-10-17,2021-02-13,2020-12-01,2020-12-30,2020,Africa,Nigeria,Nigeria,73.51,True,True,True,2,True,0.934,0.75,20,68.69,0.242,3,,1,1
MC202014044072,mcd64-cluster,A,6.19838,11.45801,6.37355,11.55233,2020-10-17,2021-02-07,2020-12-01,2020-12-24,2020,Africa,Nigeria,Nigeria,57.44,True,True,True,2,True,0.933,0.879,19,53.59,0.288,4,,1,1
MC202099089278,mcd64-cluster,A,6.84067,10.49681,7.01584,10.65851,2020-10-17,2021-02-14,2020-12-01,2020-12-31,2020,Africa,Nigeria,Nigeria,109.36,True,True,True,2,True,0.936,0.816,22,102.37,0.174,4,,1,1
MC202013065112,mcd64-cluster,A,7.66712,10.08808,7.86026,10.33512,2020-10-17,2021-01-30,2020-12-01,2020-12-16,2020,Africa,Nigeria,Nigeria,215.29,True,True,True,2,True,0.941,0.926,41,202.65,0.26,5,,1,1
MC202039531946,mcd64-cluster,A,8.60137,9.74672,8.78552,9.8635,2020-10-17,2021-02-14,2020-12-01,2020-12-31,2020,Africa,Nigeria,Nigeria,117.49,True,True,True,2,True,0.935,0.916,46,109.81,0.379,4,,1,1
MC202086455848,mcd64-cluster,A,14.48084,11.45801,14.57517,11.62869,2020-10-17,2021-02-14,2020-12-01,2020-12-31,2020,Africa,Nigeria,Nigeria,75.76,True,True,True,2,True,0.948,0.848,49,71.85,0.466,3,,1,1
MC202026920764,mcd64-cluster,A,76.57689,15.65764,76.68019,15.77891,2020-10-17,2021-02-03,2020-12-01,2020-12-20,2020,SouthAsia,India,India,58.11,True,True,True,2,True,0.941,0.567,9,54.69,0.977,2,,1,1
MC202091742694,mcd64-cluster,A,106.44138,12.262,106.5896,12.38328,2020-10-21,2021-02-14,2020-12-05,2020-12-31,2020,SoutheastAsia,Cambodia,Cambodia,65.55,True,True,True,2,True,0.97,0.932,29,63.6,0.207,2,,1,1
MC202085814653,mcd64-cluster,A,115.00681,-29.98576,115.18648,-29.68034,2020-10-26,2021-02-03,2020-12-10,2020-12-20,2020,Oceania,Australia,Australia,189.34,True,True,True,2,True,0.946,0.92,75,179.17,0.151,1,,1,1
MC202156246955,mcd64-cluster,A,5.50218,12.69769,5.69532,12.80099,2021-10-18,2022-02-03,2021-12-02,2021-12-20,2021,Africa,Nigeria,Nigeria,82.72,True,True,True,2,True,0.971,0.426,5,80.28,0.259,2,,1,1
MC202101600336,mcd64-cluster,A,5.57405,10.2902,5.76269,10.56868,2021-10-17,2022-02-14,2021-12-01,2021-12-31,2021,Africa,Nigeria,Nigeria,222.52,True,True,True,2,True,0.952,0.893,82,211.85,0.185,5,,1,1
MC202101308689,mcd64-cluster,A,5.80312,13.05252,5.89744,13.18727,2021-10-17,2022-01-26,2021-12-01,2021-12-12,2021,Africa,Nigeria,Nigeria,64.86,True,True,True,2,True,0.962,0.931,5,62.37,0.211,2,,1,1
MC202158374364,mcd64-cluster,A,6.4544,11.71403,6.57567,11.80835,2021-10-19,2022-02-12,2021-12-03,2021-12-29,2021,Africa,Nigeria,Nigeria,68.13,True,True,True,2,True,0.914,0.837,14,62.27,0.671,2,,1,1
MC202180208938,mcd64-cluster,A,6.83618,10.53724,6.9305,10.64953,2021-10-20,2022-02-14,2021-12-04,2021-12-31,2021,Africa,Nigeria,Nigeria,61.54,True,True,True,2,True,0.946,0.744,16,58.23,0.151,3,,1,1
MC202179601848,mcd64-cluster,A,7.08322,11.72301,7.30779,11.93861,2021-10-17,2022-02-14,2021-12-01,2021-12-31,2021,Africa,Nigeria,Nigeria,210.45,True,True,True,2,True,0.94,0.863,57,197.82,0.644,5,,1,1
MC202117623242,mcd64-cluster,A,7.74348,10.17342,7.85577,10.28122,2021-10-17,2022-02-02,2021-12-01,2021-12-19,2021,Africa,Nigeria,Nigeria,57.93,True,True,True,2,True,0.921,0.843,12,53.33,0.326,2,,1,1
MC202162056384,mcd64-cluster,A,8.61035,9.72426,8.78552,9.83206,2021-10-17,2022-02-14,2021-12-01,2021-12-31,2021,Africa,Nigeria,Nigeria,80.38,True,True,True,2,True,0.913,0.788,30,73.38,0.466,4,,1,1
MC202175038593,mcd64-cluster,A,80.52049,16.11578,80.61032,16.23705,2021-10-22,2022-02-09,2021-12-06,2021-12-26,2021,SouthAsia,India,India,60.37,True,True,True,2,True,0.937,0.933,3,56.54,0.897,2,,1,1
MC202200570720,mcd64-cluster,A,5.37193,11.7814,5.60549,12.00598,2022-10-25,2023-02-14,2022-12-09,2022-12-31,2022,Africa,Nigeria,Nigeria,235.78,True,True,True,2,True,0.973,0.921,55,229.38,0.65,5,,1,1
MC202271503024,mcd64-cluster,A,5.9199,11.42657,6.03219,11.55233,2022-10-17,2023-02-13,2022-12-01,2022-12-30,2022,Africa,Nigeria,Nigeria,56.22,True,True,True,2,True,0.891,0.863,12,50.11,0.753,3,,1,1
MC202287084009,mcd64-cluster,A,5.96032,11.97903,6.08159,12.2081,2022-10-18,2023-02-12,2022-12-02,2022-12-29,2022,Africa,Nigeria,Nigeria,99.76,True,True,True,2,True,0.919,0.922,22,91.71,0.332,5,,1,1
MC202255214380,mcd64-cluster,A,6.30168,12.23955,6.396,12.3698,2022-10-21,2023-02-14,2022-12-05,2022-12-31,2022,Africa,Nigeria,Nigeria,69.95,True,True,True,2,True,0.943,0.874,7,65.99,0.467,1,,1,1
MC202282600994,mcd64-cluster,A,6.51728,11.9431,6.64753,12.03293,2022-10-17,2023-02-04,2022-12-01,2022-12-21,2022,Africa,Nigeria,Nigeria,51.97,True,True,True,2,True,0.912,0.914,11,47.4,0.822,2,,1,1
MC202283337878,mcd64-cluster,A,6.7194,12.81447,6.86762,12.86387,2022-10-23,2023-02-14,2022-12-07,2022-12-31,2022,Africa,Nigeria,Nigeria,57.15,True,True,True,2,True,0.926,0.869,13,52.9,0.283,3,,1,1
MC202265655076,mcd64-cluster,A,6.81372,10.50131,6.91254,10.67648,2022-10-17,2023-02-13,2022-12-01,2022-12-30,2022,Africa,Nigeria,Nigeria,76.75,True,True,True,2,True,0.946,0.817,14,72.64,0.233,3,,1,1
MC202239748484,mcd64-cluster,A,7.11017,11.70505,7.26737,11.87124,2022-10-18,2023-02-14,2022-12-02,2022-12-31,2022,Africa,Nigeria,Nigeria,127.95,True,True,True,2,True,0.93,0.902,25,119.03,0.571,5,,1,1
MC202027195807,mcd64-cluster,A,0.11678,8.94273,0.22458,9.04154,2019-11-17,2020-03-16,2020-01-01,2020-01-31,2020,Africa,Ghana,Ghana,56.42,True,True,True,2,True,0.956,0.862,19,53.96,0.216,2,,1,1
MC202039020453,mcd64-cluster,A,2.33113,7.05177,2.51079,7.23144,2019-11-17,2020-03-12,2020-01-01,2020-01-27,2020,Africa,Benin,Benin,114.59,True,True,True,2,True,0.928,0.378,30,106.3,0.196,3,,1,1
MC202019743233,mcd64-cluster,A,29.34796,-1.02857,29.49169,-0.81747,2019-11-17,2020-03-16,2020-01-01,2020-01-31,2020,Africa,Dem Rep of the Congo,Dem Rep of the Congo,139.92,True,True,True,2,True,0.938,0.714,11,131.25,0.194,3,,1,1
MC202095198737,mcd64-cluster,A,37.14534,9.99825,37.28458,10.08359,2019-11-17,2020-03-16,2020-01-01,2020-01-31,2020,Africa,Ethiopia,Ethiopia,65.83,True,True,True,2,True,0.951,0.899,13,62.57,0.167,2,,1,1
MC202081922507,mcd64-cluster,A,37.54509,9.82308,37.65289,9.92638,2019-11-18,2020-03-05,2020-01-02,2020-01-20,2020,Africa,Ethiopia,Ethiopia,50.38,True,True,True,2,True,0.928,0.949,26,46.75,0.214,1,,1,1
MC202051584717,mcd64-cluster,A,-0.59289,9.31553,-0.50306,9.48172,2019-11-27,2020-03-16,2020-01-11,2020-01-31,2020,Africa,Ghana,Ghana,73.34,True,True,True,2,True,0.956,0.905,22,70.14,0.405,2,,1,1
MC202007088390,mcd64-cluster,A,-0.62433,10.11952,-0.49407,10.29469,2019-11-17,2020-03-16,2020-01-01,2020-01-31,2020,Africa,Ghana,Ghana,113.17,True,True,True,2,True,0.946,0.909,32,107.04,0.722,5,,1,1
MC202082854328,mcd64-cluster,A,-0.81298,9.57604,-0.0539,9.92638,2019-11-17,2020-03-16,2020-01-01,2020-01-31,2020,Africa,Ghana,Ghana,885.81,True,True,True,2,True,0.955,0.906,300,845.67,0.662,5,,1,1
MC202143578813,mcd64-cluster,A,0.02246,9.29307,0.11678,9.40087,2020-11-18,2021-03-17,2021-01-02,2021-01-31,2021,Africa,Ghana,Ghana,58.33,True,True,True,2,True,0.927,0.796,25,54.09,0.404,2,,1,1
MC202190064930,mcd64-cluster,A,7.99051,7.49644,8.24204,7.92763,2020-11-17,2021-03-17,2021-01-01,2021-01-31,2021,Africa,Nigeria,Nigeria,472.6,True,True,True,2,True,0.937,0.704,199,442.69,0.29,5,,1,1
MC202184153451,mcd64-cluster,A,8.19713,7.41559,8.50705,7.79289,2020-11-17,2021-03-12,2021-01-01,2021-01-26,2021,Africa,Nigeria,Nigeria,662.12,True,True,True,2,True,0.951,0.791,266,629.79,0.204,5,,1,1
MC202181182898,mcd64-cluster,A,8.30942,9.61647,8.43967,9.74672,2020-11-18,2021-03-06,2021-01-02,2021-01-20,2021,Africa,Nigeria,Nigeria,68.36,True,True,True,2,True,0.919,0.772,15,62.82,0.891,4,,1,1
MC202188774507,mcd64-cluster,A,8.42171,6.43194,8.56993,6.60262,2020-11-18,2021-03-14,2021-01-02,2021-01-28,2021,Africa,Nigeria,Nigeria,118.46,True,True,True,2,True,0.912,0.678,38,107.99,0.234,4,,1,1
MC202134831807,mcd64-cluster,A,-0.03593,9.88596,0.23356,10.17342,2020-11-17,2021-03-17,2021-01-01,2021-01-31,2021,Africa,Ghana,Ghana,330.62,True,True,True,2,True,0.948,0.871,97,313.3,0.482,5,,1,1
MC202124081845,mcd64-cluster,A,8.34086,7.77941,8.68222,8.17467,2020-11-17,2021-03-17,2021-01-01,2021-01-31,2021,Africa,Nigeria,Nigeria,566.66,True,True,True,2,True,0.952,0.671,154,539.55,0.53,5,,1,1
MC202101997356,mcd64-cluster,A,0.7995,10.72588,0.92526,10.89207,2020-11-19,2021-03-17,2021-01-03,2021-01-31,2021,Africa,Togo,Togo,98.98,True,True,True,2,True,0.952,0.89,17,94.21,0.677,4,,1,1
MC202281556712,mcd64-cluster,A,6.4005,10.32164,6.55321,10.53275,2021-11-17,2022-03-13,2022-01-01,2022-01-27,2022,Africa,Nigeria,Nigeria,142.05,True,True,True,2,True,0.933,0.879,45,132.48,0.317,5,,1,1
MC202246642141,mcd64-cluster,A,6.62058,6.64304,7.08322,7.03381,2021-11-17,2022-03-17,2022-01-01,2022-01-31,2022,Africa,Nigeria,Nigeria,781.64,True,True,True,2,True,0.959,0.751,319,749.45,0.26,5,,1,1
MC202284070537,mcd64-cluster,A,6.68347,6.36456,7.20449,6.75982,2021-11-17,2022-03-17,2022-01-01,2022-01-31,2022,Africa,Nigeria,Nigeria,868.29,True,True,True,2,True,0.952,0.77,427,826.91,0.186,5,,1,1
MC202276160065,mcd64-cluster,A,0.67823,10.77978,0.77255,10.89207,2021-11-20,2022-03-17,2022-01-04,2022-01-31,2022,Africa,Togo,Togo,53.16,True,True,True,2,True,0.944,0.909,8,50.16,0.602,1,,1,1
MC202281032206,mcd64-cluster,A,7.74348,7.86924,8.08035,7.9995,2021-11-17,2022-03-17,2022-01-01,2022-01-31,2022,Africa,Nigeria,Nigeria,211.48,True,True,True,2,True,0.955,0.765,88,201.9,0.336,5,,1,1
MC202283370949,mcd64-cluster,A,0,9.20773,0.11678,9.40087,2021-11-20,2022-03-16,2022-01-04,2022-01-30,2022,Africa,Ghana,Ghana,108.8,True,True,True,2,True,0.953,0.873,35,103.69,0.51,4,,1,1
MC202215294897,mcd64-cluster,A,7.95907,7.44254,8.21509,7.90517,2021-11-17,2022-03-16,2022-01-01,2022-01-30,2022,Africa,Nigeria,Nigeria,536.94,True,True,True,2,True,0.957,0.815,217,513.76,0.257,5,,1,1
MC202272088502,mcd64-cluster,A,8.12077,7.28534,8.55645,7.73,2021-11-17,2022-03-16,2022-01-01,2022-01-30,2022,Africa,Nigeria,Nigeria,897.7,True,True,True,2,True,0.953,0.868,320,855.84,0.224,5,,1,1
MC202346416909,mcd64-cluster,A,6.9305,6.51279,7.08771,6.66101,2022-11-17,2023-03-16,2023-01-01,2023-01-30,2023,Africa,Nigeria,Nigeria,111.51,True,True,True,2,True,0.944,0.883,27,105.25,0.23,3,,1,1
MC202327754357,mcd64-cluster,A,0.57043,10.46537,0.75458,10.55071,2022-11-27,2023-03-17,2023-01-11,2023-01-31,2023,Africa,Togo,Togo,62.05,True,True,True,2,True,0.952,0.949,13,59.05,0.569,2,,1,1
MC202343360783,mcd64-cluster,A,8.09382,7.5728,8.20162,7.69407,2022-11-17,2023-02-25,2023-01-01,2023-01-11,2023,Africa,Nigeria,Nigeria,56.62,True,True,True,2,True,0.938,0.94,25,53.09,0.287,2,,1,1
MC202334825115,mcd64-cluster,A,8.36781,7.54136,8.46213,7.6806,2022-11-17,2023-03-01,2023-01-01,2023-01-15,2023,Africa,Nigeria,Nigeria,74.91,True,True,True,2,True,0.92,0.949,27,68.92,0.266,1,,1,1
MC202321581303,mcd64-cluster,A,10.36656,7.34373,10.5597,7.49644,2022-11-17,2023-03-17,2023-01-01,2023-01-31,2023,Africa,Nigeria,Nigeria,122.44,True,True,True,2,True,0.938,0.886,51,114.83,0.158,4,,1,1
MC202303558831,mcd64-cluster,A,10.53275,9.05951,10.6091,9.16731,2022-11-17,2023-03-17,2023-01-01,2023-01-31,2023,Africa,Nigeria,Nigeria,51.97,True,True,True,2,True,0.998,0.991,5,51.84,0.704,2,,1,1
MC202357790753,mcd64-cluster,A,14.47186,11.85776,14.56169,11.95658,2022-11-17,2023-03-07,2023-01-01,2023-01-21,2023,Africa,Nigeria,Nigeria,59.8,True,True,True,2,True,0.97,0.938,10,58.03,0.162,1,,1,1
MC202345731704,mcd64-cluster,A,0.13026,9.81859,0.26949,9.92638,2022-12-02,2023-03-17,2023-01-16,2023-01-31,2023,Africa,Ghana,Ghana,53.33,True,True,True,2,True,0.976,0.98,6,52.04,0.591,2,,1,1
MC202455982479,mcd64-cluster,A,8.07585,7.38415,8.46662,7.75246,2023-11-17,2024-03-15,2024-01-01,2024-01-30,2024,Africa,Nigeria,Nigeria,749.45,True,True,True,2,True,0.942,0.686,285,705.87,0.212,5,,1,1
MC202417878059,mcd64-cluster,A,8.64179,7.85128,8.83942,8.00848,2023-11-21,2024-03-12,2024-01-05,2024-01-27,2024,Africa,Nigeria,Nigeria,165.04,True,True,True,2,True,0.927,0.676,56,152.93,0.176,4,,1,1
MC202470981345,mcd64-cluster,A,9.65689,8.32289,9.84104,8.71815,2023-11-17,2024-03-10,2024-01-01,2024-01-25,2024,Africa,Nigeria,Nigeria,302.7,True,True,True,2,True,0.912,0.8,74,275.93,0.51,5,,1,1
MC202480210835,mcd64-cluster,A,9.89494,8.36781,10.0252,8.51603,2023-11-17,2024-03-09,2024-01-01,2024-01-24,2024,Africa,Nigeria,Nigeria,55.76,True,True,True,2,True,0.919,0.872,29,51.26,0.729,4,,1,1
MC202486409990,mcd64-cluster,A,10.15096,8.66874,10.25876,8.75857,2023-11-24,2024-03-13,2024-01-08,2024-01-28,2024,Africa,Nigeria,Nigeria,59.42,True,True,True,2,True,0.938,0.853,15,55.72,0.312,1,,1,1
MC202406879059,mcd64-cluster,A,10.21384,7.34822,10.51478,7.65365,2023-11-21,2024-03-14,2024-01-05,2024-01-29,2024,Africa,Nigeria,Nigeria,340.06,True,True,True,2,True,0.937,0.782,108,318.67,0.235,5,,1,1
MC202403225908,mcd64-cluster,A,10.56419,8.62832,10.72588,8.73162,2023-11-17,2024-03-12,2024-01-01,2024-01-27,2024,Africa,Nigeria,Nigeria,85.07,True,True,True,2,True,0.937,0.799,35,79.71,0.908,4,,1,1
MC202412817473,mcd64-cluster,A,10.68097,9.3829,10.82021,9.44129,2023-11-17,2024-03-01,2024-01-01,2024-01-16,2024,Africa,Nigeria,Nigeria,51.68,True,True,True,2,True,0.964,0.945,4,49.83,0.171,2,,1,1
MC202579926607,mcd64-cluster,A,-0.09432,9.5446,0.08983,9.74223,2024-11-17,2025-03-17,2025-01-01,2025-01-31,2025,Africa,Ghana,Ghana,207.79,True,True,True,2,True,0.955,0.915,69,198.51,0.392,5,,1,1
MC202518569023,mcd64-cluster,A,9.71977,8.3184,9.88596,8.43069,2024-11-24,2025-03-17,2025-01-08,2025-01-31,2025,Africa,Nigeria,Nigeria,100.44,True,True,True,2,True,0.928,0.864,39,93.16,0.612,5,,1,1
MC202569168414,mcd64-cluster,A,10.28571,7.45602,10.41597,7.61322,2024-11-17,2025-03-11,2025-01-01,2025-01-25,2025,Africa,Nigeria,Nigeria,80.37,True,True,True,2,True,0.947,0.874,21,76.1,0.228,3,,1,1
MC202506158295,mcd64-cluster,A,10.40249,9.14485,10.53724,9.2257,2024-11-17,2025-03-17,2025-01-01,2025-01-31,2025,Africa,Nigeria,Nigeria,51.22,True,True,True,2,True,0.962,0.806,7,49.25,0.269,1,,1,1
MC202536339026,mcd64-cluster,A,11.02682,8.00848,11.11665,8.09382,2024-11-24,2025-03-10,2025-01-08,2025-01-24,2025,Africa,Nigeria,Nigeria,57.05,True,True,True,2,True,0.962,0.573,7,54.89,0.872,1,,1,1
MC202519997751,mcd64-cluster,A,13.34897,8.50255,13.53312,8.6373,2024-11-17,2025-03-17,2025-01-01,2025-01-31,2025,Africa,Cameroon,Cameroon,82.63,True,True,True,2,True,0.946,0.879,30,78.13,0.177,5,,1,1
MC202532507354,mcd64-cluster,A,14.49881,11.92963,14.59762,12.11378,2024-11-17,2025-03-17,2025-01-01,2025-01-31,2025,Africa,Nigeria,Nigeria,74.9,True,True,True,2,True,0.95,0.832,15,71.18,0.181,3,,1,1
MC202582316341,mcd64-cluster,A,16.08434,8.13874,16.29544,8.30942,2024-11-21,2025-03-17,2025-01-05,2025-01-31,2025,Africa,Chad,Chad,199.72,True,True,True,2,True,0.958,0.868,65,191.26,0.284,5,,1,1
MC202089306212,mcd64-cluster,A,-0.55696,10.11503,-0.41772,10.21834,2019-12-18,2020-04-09,2020-02-01,2020-02-24,2020,Africa,Ghana,Ghana,60.65,True,True,True,2,True,0.948,0.677,14,57.52,0.704,2,,1,1
MC202016167372,mcd64-cluster,A,-0.17068,9.53113,-0.03144,9.7063,2019-12-18,2020-04-12,2020-02-01,2020-02-27,2020,Africa,Ghana,Ghana,139.69,True,True,True,2,True,0.943,0.852,38,131.7,0.676,5,,1,1
MC202078230607,mcd64-cluster,A,-0.86238,9.11341,-0.73662,9.23917,2019-12-18,2020-04-02,2020-02-01,2020-02-17,2020,Africa,Ghana,Ghana,64.76,True,True,True,2,True,0.943,0.812,24,61.07,0.339,3,,1,1
MC202027510569,mcd64-cluster,A,-8.88883,14.97042,-8.77654,15.06026,2020-01-08,2020-04-13,2020-02-22,2020-02-28,2020,Africa,Mali,Mali,63.61,True,True,True,2,True,0.969,0.902,7,61.62,0.605,0,,0,1
MC202087579407,mcd64-cluster,A,-1.19027,7.55483,-1.08696,7.6761,2019-12-18,2020-04-01,2020-02-01,2020-02-16,2020,Africa,Ghana,Ghana,57.11,True,True,True,2,True,0.929,0.655,36,53.03,0.691,2,,1,1
MC202095311389,mcd64-cluster,A,-1.32951,7.18652,-1.18578,7.34373,2019-12-18,2020-04-02,2020-02-01,2020-02-17,2020,Africa,Ghana,Ghana,96.75,True,True,True,2,True,0.945,0.819,34,91.43,0.44,3,,1,1
MC202085211076,mcd64-cluster,A,-14.5572,14.0227,-14.39101,14.08109,2020-01-08,2020-04-14,2020-02-22,2020-02-29,2020,Africa,Senegal,Senegal,57.83,True,True,True,2,True,0.928,0.914,23,53.66,0.18,0,,0,1
MC202007426666,mcd64-cluster,A,-1.59451,7.31678,-1.40586,7.45153,2019-12-18,2020-04-02,2020-02-01,2020-02-17,2020,Africa,Ghana,Ghana,91.52,True,True,True,2,True,0.924,0.795,44,84.6,0.523,4,,1,1
MC202181105624,mcd64-cluster,A,-15.18602,13.16032,-15.05127,13.26812,2020-12-18,2021-04-13,2021-02-01,2021-02-27,2021,Africa,Senegal,Senegal,64.35,True,True,True,2,True,0.91,0.888,20,58.58,0.225,3,,1,1
MC202166698449,mcd64-cluster,A,-15.60823,12.82345,-15.44653,12.97167,2020-12-27,2021-04-14,2021-02-10,2021-02-28,2021,Africa,Senegal,Senegal,138.35,True,True,True,2,True,0.975,0.909,48,134.88,0.157,2,,1,1
MC202208611667,mcd64-cluster,A,-4.71166,13.98677,-4.49607,14.14397,2021-12-18,2022-04-13,2022-02-01,2022-02-27,2022,Africa,Mali,Mali,164.78,True,True,True,2,True,0.967,0.925,61,159.33,0.322,5,,1,1
MC202257139133,mcd64-cluster,A,-4.76107,14.45838,-4.67573,14.62457,2021-12-18,2022-04-06,2022-02-01,2022-02-20,2022,Africa,Mali,Mali,50.22,True,True,True,2,True,0.947,0.921,24,47.56,0.612,3,,1,1
MC202216211709,mcd64-cluster,A,-0.23805,9.5985,-0.10331,9.81859,2021-12-18,2022-04-08,2022-02-01,2022-02-22,2022,Africa,Ghana,Ghana,147.04,True,True,True,2,True,0.956,0.889,33,140.58,0.758,5,,1,1
MC202391461687,mcd64-cluster,A,36.62431,9.35146,36.71415,9.47723,2022-12-18,2023-04-04,2023-02-01,2023-02-18,2023,Africa,Ethiopia,Ethiopia,54.88,True,True,True,2,True,0.928,0.863,29,50.94,0.858,2,,1,1
MC202387409904,mcd64-cluster,A,37.16779,9.89943,37.28458,10.00723,2022-12-21,2023-04-07,2023-02-04,2023-02-21,2023,Africa,Ethiopia,Ethiopia,70.76,True,True,True,2,True,0.945,0.795,18,66.89,0.211,2,,1,1
MC202330866117,mcd64-cluster,A,-1.47324,9.66587,-1.27561,9.77367,2022-12-18,2023-04-10,2023-02-01,2023-02-24,2023,Africa,Ghana,Ghana,104.49,True,True,True,2,True,0.935,0.855,43,97.73,0.382,4,,1,1
MC202402287090,mcd64-cluster,A,37.52263,9.82757,37.66636,9.94884,2023-12-20,2024-04-14,2024-02-03,2024-02-29,2024,Africa,Ethiopia,Ethiopia,90.68,True,True,True,2,True,0.963,0.915,34,87.3,0.202,1,,1,1
MC202444619073,mcd64-cluster,A,-0.51204,9.24816,-0.38178,9.329,2023-12-19,2024-04-09,2024-02-02,2024-02-24,2024,Africa,Ghana,Ghana,64.25,True,True,True,2,True,0.922,0.79,23,59.27,0.306,2,,1,1
MC202496568572,mcd64-cluster,A,-5.21023,11.55233,-5.08446,11.69606,2023-12-20,2024-04-12,2024-02-03,2024-02-27,2024,Africa,Burkina Faso,Burkina Faso,90.16,True,True,True,2,True,0.963,0.885,27,86.8,0.652,4,,1,1
MC202473001363,mcd64-cluster,A,-0.7456,13.10193,-0.57492,13.2771,2023-12-20,2024-04-09,2024-02-03,2024-02-24,2024,Africa,Burkina Faso,Burkina Faso,132.11,True,True,True,2,True,0.932,0.906,27,123.19,0.258,2,,1,1
MC202466095130,mcd64-cluster,A,-2.41198,13.64541,-2.23231,13.75321,2023-12-19,2024-04-01,2024-02-02,2024-02-16,2024,Africa,Burkina Faso,Burkina Faso,93.06,True,True,True,2,True,0.947,0.924,3,88.15,0.419,5,,1,1
MC202489874894,mcd64-cluster,A,-0.3189,11.30081,-0.23805,11.39962,2023-12-29,2024-04-06,2024-02-12,2024-02-21,2024,Africa,Burkina Faso,Burkina Faso,55.52,True,True,True,2,True,0.948,0.867,9,52.64,0.184,2,,1,1
MC202426764463,mcd64-cluster,A,-0.35034,9.44579,-0.18865,9.52663,2023-12-24,2024-04-08,2024-02-07,2024-02-23,2024,Africa,Ghana,Ghana,56.59,True,True,True,2,True,0.934,0.825,16,52.83,0.215,1,,1,1
MC202416002711,mcd64-cluster,A,-4.39276,14.22033,-4.28946,14.32364,2023-12-26,2024-04-14,2024-02-09,2024-02-29,2024,Africa,Mali,Mali,60.68,True,True,True,2,True,0.941,0.761,19,57.11,0.424,2,,1,1
MC202518873991,mcd64-cluster,A,36.52999,10.1869,36.66923,10.33961,2024-12-29,2025-04-14,2025-02-12,2025-02-28,2025,Africa,Ethiopia,Ethiopia,95.97,True,True,True,2,True,0.953,0.958,36,91.43,0.156,1,,1,1
MC202599174671,mcd64-cluster,A,-0.52551,9.23019,-0.33238,9.35146,2024-12-18,2025-04-01,2025-02-01,2025-02-15,2025,Africa,Ghana,Ghana,121.12,True,True,True,2,True,0.94,0.838,23,113.79,0.248,5,,1,1
MC202584986674,mcd64-cluster,A,-1.02408,9.72875,-0.82645,9.93537,2024-12-18,2025-03-27,2025-02-01,2025-02-10,2025,Africa,Ghana,Ghana,125.84,True,True,True,2,True,0.935,0.596,15,117.61,0.56,5,,1,1
MC202598606370,mcd64-cluster,A,-1.27561,7.20449,-1.14535,7.39763,2024-12-18,2025-04-02,2025-02-01,2025-02-16,2025,Africa,Ghana,Ghana,82.14,True,True,True,2,True,0.953,0.744,31,78.31,0.355,5,,1,1
MC202572941322,mcd64-cluster,A,-1.36544,9.6524,-1.21722,9.83655,2024-12-18,2025-04-02,2025-02-01,2025-02-16,2025,Africa,Ghana,Ghana,127.35,True,True,True,2,True,0.951,0.757,36,121.14,0.329,4,,1,1
MC202519064732,mcd64-cluster,A,-15.17704,13.53312,-15.02881,13.61397,2024-12-20,2025-04-09,2025-02-03,2025-02-23,2025,Africa,Senegal,Senegal,56.98,True,True,True,2,True,0.961,0.832,11,54.74,0.304,2,,1,1
MC202579689714,mcd64-cluster,A,-15.41509,13.73075,-15.31178,13.80711,2024-12-18,2025-03-23,2025-02-01,2025-02-06,2025,Africa,"Gambia, The","Gambia, The",56.21,True,True,True,2,True,0.949,0.794,14,53.36,0.238,2,,1,1
MC202534986418,mcd64-cluster,A,-4.22657,9.93537,-4.10979,10.11054,2024-12-18,2025-03-29,2025-02-01,2025-02-12,2025,Africa,Burkina Faso,Burkina Faso,65.09,True,True,True,2,True,0.928,0.733,23,60.43,0.28,3,,1,1
MC202301960153,mcd64-cluster,A,-14.4494,12.92676,-14.33262,13.04803,2023-01-16,2023-04-26,2023-03-02,2023-03-12,2023,Africa,Senegal,Senegal,70.49,True,True,True,2,True,0.956,0.947,31,67.39,0.188,2,,1,1
MC202090788320,mcd64-cluster,A,78.2208,22.92051,78.39148,23.02831,2020-02-29,2020-06-04,2020-04-14,2020-04-20,2020,SouthAsia,India,India,86.35,True,True,True,2,True,0.953,0.592,32,82.33,0.986,4,,1,1
MC202064056012,mcd64-cluster,A,124.99608,43.98152,125.31947,44.23754,2020-02-16,2020-05-27,2020-04-01,2020-04-12,2020,EastAsia,China,China,214.36,True,True,True,2,True,0.905,0.583,53,193.95,0.907,5,,1,1
MC202060480115,mcd64-cluster,A,125.23413,44.79,125.44075,44.87085,2020-02-17,2020-06-01,2020-04-02,2020-04-17,2020,EastAsia,China,China,74.83,True,True,True,2,True,0.933,0.689,22,69.83,0.944,3,,1,1
MC202046211565,mcd64-cluster,A,125.20718,44.19262,125.65634,44.54745,2020-02-16,2020-05-28,2020-04-01,2020-04-13,2020,EastAsia,China,China,506.02,True,True,True,2,True,0.902,0.749,175,456.28,0.922,5,,1,1
MC202044419832,mcd64-cluster,A,125.39134,46.38002,125.53507,46.45637,2020-02-16,2020-06-08,2020-04-01,2020-04-24,2020,EastAsia,China,China,52.96,True,True,True,2,True,0.902,0.381,7,47.76,0.907,1,,1,1
MC202013491878,mcd64-cluster,A,125.63388,46.52824,125.7866,46.66299,2020-03-03,2020-06-14,2020-04-17,2020-04-30,2020,EastAsia,China,China,67.36,True,True,True,2,True,0.908,0.715,13,61.15,0.932,4,,1,1
MC202046669828,mcd64-cluster,A,125.69677,43.66261,125.89889,43.75245,2020-02-16,2020-06-13,2020-04-01,2020-04-29,2020,EastAsia,China,China,64.18,True,True,True,2,True,0.822,0.439,22,52.78,0.926,2,,1,1
MC202035059727,mcd64-cluster,A,125.61592,44.06686,125.9977,44.4711,2020-02-16,2020-06-14,2020-04-01,2020-04-30,2020,EastAsia,China,China,408.69,True,True,True,2,True,0.887,0.543,213,362.69,0.927,5,,1,1
MC202089185404,mcd64-cluster,A,125.72372,45.67035,126.00219,45.8545,2020-02-16,2020-06-01,2020-04-01,2020-04-17,2020,EastAsia,China,China,189.65,True,True,True,2,True,0.914,0.281,17,173.42,0.933,5,,1,1
MC202132272644,mcd64-cluster,A,83.24688,27.20997,83.47595,27.39862,2021-02-23,2021-06-09,2021-04-09,2021-04-25,2021,SouthAsia,India,India,181.09,True,True,True,2,True,0.931,0.717,45,168.68,0.923,5,,1,1
MC202162990042,mcd64-cluster,A,83.48493,26.29818,83.61968,26.38801,2021-03-05,2021-06-12,2021-04-19,2021-04-28,2021,SouthAsia,India,India,51.86,True,True,True,2,True,0.9,0.69,22,46.66,0.972,2,,1,1
MC202107872060,mcd64-cluster,A,83.49391,26.94946,83.62417,27.06624,2021-02-26,2021-06-10,2021-04-12,2021-04-26,2021,SouthAsia,India,India,66.68,True,True,True,2,True,0.927,0.848,10,61.79,0.9,2,,1,1
MC202104568090,mcd64-cluster,A,83.83527,25.02257,83.99248,25.14384,2021-02-23,2021-06-07,2021-04-09,2021-04-23,2021,SouthAsia,India,India,84.5,True,True,True,2,True,0.888,0.883,24,75.07,0.965,4,,1,1
MC202132400230,mcd64-cluster,A,125.7866,43.55931,125.93033,43.73448,2021-02-15,2021-06-07,2021-04-01,2021-04-23,2021,EastAsia,China,China,89.35,True,True,True,2,True,0.885,0.341,30,79.11,0.914,5,,1,1
MC202126050360,mcd64-cluster,A,125.77761,44.2061,126.23576,44.56093,2021-02-15,2021-06-07,2021-04-01,2021-04-23,2021,EastAsia,China,China,473.97,True,True,True,2,True,0.922,0.593,135,437.04,0.944,5,,1,1
MC202118118931,mcd64-cluster,A,125.74168,44.53398,126.20881,44.77203,2021-02-15,2021-06-05,2021-04-01,2021-04-21,2021,EastAsia,China,China,377.89,True,True,True,2,True,0.887,0.558,164,335.09,0.91,5,,1,1
MC202184915333,mcd64-cluster,A,126.03363,46.14646,126.20431,46.21832,2021-02-16,2021-06-07,2021-04-02,2021-04-23,2021,EastAsia,China,China,54.23,True,True,True,2,True,0.901,0.394,18,48.88,0.909,2,,1,1
MC202118653692,mcd64-cluster,A,125.87194,45.3245,126.21779,45.53111,2021-02-15,2021-06-14,2021-04-01,2021-04-30,2021,EastAsia,China,China,263.46,True,True,True,2,True,0.931,0.715,71,245.17,0.957,5,,1,1
MC202104749459,mcd64-cluster,A,126.01567,45.80959,126.3211,45.99374,2021-02-15,2021-06-07,2021-04-01,2021-04-23,2021,EastAsia,China,China,158.62,True,True,True,2,True,0.905,0.722,32,143.57,0.906,5,,1,1
MC202120650878,mcd64-cluster,A,126.24923,44.26898,126.43338,44.36779,2021-02-15,2021-06-07,2021-04-01,2021-04-23,2021,EastAsia,China,China,64.06,True,True,True,2,True,0.871,0.255,12,55.81,0.952,3,,1,1
MC202132121302,mcd64-cluster,A,126.2672,43.97702,126.45584,44.11177,2021-02-16,2021-06-07,2021-04-02,2021-04-23,2021,EastAsia,China,China,91.81,True,True,True,2,True,0.907,0.356,32,83.25,0.927,3,,1,1
MC202262114505,mcd64-cluster,A,77.69529,23.38315,77.86148,23.54484,2022-02-27,2022-06-14,2022-04-13,2022-04-30,2022,SouthAsia,India,India,88.1,True,True,True,2,True,0.94,0.617,21,82.84,0.952,5,,1,1
MC202280278591,mcd64-cluster,A,77.44825,23.52239,77.87046,23.80086,2022-02-22,2022-06-14,2022-04-08,2022-04-30,2022,SouthAsia,India,India,553.52,True,True,True,2,True,0.941,0.64,100,521.02,0.97,5,,1,1
MC202205830245,mcd64-cluster,A,77.88394,23.3023,78.10851,23.4101,2022-02-24,2022-06-14,2022-04-10,2022-04-30,2022,SouthAsia,India,India,121.6,True,True,True,2,True,0.911,0.601,34,110.73,0.988,5,,1,1
MC202234802399,mcd64-cluster,A,77.7941,22.63755,78.57115,23.06424,2022-02-17,2022-06-03,2022-04-03,2022-04-19,2022,SouthAsia,India,India,1661.03,True,True,True,2,True,0.974,0.825,433,1618.49,0.961,5,,1,1
MC202224926930,mcd64-cluster,A,79.31675,22.04915,79.49192,22.20635,2022-02-23,2022-06-14,2022-04-09,2022-04-30,2022,SouthAsia,India,India,144.41,True,True,True,2,True,0.918,0.67,34,132.51,0.944,5,,1,1
MC202268858778,mcd64-cluster,A,79.60421,22.17042,80.00396,22.46237,2022-02-25,2022-06-14,2022-04-11,2022-04-30,2022,SouthAsia,India,India,422.39,True,True,True,2,True,0.948,0.787,96,400.31,0.913,5,,1,1
MC202223278404,mcd64-cluster,A,82.52823,27.07073,82.78874,27.23243,2022-02-26,2022-06-08,2022-04-12,2022-04-24,2022,SouthAsia,India,India,165.35,True,True,True,2,True,0.947,0.824,40,156.58,0.915,5,,1,1
MC202242399883,mcd64-cluster,A,82.83814,26.84615,82.97738,26.99887,2022-02-28,2022-06-11,2022-04-14,2022-04-27,2022,SouthAsia,India,India,80.3,True,True,True,2,True,0.934,0.65,17,75.02,0.922,3,,1,1
MC202244793370,mcd64-cluster,A,126.4244,45.1089,126.75229,45.30204,2022-02-15,2022-06-13,2022-04-01,2022-04-29,2022,EastAsia,China,China,215.44,True,True,True,2,True,0.954,0.789,64,205.56,0.925,5,,1,1
MC202289352208,mcd64-cluster,A,126.55915,44.66424,126.70737,44.78102,2022-02-15,2022-06-14,2022-04-01,2022-04-30,2022,EastAsia,China,China,52.64,True,True,True,2,True,0.887,0.352,5,46.7,0.959,4,,1,1
MC202265189362,mcd64-cluster,A,126.5322,45.18077,127.12509,45.61196,2022-02-15,2022-06-14,2022-04-01,2022-04-30,2022,EastAsia,China,China,688.87,True,True,True,2,True,0.93,0.773,189,640.31,0.938,5,,1,1
MC202265845363,mcd64-cluster,A,126.71186,46.26773,126.88703,46.37553,2022-02-15,2022-06-09,2022-04-01,2022-04-25,2022,EastAsia,China,China,55.47,True,True,True,2,True,0.866,0.559,18,48.02,0.974,4,,1,1
MC202298925452,mcd64-cluster,A,126.86458,44.89331,127.1161,45.03255,2022-02-16,2022-06-09,2022-04-02,2022-04-25,2022,EastAsia,China,China,100.06,True,True,True,2,True,0.914,0.747,13,91.5,0.905,5,,1,1
MC202275316508,mcd64-cluster,A,126.91398,45.78713,127.34517,46.00273,2022-02-15,2022-06-12,2022-04-01,2022-04-28,2022,EastAsia,China,China,233.48,True,True,True,2,True,0.884,0.745,74,206.4,0.946,5,,1,1
MC202224144724,mcd64-cluster,A,127.30026,45.79162,127.57425,45.92637,2022-02-17,2022-06-13,2022-04-03,2022-04-29,2022,EastAsia,China,China,114.48,True,True,True,2,True,0.901,0.691,33,103.19,0.956,5,,1,1
MC202266911911,mcd64-cluster,A,131.81429,45.44577,131.97599,45.54009,2022-02-17,2022-06-08,2022-04-03,2022-04-24,2022,EastAsia,China,China,56.66,True,True,True,2,True,0.934,0.559,23,52.94,0.91,3,,1,1
MC202393528435,mcd64-cluster,A,83.82629,25.00011,84.01045,25.15283,2023-02-15,2023-06-04,2023-04-01,2023-04-20,2023,SouthAsia,India,India,146.4,True,True,True,2,True,0.922,0.534,30,135.05,0.97,5,,1,1
MC202355768482,mcd64-cluster,A,125.90338,45.03255,126.06058,45.12238,2023-02-15,2023-05-24,2023-04-01,2023-04-09,2023,EastAsia,China,China,50.21,True,True,True,2,True,0.895,0.676,3,44.92,0.923,2,,1,1
MC202356752383,mcd64-cluster,A,125.88541,43.74795,126.24474,43.98601,2023-02-15,2023-05-24,2023-04-01,2023-04-09,2023,EastAsia,China,China,272.51,True,True,True,2,True,0.933,0.767,87,254.39,0.962,5,,1,1
MC202310093148,mcd64-cluster,A,126.14592,46.60909,126.27169,46.71689,2023-02-15,2023-05-24,2023-04-01,2023-04-09,2023,EastAsia,China,China,54.95,True,True,True,2,True,0.917,0.752,17,50.41,0.863,2,,1,1
MC202306255445,mcd64-cluster,A,126.24474,44.01745,126.50525,44.12076,2023-02-15,2023-05-26,2023-04-01,2023-04-11,2023,EastAsia,China,China,82.63,True,True,True,2,True,0.881,0.652,20,72.77,0.889,2,,1,1
MC202318185845,mcd64-cluster,A,126.27618,44.23754,126.61305,44.45313,2023-02-15,2023-05-30,2023-04-01,2023-04-15,2023,EastAsia,China,China,287.05,True,True,True,2,True,0.925,0.647,97,265.64,0.908,5,,1,1
MC202377799662,mcd64-cluster,A,126.41542,46.53722,126.64,46.67197,2023-02-15,2023-05-28,2023-04-01,2023-04-13,2023,EastAsia,China,China,126.99,True,True,True,2,True,0.942,0.576,13,119.67,0.899,5,,1,1
MC202353208537,mcd64-cluster,A,126.41542,44.39474,126.6894,44.8439,2023-02-15,2023-05-29,2023-04-01,2023-04-14,2023,EastAsia,China,China,356.14,True,True,True,2,True,0.933,0.58,84,332.28,0.957,5,,1,1
MC202368164471,mcd64-cluster,A,126.56364,46.80223,126.81966,46.91002,2023-02-15,2023-05-26,2023-04-01,2023-04-11,2023,EastAsia,China,China,100.63,True,True,True,2,True,0.895,0.711,21,90.06,0.945,3,,1,1
MC202460617342,mcd64-cluster,A,83.23789,27.12463,83.48493,27.42557,2024-02-22,2024-06-10,2024-04-07,2024-04-26,2024,SouthAsia,India,India,323.44,True,True,True,2,True,0.952,0.895,79,308.04,0.914,5,,1,1
MC202483177919,mcd64-cluster,A,83.46247,26.30267,83.65112,26.3925,2024-02-29,2024-06-04,2024-04-14,2024-04-20,2024,SouthAsia,India,India,54.99,True,True,True,2,True,0.902,0.851,20,49.63,0.971,4,,1,1
MC202406068742,mcd64-cluster,A,83.41307,26.91353,83.66909,27.12912,2024-02-21,2024-06-12,2024-04-06,2024-04-28,2024,SouthAsia,India,India,253.09,True,True,True,2,True,0.945,0.685,55,239.2,0.921,5,,1,1
MC202443904180,mcd64-cluster,A,83.69604,24.98664,84.15867,25.29656,2024-02-19,2024-06-13,2024-04-04,2024-04-29,2024,SouthAsia,India,India,673.59,True,True,True,2,True,0.949,0.83,187,639.32,0.962,5,,1,1
MC202422840314,mcd64-cluster,A,124.96913,44.11626,125.13083,44.21059,2024-02-16,2024-06-13,2024-04-01,2024-04-29,2024,EastAsia,China,China,60.12,True,True,True,2,True,0.883,0.349,18,53.1,0.923,2,,1,1
MC202442941959,mcd64-cluster,A,125.1982,43.37515,125.38685,43.49193,2024-02-16,2024-05-26,2024-04-01,2024-04-11,2024,EastAsia,China,China,62.31,True,True,True,2,True,0.908,0.37,27,56.61,0.938,4,,1,1
MC202473934985,mcd64-cluster,A,125.27905,46.16442,125.5171,46.36205,2024-02-16,2024-06-14,2024-04-01,2024-04-30,2024,EastAsia,China,China,155.08,True,True,True,2,True,0.902,0.673,41,139.81,0.953,5,,1,1
MC202412409015,mcd64-cluster,A,125.35541,45.71077,125.72372,45.88594,2024-03-03,2024-06-14,2024-04-17,2024-04-30,2024,EastAsia,China,China,183.12,True,True,True,2,True,0.906,0.703,26,165.95,0.934,5,,1,1
MC202480562975,mcd64-cluster,A,125.571,46.0162,125.7327,46.11502,2024-02-18,2024-06-14,2024-04-03,2024-04-30,2024,EastAsia,China,China,81.0,True,True,True,2,True,0.925,0.299,12,74.9,0.917,1,,1,1
MC202433298065,mcd64-cluster,A,125.58897,44.11626,125.75067,44.23304,2024-03-03,2024-06-09,2024-04-17,2024-04-25,2024,EastAsia,China,China,65.29,True,True,True,2,True,0.901,0.599,36,58.85,0.947,3,,1,1
MC202454380733,mcd64-cluster,A,125.70126,45.29755,125.92584,45.4278,2024-02-16,2024-06-13,2024-04-01,2024-04-29,2024,EastAsia,China,China,83.08,True,True,True,2,True,0.871,0.469,31,72.34,0.944,5,,1,1
MC202483067869,mcd64-cluster,A,125.66533,46.63155,125.92134,46.77977,2024-02-17,2024-06-12,2024-04-02,2024-04-28,2024,EastAsia,China,China,85.2,True,True,True,2,True,0.856,0.914,36,72.97,0.962,5,,1,1
MC202508883760,mcd64-cluster,A,78.17589,22.66449,78.34208,22.87111,2025-02-18,2025-05-26,2025-04-04,2025-04-11,2025,SouthAsia,India,India,234.61,True,True,True,2,True,0.945,0.805,34,221.79,0.965,5,,1,1
MC202526665702,mcd64-cluster,A,82.50577,27.04827,82.77077,27.20548,2025-02-15,2025-06-02,2025-04-01,2025-04-18,2025,SouthAsia,India,India,165.84,True,True,True,2,True,0.932,0.92,42,154.51,0.928,5,,1,1
MC202506670317,mcd64-cluster,A,83.30527,27.14709,83.46696,27.37616,2025-02-15,2025-05-29,2025-04-01,2025-04-14,2025,SouthAsia,India,India,151.22,True,True,True,2,True,0.93,0.946,31,140.58,0.923,5,,1,1
MC202502982263,mcd64-cluster,A,126.79271,45.02805,126.94992,45.14034,2025-02-22,2025-05-31,2025-04-08,2025-04-16,2025,EastAsia,China,China,53.72,True,True,True,2,True,0.906,0.647,14,48.66,0.933,3,,1,1
MC202560226198,mcd64-cluster,A,126.70737,45.15382,127.08915,45.56704,2025-02-15,2025-06-14,2025-04-01,2025-04-30,2025,EastAsia,China,China,517.58,True,True,True,2,True,0.923,0.876,191,477.92,0.924,5,,1,1
MC202573375442,mcd64-cluster,A,126.45135,45.97128,126.90051,46.22281,2025-02-15,2025-06-14,2025-04-01,2025-04-30,2025,EastAsia,China,China,246.42,True,True,True,2,True,0.909,0.8,91,224.1,0.904,5,,1,1
MC202515391818,mcd64-cluster,A,126.64449,46.20934,127.00381,46.43392,2025-02-20,2025-06-14,2025-04-06,2025-04-30,2025,EastAsia,China,China,189.61,True,True,True,2,True,0.906,0.597,47,171.7,0.919,5,,1,1
MC202556038074,mcd64-cluster,A,126.86458,45.51314,127.34068,46.02069,2025-02-19,2025-06-12,2025-04-05,2025-04-28,2025,EastAsia,China,China,669.87,True,True,True,2,True,0.912,0.722,223,611.13,0.894,5,,1,1
MC202509210987,mcd64-cluster,A,127.02178,46.15993,127.20594,46.30366,2025-02-20,2025-06-13,2025-04-06,2025-04-29,2025,EastAsia,China,China,84.23,True,True,True,2,True,0.859,0.684,22,72.32,0.942,3,,1,1
MC202534197420,mcd64-cluster,A,126.96339,46.68545,127.14305,46.76629,2025-02-19,2025-06-13,2025-04-05,2025-04-29,2025,EastAsia,China,China,55.23,True,True,True,2,True,0.898,0.35,9,49.59,0.935,2,,1,1
MC202568341326,mcd64-cluster,A,128.52197,45.62992,128.76002,45.71976,2025-02-23,2025-06-05,2025-04-09,2025-04-21,2025,EastAsia,China,China,83.49,True,True,True,2,True,0.871,0.448,15,72.72,0.935,1,,1,1
MC202001680170,mcd64-cluster,A,78.55318,25.593,78.74183,25.73673,2020-03-17,2020-07-04,2020-05-01,2020-05-20,2020,SouthAsia,India,India,125.01,True,True,True,2,True,0.922,0.618,23,115.23,0.973,5,,1,1
MC202067903310,mcd64-cluster,A,79.72548,22.33661,79.86921,22.45339,2020-03-17,2020-06-21,2020-05-01,2020-05-07,2020,SouthAsia,India,India,71.96,True,True,True,2,True,0.925,0.416,10,66.59,0.907,4,,1,1
MC202200625206,mcd64-cluster,A,126.51423,47.29181,126.66695,47.40859,2022-03-21,2022-06-29,2022-05-05,2022-05-15,2022,EastAsia,China,China,52.05,True,True,True,2,True,0.875,0.306,6,45.54,0.937,4,,1,1
MC202204793245,mcd64-cluster,A,126.41542,46.98189,126.71635,47.04028,2022-03-21,2022-06-29,2022-05-05,2022-05-15,2022,EastAsia,China,China,58.34,True,True,True,2,True,0.861,0.229,9,50.22,0.951,4,,1,1
MC202242250420,mcd64-cluster,A,126.48279,48.50903,126.70288,48.61682,2022-03-24,2022-07-03,2022-05-08,2022-05-19,2022,EastAsia,China,China,74.61,True,True,True,2,True,0.907,0.587,5,67.64,0.899,2,,1,1
MC202259683852,mcd64-cluster,A,126.71635,47.55681,126.97237,47.70952,2022-03-21,2022-06-29,2022-05-05,2022-05-15,2022,EastAsia,China,China,139.0,True,True,True,2,True,0.941,0.666,18,130.81,0.938,5,,1,1
MC202049508492,mcd64-cluster,A,27.9915,-13.50617,28.07684,-13.39388,2020-05-20,2020-09-13,2020-07-04,2020-07-30,2020,Africa,Zambia,Zambia,56.52,True,True,True,2,True,0.915,0.756,27,51.73,0.224,1,,1,1
MC202054517432,mcd64-cluster,A,28.11727,-13.65888,28.39125,-13.50617,2020-05-17,2020-09-14,2020-07-01,2020-07-31,2020,Africa,Zambia,Zambia,132.14,True,True,True,2,True,0.942,0.813,41,124.45,0.213,5,,1,1
MC202046955810,mcd64-cluster,A,28.72363,-13.23218,28.85838,-13.10193,2020-05-18,2020-09-11,2020-07-02,2020-07-28,2020,Africa,Zambia,Zambia,76.02,True,True,True,2,True,0.92,0.801,34,69.95,0.248,2,,1,1
MC202041359233,mcd64-cluster,A,31.16256,-1.34298,31.32875,-1.21273,2020-05-17,2020-09-14,2020-07-01,2020-07-31,2020,Africa,Tanzania,Tanzania,84.04,True,True,True,2,True,0.932,0.806,20,78.31,0.157,2,,1,1
MC202063539172,mcd64-cluster,A,34.11801,-15.15009,34.26174,-15.04229,2020-05-25,2020-09-14,2020-07-09,2020-07-31,2020,Africa,Mozambique,Mozambique,53.71,True,True,True,2,True,0.881,0.794,20,47.32,0.285,2,,1,1
MC202032979430,mcd64-cluster,A,38.20535,-13.52414,38.52874,-13.2232,2020-05-21,2020-09-14,2020-07-05,2020-07-31,2020,Africa,Mozambique,Mozambique,363.3,True,True,True,2,True,0.934,0.877,97,339.45,0.274,5,,1,1
MC202096299692,mcd64-cluster,A,38.42094,-13.67236,38.66349,-13.42981,2020-05-17,2020-09-14,2020-07-01,2020-07-31,2020,Africa,Mozambique,Mozambique,215.83,True,True,True,2,True,0.923,0.824,43,199.15,0.196,4,,1,1
MC202054913403,mcd64-cluster,A,38.54671,-13.25464,38.74883,-13.09295,2020-05-18,2020-09-14,2020-07-02,2020-07-31,2020,Africa,Mozambique,Mozambique,154.72,True,True,True,2,True,0.947,0.882,44,146.52,0.31,5,,1,1
MC202471947628,mcd64-cluster,A,29.2761,-14.31915,29.4333,-14.19787,2024-05-17,2024-09-14,2024-07-01,2024-07-31,2024,Africa,Zambia,Zambia,67.69,True,True,True,2,True,0.915,0.793,12,61.95,0.29,5,,1,1
MC202456499423,mcd64-cluster,A,29.38389,-0.97018,29.50966,-0.84442,2024-05-17,2024-09-14,2024-07-01,2024-07-31,2024,Africa,Dem Rep of the Congo,Dem Rep of the Congo,64.35,True,True,True,2,True,0.904,0.74,5,58.17,0.191,1,,1,1
MC202417506689,mcd64-cluster,A,29.46923,-8.4801,29.58601,-8.38128,2024-05-19,2024-09-14,2024-07-03,2024-07-31,2024,Africa,Zambia,Zambia,62.18,True,True,True,2,True,0.915,0.875,25,56.87,0.409,2,,1,1
MC202411947700,mcd64-cluster,A,30.9245,-9.15832,31.18052,-8.8529,2024-05-25,2024-09-14,2024-07-09,2024-07-31,2024,Africa,Zambia,Zambia,265.84,True,True,True,2,True,0.961,0.94,67,255.43,0.208,5,,1,1
MC202475762244,mcd64-cluster,A,32.69418,-12.49107,32.80647,-12.36531,2024-05-18,2024-09-09,2024-07-02,2024-07-26,2024,Africa,Zambia,Zambia,65.04,True,True,True,2,True,0.897,0.521,14,58.34,0.173,1,,1,1
MC202419269674,mcd64-cluster,A,33.81708,-9.08646,33.93386,-8.97417,2024-05-18,2024-09-12,2024-07-02,2024-07-29,2024,Africa,Tanzania,Tanzania,61.09,True,True,True,2,True,0.939,0.962,6,57.34,0.253,1,,1,1
MC202406088495,mcd64-cluster,A,35.05226,-17.92139,35.18252,-17.77766,2024-05-18,2024-09-14,2024-07-02,2024-07-31,2024,Africa,Mozambique,Mozambique,85.47,True,True,True,2,True,0.931,0.927,29,79.54,0.374,4,,1,1
MC202427377234,mcd64-cluster,A,35.98202,-14.94797,36.12575,-14.86263,2024-05-21,2024-09-13,2024-07-05,2024-07-30,2024,Africa,Mozambique,Mozambique,50.62,True,True,True,2,True,0.894,0.813,18,45.26,0.254,1,,1,1
MC202105615230,mcd64-cluster,A,-56.79149,-21.8605,-56.68819,-21.65389,2021-07-08,2021-10-15,2021-08-22,2021-08-31,2021,SouthAmerica,Brazil,Brazil,76.45,True,True,True,2,True,0.94,0.608,4,71.87,0.873,1,,1,1
MC202277701751,mcd64-cluster,A,27.78938,-13.51515,27.93761,-13.40736,2022-06-18,2022-10-14,2022-08-02,2022-08-30,2022,Africa,Zambia,Zambia,68.17,True,True,True,2,True,0.931,0.915,6,63.5,0.162,2,,1,1
MC202295030474,mcd64-cluster,A,27.76693,-13.8655,27.91964,-13.71727,2022-06-17,2022-10-14,2022-08-01,2022-08-30,2022,Africa,Zambia,Zambia,70.01,True,True,True,2,True,0.902,0.803,22,63.17,0.328,4,,1,1
MC202235929322,mcd64-cluster,A,28.11727,-14.09906,28.24752,-13.98677,2022-06-17,2022-10-13,2022-08-01,2022-08-29,2022,Africa,Zambia,Zambia,74.77,True,True,True,2,True,0.884,0.86,15,66.12,0.446,3,,1,1
MC202206343416,mcd64-cluster,A,28.2071,-13.52414,28.32837,-13.42532,2022-06-17,2022-10-12,2022-08-01,2022-08-28,2022,Africa,Zambia,Zambia,67.44,True,True,True,2,True,0.915,0.871,11,61.68,0.291,1,,1,1
MC202242893287,mcd64-cluster,A,28.51702,-13.63193,28.64278,-13.4927,2022-06-17,2022-10-14,2022-08-01,2022-08-30,2022,Africa,Zambia,Zambia,59.41,True,True,True,2,True,0.893,0.81,20,53.04,0.22,3,,1,1
MC202267311005,mcd64-cluster,A,29.01109,-14.49432,29.24465,-14.2922,2022-06-19,2022-10-15,2022-08-03,2022-08-31,2022,Africa,Zambia,Zambia,194.98,True,True,True,2,True,0.923,0.813,33,180.06,0.182,5,,1,1
MC202230422297,mcd64-cluster,A,29.33449,-9.86799,29.40635,-9.72426,2022-06-23,2022-10-09,2022-08-07,2022-08-25,2022,Africa,Zambia,Zambia,56.78,True,True,True,2,True,0.93,0.913,23,52.79,0.388,2,,1,1
MC202298827174,mcd64-cluster,A,30.8706,-9.03256,31.10417,-8.84391,2022-06-17,2022-10-15,2022-08-01,2022-08-31,2022,Africa,Zambia,Zambia,170.51,True,True,True,2,True,0.9,0.822,49,153.51,0.177,4,,1,1
MC202341478031,mcd64-cluster,A,15.86874,-13.8116,16.0484,-13.57804,2023-06-17,2023-10-15,2023-08-01,2023-08-31,2023,Africa,Angola,Angola,205.03,True,True,True,2,True,0.937,0.855,129,192.07,0.228,5,,1,1
MC202373281609,mcd64-cluster,A,17.04553,-12.93125,17.27909,-12.81447,2023-06-17,2023-10-11,2023-08-01,2023-08-27,2023,Africa,Angola,Angola,115.99,True,True,True,2,True,0.892,0.741,69,103.47,0.216,3,,1,1
MC202382415234,mcd64-cluster,A,26.84615,-29.52313,26.95395,-29.35694,2023-07-09,2023-10-12,2023-08-23,2023-08-28,2023,Africa,South Africa,South Africa,60.83,True,True,True,2,True,0.939,0.912,20,57.14,0.151,0,,0,1
MC202344873575,mcd64-cluster,A,26.90903,-29.19525,27.02132,-29.09643,2023-07-07,2023-10-12,2023-08-21,2023-08-28,2023,Africa,South Africa,South Africa,55.99,True,True,True,2,True,0.957,0.89,22,53.6,0.226,3,,1,1
MC202310558775,mcd64-cluster,A,27.66362,-11.54335,27.82981,-11.44454,2023-06-17,2023-10-14,2023-08-01,2023-08-30,2023,Africa,Dem Rep of the Congo,Dem Rep of the Congo,69.42,True,True,True,2,True,0.942,0.879,26,65.39,0.639,2,,1,1
MC202326993388,mcd64-cluster,A,27.87921,-13.79363,28.02744,-13.64092,2023-06-17,2023-10-15,2023-08-01,2023-08-31,2023,Africa,Zambia,Zambia,103.71,True,True,True,2,True,0.929,0.747,42,96.32,0.178,3,,1,1
MC202315927747,mcd64-cluster,A,28.49007,-13.7038,28.60236,-13.60049,2023-06-17,2023-10-15,2023-08-01,2023-08-31,2023,Africa,Zambia,Zambia,52.6,True,True,True,2,True,0.931,0.804,22,48.96,0.411,3,,1,1
MC202392785484,mcd64-cluster,A,28.68321,-25.00011,28.83143,-24.91028,2023-06-30,2023-10-11,2023-08-14,2023-08-27,2023,Africa,South Africa,South Africa,75.76,True,True,True,2,True,0.954,0.754,15,72.25,0.207,2,,1,1
MC202479060573,mcd64-cluster,A,-48.26199,-21.41584,-47.96105,-20.81397,2024-06-18,2024-10-14,2024-08-02,2024-08-30,2024,SouthAmerica,Brazil,Brazil,625.69,True,True,True,2,True,0.957,0.922,281,598.7,0.81,5,,1,1
MC202439256455,mcd64-cluster,A,-48.43716,-22.15695,-48.33385,-21.99076,2024-07-02,2024-10-14,2024-08-16,2024-08-30,2024,SouthAmerica,Brazil,Brazil,77.44,True,True,True,2,True,0.938,0.958,47,72.64,0.508,4,,1,1
MC202431058598,mcd64-cluster,A,-48.67521,-22.70492,-48.54945,-22.58814,2024-06-18,2024-10-15,2024-08-02,2024-08-31,2024,SouthAmerica,Brazil,Brazil,84.94,True,True,True,2,True,0.957,0.881,30,81.32,0.785,4,,1,1
MC202433990134,mcd64-cluster,A,-49.23666,-20.71964,-48.84589,-20.44566,2024-06-19,2024-10-15,2024-08-03,2024-08-31,2024,SouthAmerica,Brazil,Brazil,449.67,True,True,True,2,True,0.964,0.904,143,433.5,0.696,5,,1,1
MC202431298189,mcd64-cluster,A,-49.81607,-20.34235,-49.57353,-20.07286,2024-06-22,2024-10-14,2024-08-06,2024-08-30,2024,SouthAmerica,Brazil,Brazil,218.18,True,True,True,2,True,0.96,0.934,97,209.52,0.67,5,,1,1
MC202429133964,mcd64-cluster,A,-50.09455,-21.4338,-49.9643,-21.29456,2024-06-20,2024-10-13,2024-08-04,2024-08-29,2024,SouthAmerica,Brazil,Brazil,65.97,True,True,True,2,True,0.93,0.704,6,61.33,0.752,4,,1,1
MC202451311561,mcd64-cluster,A,-50.31913,-20.96219,-50.20684,-20.86786,2024-06-25,2024-10-15,2024-08-09,2024-08-31,2024,SouthAmerica,Brazil,Brazil,62.45,True,True,True,2,True,0.943,0.935,43,58.89,0.518,3,,1,1
MC202462280072,mcd64-cluster,A,-50.95244,-21.62694,-50.85363,-21.52363,2024-07-02,2024-10-15,2024-08-16,2024-08-31,2024,SouthAmerica,Brazil,Brazil,51.96,True,True,True,2,True,0.931,0.852,28,48.37,0.685,1,,1,1
MC202485250697,mcd64-cluster,A,15.87772,-13.76668,16.02145,-13.66787,2024-06-17,2024-10-06,2024-08-01,2024-08-22,2024,Africa,Angola,Angola,60.58,True,True,True,2,True,0.943,0.858,39,57.13,0.236,2,,1,1
MC202475759352,mcd64-cluster,A,27.36268,-26.66649,27.54235,-26.6081,2024-06-19,2024-09-30,2024-08-03,2024-08-16,2024,Africa,South Africa,South Africa,69.12,True,True,True,2,True,0.978,0.973,28,67.61,0.542,3,,1,1
MC202463485217,mcd64-cluster,A,28.27897,-31.47697,28.40024,-31.38714,2024-06-22,2024-10-07,2024-08-06,2024-08-23,2024,Africa,South Africa,South Africa,53.0,True,True,True,2,True,0.933,0.92,20,49.44,0.221,1,,1,1
MC202411122428,mcd64-cluster,A,28.58888,-28.47659,28.88982,-28.32837,2024-07-03,2024-10-15,2024-08-17,2024-08-31,2024,Africa,South Africa,South Africa,215.47,True,True,True,2,True,0.964,0.963,72,207.63,0.221,5,,1,1
MC202491034713,mcd64-cluster,A,33.24665,-17.85851,33.46674,-17.66537,2024-06-19,2024-10-15,2024-08-03,2024-08-31,2024,Africa,Mozambique,Mozambique,134.92,True,True,True,2,True,0.906,0.724,88,122.27,0.316,5,,1,1
MC202447417252,mcd64-cluster,A,33.29156,-18.19088,33.43529,-18.06512,2024-06-17,2024-10-15,2024-08-01,2024-08-31,2024,Africa,Mozambique,Mozambique,84.86,True,True,True,2,True,0.913,0.815,40,77.46,0.158,2,,1,1
MC202420252770,mcd64-cluster,A,38.10204,-13.66787,38.47934,-13.33998,2024-06-17,2024-10-15,2024-08-01,2024-08-31,2024,Africa,Mozambique,Mozambique,425.68,True,True,True,2,True,0.956,0.903,173,406.94,0.154,5,,1,1
MC202527659470,mcd64-cluster,A,27.41658,-13.03455,27.6187,-12.94921,2025-06-17,2025-10-15,2025-08-01,2025-08-31,2025,Africa,Zambia,Zambia,76.32,True,True,True,2,True,0.958,0.846,37,73.1,0.19,1,,1,1
MC202595585416,mcd64-cluster,A,28.77304,-28.51702,29.01109,-28.32388,2025-07-04,2025-10-14,2025-08-18,2025-08-30,2025,Africa,South Africa,South Africa,150.94,True,True,True,2,True,0.942,0.833,35,142.22,0.208,4,,1,1
MC202584582678,mcd64-cluster,A,29.28059,-11.50293,29.40635,-11.35471,2025-06-28,2025-10-15,2025-08-12,2025-08-31,2025,Africa,Zambia,Zambia,77.01,True,True,True,2,True,0.961,0.894,27,74.02,0.18,1,,1,1
MC202578819375,mcd64-cluster,A,30.17441,-16.89731,30.2867,-16.80299,2025-07-08,2025-10-15,2025-08-22,2025-08-31,2025,Africa,Zimbabwe,Zimbabwe,59.68,True,True,True,2,True,0.972,0.928,23,58.01,0.387,2,,1,1
MC202514912645,mcd64-cluster,A,30.3945,-17.598,30.53374,-17.48122,2025-06-22,2025-10-15,2025-08-06,2025-08-31,2025,Africa,Zimbabwe,Zimbabwe,59.94,True,True,True,2,True,0.908,0.748,20,54.41,0.315,3,,1,1
MC202559391952,mcd64-cluster,A,31.47697,-9.50867,31.62968,-9.31104,2025-06-20,2025-10-15,2025-08-04,2025-08-31,2025,Africa,Zambia,Zambia,157.25,True,True,True,2,True,0.921,0.789,51,144.82,0.158,2,,1,1
MC202564629795,mcd64-cluster,A,33.70479,-10.62258,33.84852,-10.398,2025-06-17,2025-10-15,2025-08-01,2025-08-31,2025,Africa,Malawi,Malawi,148.63,True,True,True,2,True,0.972,0.965,41,144.46,0.153,2,,1,1
MC202516444190,mcd64-cluster,A,34.50878,-18.6625,34.63455,-18.53674,2025-07-02,2025-10-15,2025-08-16,2025-08-31,2025,Africa,Mozambique,Mozambique,67.38,True,True,True,2,True,0.968,0.788,20,65.19,0.213,1,,1,1
MC202030069926,mcd64-cluster,A,-51.80584,-11.732,-51.63965,-11.66462,2020-07-26,2020-11-13,2020-09-09,2020-09-29,2020,SouthAmerica,Brazil,Brazil,72.06,True,True,True,2,True,0.937,0.746,22,67.54,0.644,2,,1,1
MC202014788161,mcd64-cluster,A,-52.41221,-17.55308,-52.27746,-17.44977,2020-07-22,2020-11-14,2020-09-05,2020-09-30,2020,SouthAmerica,Brazil,Brazil,52.81,True,True,True,2,True,0.912,0.846,27,48.17,0.546,3,,1,1
MC202092469130,mcd64-cluster,A,-53.13086,-17.77766,-53.00509,-17.60249,2020-07-21,2020-11-08,2020-09-04,2020-09-24,2020,SouthAmerica,Brazil,Brazil,71.06,True,True,True,2,True,0.935,0.93,26,66.43,0.673,5,,1,1
MC202081640511,mcd64-cluster,A,-53.77764,-15.17704,-53.56654,-15.05576,2020-07-18,2020-11-12,2020-09-01,2020-09-28,2020,SouthAmerica,Brazil,Brazil,81.4,True,True,True,2,True,0.93,0.746,12,75.74,0.233,4,,1,1
MC202063036529,mcd64-cluster,A,-54.19985,-14.31465,-54.05612,-14.19338,2020-07-22,2020-11-11,2020-09-05,2020-09-27,2020,SouthAmerica,Brazil,Brazil,67.21,True,True,True,2,True,0.933,0.921,34,62.74,0.552,4,,1,1
MC202018806265,mcd64-cluster,A,-55.73148,-21.93686,-55.58326,-21.8066,2020-07-22,2020-11-10,2020-09-05,2020-09-26,2020,SouthAmerica,Brazil,Brazil,148.39,True,True,True,2,True,0.973,0.944,60,144.45,0.867,4,,1,1
MC202044790626,mcd64-cluster,A,-57.21819,-24.79799,-57.06548,-24.70816,2020-08-01,2020-11-14,2020-09-15,2020-09-30,2020,SouthAmerica,Paraguay,Paraguay,78.83,True,True,True,2,True,0.938,0.823,30,73.96,0.268,1,,1,1
MC202093964086,mcd64-cluster,A,-61.44477,-28.52151,-61.33697,-28.40473,2020-07-25,2020-11-13,2020-09-08,2020-09-29,2020,SouthAmerica,Argentina,Argentina,60.09,True,True,True,2,True,0.944,0.833,30,56.74,0.175,2,,1,1
MC202094688201,mcd64-cluster,A,15.29382,-15.07822,15.44653,-14.91203,2020-07-18,2020-11-13,2020-09-01,2020-09-29,2020,Africa,Angola,Angola,101.92,True,True,True,2,True,0.933,0.814,39,95.11,0.272,5,,1,1
MC202007179964,mcd64-cluster,A,15.47348,-11.54784,15.57679,-11.4625,2020-07-18,2020-10-26,2020-09-01,2020-09-11,2020,Africa,Angola,Angola,52.06,True,True,True,2,True,0.919,0.695,29,47.85,0.183,0,,0,1
MC202061572384,mcd64-cluster,A,15.33873,-11.8892,15.62619,-11.71403,2020-07-18,2020-11-11,2020-09-01,2020-09-27,2020,Africa,Angola,Angola,232.7,True,True,True,2,True,0.948,0.6,58,220.49,0.517,5,,1,1
MC202017734209,mcd64-cluster,A,15.70704,-14.45389,15.8373,-14.30567,2020-07-18,2020-10-27,2020-09-01,2020-09-12,2020,Africa,Angola,Angola,74.42,True,True,True,2,True,0.929,0.778,21,69.17,0.17,2,,1,1
MC202041617408,mcd64-cluster,A,17.16231,-11.81734,17.31952,-11.70954,2020-07-19,2020-11-05,2020-09-02,2020-09-21,2020,Africa,Angola,Angola,72.53,True,True,True,2,True,0.916,0.775,39,66.42,0.223,3,,1,1
MC202085564222,mcd64-cluster,A,28.49456,-28.39125,28.60236,-28.25202,2020-07-21,2020-11-13,2020-09-04,2020-09-29,2020,Africa,South Africa,South Africa,51.16,True,True,True,2,True,0.909,0.907,17,46.49,0.223,3,,1,1
MC202012465409,mcd64-cluster,A,29.62644,-7.20898,29.83305,-7.02483,2020-07-18,2020-10-30,2020-09-01,2020-09-15,2020,Africa,Dem Rep of the Congo,Dem Rep of the Congo,115.09,True,True,True,2,True,0.944,0.772,47,108.66,0.196,5,,1,1
MC202010421876,mcd64-cluster,A,33.11639,-17.92139,33.2197,-17.84503,2020-07-18,2020-11-13,2020-09-01,2020-09-29,2020,Africa,Mozambique,Mozambique,50.8,True,True,True,2,True,0.954,0.833,37,48.49,0.315,1,,1,1
MC202148157925,mcd64-cluster,A,-48.38775,-19.38115,-48.12724,-18.99937,2021-07-22,2021-11-10,2021-09-05,2021-09-26,2021,SouthAmerica,Brazil,Brazil,293.05,True,True,True,2,True,0.953,0.867,99,279.39,0.577,5,,1,1
MC202114556408,mcd64-cluster,A,-48.48657,-21.5416,-48.38775,-21.45177,2021-07-22,2021-10-27,2021-09-05,2021-09-12,2021,SouthAmerica,Brazil,Brazil,54.31,True,True,True,2,True,0.947,0.899,31,51.41,0.843,1,,1,1
MC202147950800,mcd64-cluster,A,-48.52699,-19.39014,-48.41919,-19.27335,2021-07-20,2021-11-02,2021-09-03,2021-09-18,2021,SouthAmerica,Brazil,Brazil,72.5,True,True,True,2,True,0.95,0.899,20,68.91,0.524,1,,1,1
MC202198558893,mcd64-cluster,A,-48.79199,-20.11777,-48.51801,-19.89768,2021-07-23,2021-11-02,2021-09-06,2021-09-18,2021,SouthAmerica,Brazil,Brazil,292.54,True,True,True,2,True,0.961,0.925,131,281.05,0.785,5,,1,1
MC202191501004,mcd64-cluster,A,-48.99861,-21.50567,-48.81445,-21.36643,2021-07-29,2021-11-12,2021-09-12,2021-09-28,2021,SouthAmerica,Brazil,Brazil,134.67,True,True,True,2,True,0.955,0.828,63,128.63,0.824,5,,1,1
MC202117074843,mcd64-cluster,A,36.35931,-15.82832,36.44914,-15.71603,2021-07-25,2021-11-13,2021-09-08,2021-09-29,2021,Africa,Mozambique,Mozambique,51.85,True,True,True,2,True,0.907,0.764,20,47.05,0.18,1,,1,1
MC202108451942,mcd64-cluster,A,36.30541,-15.44204,36.51202,-15.27585,2021-07-18,2021-11-06,2021-09-01,2021-09-22,2021,Africa,Mozambique,Mozambique,113.04,True,True,True,2,True,0.928,0.865,18,104.86,0.343,4,,1,1
MC202142515408,mcd64-cluster,A,36.47609,-15.63967,36.6827,-15.52738,2021-07-25,2021-11-13,2021-09-08,2021-09-29,2021,Africa,Mozambique,Mozambique,103.32,True,True,True,2,True,0.955,0.848,33,98.69,0.336,4,,1,1
MC202130495205,mcd64-cluster,A,38.28171,-13.52863,38.40747,-13.45676,2021-07-18,2021-10-28,2021-09-01,2021-09-13,2021,Africa,Mozambique,Mozambique,50.7,True,True,True,2,True,0.921,0.982,17,46.69,0.193,1,,1,1
MC202207521475,mcd64-cluster,A,14.7189,-11.06275,14.83119,-10.9864,2022-07-20,2022-11-09,2022-09-03,2022-09-25,2022,Africa,Angola,Angola,50.19,True,True,True,2,True,0.929,0.782,24,46.64,0.234,1,,1,1
MC202288951595,mcd64-cluster,A,39.01383,-16.09781,39.12612,-15.98552,2022-07-20,2022-11-06,2022-09-03,2022-09-22,2022,Africa,Mozambique,Mozambique,57.77,True,True,True,2,True,0.918,0.884,12,53.04,0.188,1,,1,1
MC202351790357,mcd64-cluster,A,33.1658,-18.62657,33.56555,-17.71478,2023-07-18,2023-11-14,2023-09-01,2023-09-30,2023,Africa,Mozambique,Mozambique,1583.03,True,True,True,2,True,0.957,0.897,1013,1515.42,0.17,5,,1,1
MC202322002448,mcd64-cluster,A,36.3144,-14.59762,36.59287,-14.37304,2023-07-19,2023-11-14,2023-09-02,2023-09-30,2023,Africa,Mozambique,Mozambique,227.5,True,True,True,2,True,0.935,0.885,72,212.77,0.195,5,,1,1
MC202355502545,mcd64-cluster,A,36.47609,-15.42857,36.6333,-15.29382,2023-07-18,2023-11-10,2023-09-01,2023-09-26,2023,Africa,Mozambique,Mozambique,82.75,True,True,True,2,True,0.922,0.882,23,76.25,0.342,5,,1,1
MC202352512573,mcd64-cluster,A,36.85338,-15.11865,37.03305,-15.03331,2023-07-19,2023-11-07,2023-09-02,2023-09-23,2023,Africa,Mozambique,Mozambique,61.9,True,True,True,2,True,0.899,0.879,14,55.64,0.2,2,,1,1
MC202406514018,mcd64-cluster,A,-50.45388,-20.98914,-50.35955,-20.88134,2024-07-26,2024-11-09,2024-09-09,2024-09-25,2024,SouthAmerica,Brazil,Brazil,63.14,True,True,True,2,True,0.935,0.879,19,59.0,0.583,2,,1,1
MC202420553608,mcd64-cluster,A,-50.59312,-18.40199,-50.42244,-18.28072,2024-07-21,2024-11-07,2024-09-04,2024-09-23,2024,SouthAmerica,Brazil,Brazil,109.62,True,True,True,2,True,0.963,0.924,41,105.59,0.433,4,,1,1
MC202486039570,mcd64-cluster,A,-51.12312,-19.07573,-51.04227,-18.92301,2024-08-05,2024-11-13,2024-09-19,2024-09-29,2024,SouthAmerica,Brazil,Brazil,64.39,True,True,True,2,True,0.94,0.904,16,60.56,0.59,2,,1,1
MC202491146977,mcd64-cluster,A,-51.32075,-20.89032,-51.1905,-20.76456,2024-07-18,2024-11-13,2024-09-01,2024-09-29,2024,SouthAmerica,Brazil,Brazil,84.17,True,True,True,2,True,0.966,0.885,18,81.31,0.65,1,,1,1
MC202476923150,mcd64-cluster,A,-51.63965,-17.84503,-51.26685,-17.5441,2024-07-20,2024-11-11,2024-09-03,2024-09-27,2024,SouthAmerica,Brazil,Brazil,493.61,True,True,True,2,True,0.957,0.924,250,472.4,0.716,5,,1,1
MC202424689505,mcd64-cluster,A,-51.52287,-20.67473,-51.38813,-20.55795,2024-07-19,2024-11-14,2024-09-02,2024-09-30,2024,SouthAmerica,Brazil,Brazil,78.68,True,True,True,2,True,0.94,0.878,30,73.95,0.631,3,,1,1
MC202471015732,mcd64-cluster,A,-51.81033,-11.35021,-51.68906,-11.23792,2024-07-19,2024-11-04,2024-09-02,2024-09-20,2024,SouthAmerica,Brazil,Brazil,61.64,True,True,True,2,True,0.914,0.868,30,56.32,0.241,2,,1,1
MC202449918253,mcd64-cluster,A,-51.77889,-21.15532,-51.64415,-20.97117,2024-07-20,2024-11-08,2024-09-03,2024-09-24,2024,SouthAmerica,Brazil,Brazil,122.67,True,True,True,2,True,0.959,0.954,68,117.6,0.192,3,,1,1
MC202490245615,mcd64-cluster,A,38.8701,-16.13823,39.02282,-15.95857,2024-07-18,2024-11-10,2024-09-01,2024-09-26,2024,Africa,Mozambique,Mozambique,126.82,True,True,True,2,True,0.936,0.704,43,118.67,0.198,3,,1,1
MC202093044587,mcd64-cluster,A,-65.2132,-32.91876,-64.98862,-32.70317,2020-08-17,2020-11-26,2020-10-01,2020-10-12,2020,SouthAmerica,Argentina,Argentina,186.15,True,True,True,2,True,0.954,0.944,101,177.61,0.375,5,,1,1
MC202084725089,mcd64-cluster,A,-43.62668,-15.46899,-43.53236,-15.32975,2020-08-17,2020-11-29,2020-10-01,2020-10-15,2020,SouthAmerica,Brazil,Brazil,72.87,True,True,True,2,True,0.953,0.913,48,69.44,0.409,2,,1,1
MC202019648755,mcd64-cluster,A,-44.30042,-7.53687,-44.2016,-7.43805,2020-08-19,2020-12-13,2020-10-03,2020-10-29,2020,SouthAmerica,Brazil,Brazil,53.92,True,True,True,2,True,0.922,0.386,7,49.71,0.724,2,,1,1
MC202061673751,mcd64-cluster,A,76.23553,30.32712,76.39722,30.47984,2020-08-28,2020-12-15,2020-10-12,2020-10-31,2020,SouthAsia,India,India,83.46,True,True,True,2,True,0.957,0.793,39,79.86,0.94,5,,1,1
MC202167770086,mcd64-cluster,A,33.96979,-18.75682,34.0731,-18.63106,2021-08-17,2021-12-01,2021-10-01,2021-10-17,2021,Africa,Mozambique,Mozambique,56.23,True,True,True,2,True,0.965,0.918,39,54.28,0.151,1,,1,1
MC202169441241,mcd64-cluster,A,35.79337,-16.74909,36.49406,-16.21459,2021-08-17,2021-12-15,2021-10-01,2021-10-31,2021,Africa,Mozambique,Mozambique,1291.16,True,True,True,2,True,0.962,0.935,521,1242.54,0.308,5,,1,1
MC202167554144,mcd64-cluster,A,-8.25552,14.22931,-8.14323,14.3416,2021-08-28,2021-12-13,2021-10-12,2021-10-29,2021,Africa,Mali,Mali,52.7,True,True,True,2,True,0.869,0.64,7,45.81,0.278,3,,1,1
MC202188160740,mcd64-cluster,A,-1.40137,10.64054,-1.26662,10.75733,2021-09-01,2021-12-15,2021-10-16,2021-10-31,2021,Africa,Ghana,Ghana,66.18,True,True,True,2,True,0.953,0.837,10,63.05,0.424,3,,1,1
MC202121910397,mcd64-cluster,A,-14.46288,14.27423,-14.26974,14.3955,2021-09-06,2021-12-15,2021-10-21,2021-10-31,2021,Africa,Senegal,Senegal,146.69,True,True,True,2,True,0.983,0.939,16,144.21,0.164,4,,1,1
MC202198766701,mcd64-cluster,A,-14.81771,14.2877,-14.70093,14.3955,2021-08-28,2021-12-15,2021-10-12,2021-10-31,2021,Africa,Senegal,Senegal,68.63,True,True,True,2,True,0.943,0.811,4,64.71,0.191,2,,1,1
MC202247631335,mcd64-cluster,A,30.9784,-16.72663,31.0862,-16.59637,2022-08-17,2022-11-28,2022-10-01,2022-10-14,2022,Africa,Zimbabwe,Zimbabwe,65.72,True,True,True,2,True,0.943,0.859,31,61.95,0.151,0,,0,1
MC202219768467,mcd64-cluster,A,33.07597,-18.40199,33.22419,-18.11004,2022-08-17,2022-12-07,2022-10-01,2022-10-23,2022,Africa,Mozambique,Mozambique,210.37,True,True,True,2,True,0.96,0.769,117,201.96,0.196,5,,1,1
MC202243036507,mcd64-cluster,A,33.27809,-17.98876,33.41284,-17.87647,2022-08-17,2022-12-02,2022-10-01,2022-10-18,2022,Africa,Mozambique,Mozambique,87.1,True,True,True,2,True,0.978,0.878,47,85.14,0.448,4,,1,1
MC202211212507,mcd64-cluster,A,35.64066,-17.21172,35.77541,-17.10392,2022-08-17,2022-12-14,2022-10-01,2022-10-30,2022,Africa,Mozambique,Mozambique,68.17,True,True,True,2,True,0.911,0.545,29,62.09,0.439,4,,1,1
MC202203815466,mcd64-cluster,A,35.70803,-10.44292,35.82032,-10.35308,2022-08-17,2022-12-07,2022-10-01,2022-10-23,2022,Africa,Tanzania,Tanzania,52.26,True,True,True,2,True,0.933,0.575,16,48.76,0.262,2,,1,1
MC202223809266,mcd64-cluster,A,36.84889,-15.21746,36.94771,-15.10966,2022-08-17,2022-12-07,2022-10-01,2022-10-23,2022,Africa,Mozambique,Mozambique,62.12,True,True,True,2,True,0.935,0.816,18,58.08,0.236,1,,1,1
MC202201258636,mcd64-cluster,A,-8.15221,14.26974,-7.97704,14.36855,2022-08-29,2022-12-14,2022-10-13,2022-10-30,2022,Africa,Mali,Mali,60.66,True,True,True,2,True,0.959,0.923,7,58.19,0.327,2,,1,1
MC202262037594,mcd64-cluster,A,-8.30492,13.69032,-8.02645,13.861,2022-08-20,2022-12-15,2022-10-04,2022-10-31,2022,Africa,Mali,Mali,182.42,True,True,True,2,True,0.941,0.938,12,171.7,0.19,1,,1,1
MC202315835547,mcd64-cluster,A,14.31016,-15.40162,14.41796,-15.28034,2023-09-06,2023-12-15,2023-10-21,2023-10-31,2023,Africa,Angola,Angola,57.74,True,True,True,2,True,0.934,0.925,27,53.95,0.163,0,,0,1
MC202322297918,mcd64-cluster,A,14.47635,11.64666,14.64703,11.8353,2023-08-17,2023-12-10,2023-10-01,2023-10-26,2023,Africa,Nigeria,Nigeria,133.34,True,True,True,2,True,0.942,0.825,29,125.59,0.209,3,,1,1
MC202334028425,mcd64-cluster,A,20.06836,10.72588,20.18514,10.80224,2023-08-17,2023-12-12,2023-10-01,2023-10-28,2023,Africa,Chad,Chad,65.67,True,True,True,2,True,0.905,0.581,7,59.42,0.466,2,,1,1
MC202365959627,mcd64-cluster,A,31.4051,30.96044,31.5129,31.09968,2023-08-18,2023-12-07,2023-10-02,2023-10-23,2023,Africa,Egypt,Egypt,56.86,True,True,True,2,True,0.898,0.727,8,51.09,0.871,2,,1,1
MC202312378869,mcd64-cluster,A,34.47734,-8.44416,34.58065,-8.31391,2023-09-03,2023-12-11,2023-10-18,2023-10-27,2023,Africa,Tanzania,Tanzania,56.51,True,True,True,2,True,0.93,0.856,25,52.56,0.316,1,,1,1
MC202337800184,mcd64-cluster,A,34.80523,-9.99825,34.97141,-9.86799,2023-08-29,2023-12-15,2023-10-13,2023-10-31,2023,Africa,Tanzania,Tanzania,97.3,True,True,True,2,True,0.928,0.916,51,90.3,0.437,4,,1,1
MC202358987160,mcd64-cluster,A,35.95507,-16.61434,36.07185,-16.51103,2023-08-17,2023-12-06,2023-10-01,2023-10-22,2023,Africa,Mozambique,Mozambique,56.19,True,True,True,2,True,0.943,0.801,31,52.96,0.217,2,,1,1
MC202326259592,mcd64-cluster,A,35.87871,-16.73561,36.6872,-16.25951,2023-08-17,2023-12-11,2023-10-01,2023-10-27,2023,Africa,Mozambique,Mozambique,1458.53,True,True,True,2,True,0.972,0.928,719,1418.4,0.226,5,,1,1
MC202419167009,mcd64-cluster,A,-44.07135,-7.88272,-43.98152,-7.77941,2024-08-27,2024-12-07,2024-10-11,2024-10-23,2024,SouthAmerica,Brazil,Brazil,53.13,True,True,True,2,True,0.951,0.759,3,50.53,0.518,2,,1,1
MC202584229275,mcd64-cluster,A,35.81583,-18.17741,36.00897,-18.03368,2025-08-17,2025-12-14,2025-10-01,2025-10-30,2025,Africa,Mozambique,Mozambique,98.87,True,True,True,2,True,0.905,0.606,35,89.45,0.177,3,,1,1
MC202538699574,mcd64-cluster,A,35.96854,-16.7446,36.66025,-16.1562,2025-08-17,2025-12-15,2025-10-01,2025-10-31,2025,Africa,Mozambique,Mozambique,1593.84,True,True,True,2,True,0.96,0.877,889,1529.67,0.155,5,,1,1
MC202588189677,mcd64-cluster,A,37.09144,-16.88384,37.22619,-16.70866,2025-08-18,2025-12-13,2025-10-02,2025-10-29,2025,Africa,Mozambique,Mozambique,122.02,True,True,True,2,True,0.947,0.656,50,115.52,0.225,2,,1,1
MC202535755389,mcd64-cluster,A,38.90154,-15.76543,39.14858,-15.6217,2025-08-28,2025-12-09,2025-10-12,2025-10-25,2025,Africa,Mozambique,Mozambique,168.58,True,True,True,2,True,0.95,0.926,48,160.11,0.155,3,,1,1
MC202596701655,mcd64-cluster,A,-0.72764,13.13337,-0.60636,13.21871,2025-09-10,2025-12-15,2025-10-25,2025-10-31,2025,Africa,Burkina Faso,Burkina Faso,54.65,True,True,True,2,True,0.919,0.919,6,50.21,0.178,1,,1,1
MC202592333251,mcd64-cluster,A,-8.16569,14.59313,-8.08035,14.69195,2025-08-18,2025-12-14,2025-10-02,2025-10-30,2025,Africa,Mali,Mali,52.37,True,True,True,2,True,0.942,0.77,4,49.36,0.151,1,,1,1
MC202597627345,mcd64-cluster,A,-8.33637,14.16194,-8.00848,14.42245,2025-08-18,2025-12-15,2025-10-02,2025-10-31,2025,Africa,Mali,Mali,232.55,True,True,True,2,True,0.941,0.905,64,218.83,0.185,4,,1,1
MC202594081918,mcd64-cluster,A,-8.58789,14.58864,-8.16569,14.99737,2025-08-18,2025-12-15,2025-10-02,2025-10-31,2025,Africa,Mali,Mali,649.08,True,True,True,2,True,0.971,0.903,88,630.03,0.196,5,,1,1
MC202085474781,mcd64-cluster,A,-8.39925,15.07822,-8.2645,15.16356,2020-09-24,2020-12-27,2020-11-08,2020-11-12,2020,Africa,Mali,Mali,84.28,True,True,True,2,True,0.996,0.948,12,83.92,0.258,1,,1,1
MC202056590163,mcd64-cluster,A,-1.12289,8.03094,-1.0106,8.11179,2020-09-18,2021-01-13,2020-11-02,2020-11-29,2020,Africa,Ghana,Ghana,54.58,True,True,True,2,True,0.937,0.85,27,51.12,0.165,2,,1,1
MC202075699362,mcd64-cluster,A,75.62467,29.66686,75.7684,29.81059,2020-09-17,2020-12-31,2020-11-01,2020-11-16,2020,SouthAsia,India,India,72.55,True,True,True,2,True,0.934,0.954,27,67.74,0.949,3,,1,1
MC202099828586,mcd64-cluster,A,75.20696,29.86898,76.26248,30.81221,2020-09-17,2021-01-07,2020-11-01,2020-11-23,2020,SouthAsia,India,India,2811.83,True,True,True,2,True,0.945,0.948,1604,2656.7,0.939,5,,1,1
MC202046207789,mcd64-cluster,A,75.68306,31.02781,75.84476,31.12213,2020-09-17,2020-12-23,2020-11-01,2020-11-08,2020,SouthAsia,India,India,52.77,True,True,True,2,True,0.88,0.438,6,46.41,0.953,2,,1,1
MC202044226134,mcd64-cluster,A,76.5185,25.63343,76.61731,25.73673,2020-09-17,2021-01-10,2020-11-01,2020-11-26,2020,SouthAsia,India,India,59.35,True,True,True,2,True,0.917,0.784,29,54.4,0.978,2,,1,1
MC202020468816,mcd64-cluster,A,79.92311,23.26187,80.01743,23.38315,2020-09-22,2021-01-11,2020-11-06,2020-11-27,2020,SouthAsia,India,India,53.14,True,True,True,2,True,0.886,0.755,24,47.07,0.972,1,,1,1
MC202189934425,mcd64-cluster,A,34.80073,-9.98477,34.88607,-9.87698,2021-09-17,2022-01-11,2021-11-01,2021-11-27,2021,Africa,Tanzania,Tanzania,53.07,True,True,True,2,True,0.895,0.803,22,47.48,0.583,2,,1,1
MC202134469840,mcd64-cluster,A,-8.534,13.20074,-8.20162,13.31752,2021-09-17,2022-01-08,2021-11-01,2021-11-24,2021,Africa,Mali,Mali,137.42,True,True,True,2,True,0.918,0.764,25,126.13,0.172,5,,1,1
MC202195244836,mcd64-cluster,A,-3.23394,14.41796,-3.10368,14.60211,2021-10-07,2022-01-14,2021-11-21,2021-11-30,2021,Africa,Mali,Mali,150.21,True,True,True,2,True,0.965,0.947,30,144.9,0.328,3,,1,1
MC202190136064,mcd64-cluster,A,75.08119,29.59949,75.22043,29.69381,2021-09-18,2022-01-14,2021-11-02,2021-11-30,2021,SouthAsia,India,India,66.12,True,True,True,2,True,0.919,0.557,13,60.75,0.95,2,,1,1
MC202110830705,mcd64-cluster,A,75.09017,30.16543,75.26085,30.26873,2021-09-17,2022-01-04,2021-11-01,2021-11-20,2021,SouthAsia,India,India,67.46,True,True,True,2,True,0.911,0.884,53,61.43,0.926,2,,1,1
MC202124358107,mcd64-cluster,A,75.15306,29.4872,75.74145,29.84203,2021-09-17,2022-01-10,2021-11-01,2021-11-26,2021,SouthAsia,India,India,523.93,True,True,True,2,True,0.901,0.767,162,471.94,0.972,5,,1,1
MC202144170879,mcd64-cluster,A,75.37314,30.9784,75.91213,31.21196,2021-09-17,2021-12-31,2021-11-01,2021-11-16,2021,SouthAsia,India,India,404.81,True,True,True,2,True,0.919,0.431,153,371.91,0.959,5,,1,1
MC202147436127,mcd64-cluster,A,75.69654,30.7134,75.94357,30.84366,2021-09-17,2022-01-02,2021-11-01,2021-11-18,2021,SouthAsia,India,India,82.28,True,True,True,2,True,0.891,0.275,27,73.34,0.919,5,,1,1
MC202160447562,mcd64-cluster,A,76.28943,30.65501,76.45112,30.88857,2021-09-17,2022-01-02,2021-11-01,2021-11-18,2021,SouthAsia,India,India,167.17,True,True,True,2,True,0.907,0.396,69,151.63,0.95,5,,1,1
MC202132344652,mcd64-cluster,A,76.65773,29.31652,76.77002,29.45576,2021-09-18,2022-01-10,2021-11-02,2021-11-26,2021,SouthAsia,India,India,56.52,True,True,True,2,True,0.884,0.667,5,49.94,0.955,2,,1,1
MC202159914040,mcd64-cluster,A,78.01868,25.83555,78.35106,26.00174,2021-09-18,2022-01-11,2021-11-02,2021-11-27,2021,SouthAsia,India,India,228.14,True,True,True,2,True,0.913,0.561,55,208.35,0.977,5,,1,1
MC202224059062,mcd64-cluster,A,0.66026,11.1975,0.77255,11.32776,2022-09-29,2023-01-14,2022-11-13,2022-11-30,2022,Africa,Burkina Faso,Burkina Faso,62.38,True,True,True,2,True,0.934,0.872,23,58.28,0.413,3,,1,1
MC202261234306,mcd64-cluster,A,13.58253,12.3159,13.7038,12.41921,2022-10-01,2023-01-14,2022-11-15,2022-11-30,2022,Africa,Nigeria,Nigeria,82.11,True,True,True,2,True,0.945,0.892,12,77.6,0.172,2,,1,1
MC202210185306,mcd64-cluster,A,14.41796,11.48496,14.58864,11.64217,2022-09-17,2023-01-14,2022-11-01,2022-11-30,2022,Africa,Nigeria,Nigeria,115.34,True,True,True,2,True,0.953,0.944,36,109.9,0.462,4,,1,1
MC202242099988,mcd64-cluster,A,14.43144,11.91166,14.53025,12.00149,2022-10-02,2023-01-04,2022-11-16,2022-11-20,2022,Africa,Nigeria,Nigeria,52.22,True,True,True,2,True,0.931,0.932,13,48.62,0.187,1,,1,1
MC202253649610,mcd64-cluster,A,38.69493,-15.88221,39.1935,-15.58128,2022-09-17,2023-01-11,2022-11-01,2022-11-27,2022,Africa,Mozambique,Mozambique,525.12,True,True,True,2,True,0.959,0.928,110,503.63,0.156,4,,1,1
MC202285067460,mcd64-cluster,A,-14.31016,14.18889,-14.23381,14.31016,2022-09-17,2023-01-03,2022-11-01,2022-11-19,2022,Africa,Senegal,Senegal,51.98,True,True,True,2,True,0.931,0.916,7,48.41,0.21,1,,1,1
MC202292096884,mcd64-cluster,A,-3.24292,14.43593,-3.12165,14.59313,2022-09-29,2023-01-08,2022-11-13,2022-11-24,2022,Africa,Mali,Mali,96.11,True,True,True,2,True,0.961,0.911,16,92.37,0.363,3,,1,1
MC202278680850,mcd64-cluster,A,75.86722,29.67135,76.11875,29.82407,2022-09-17,2022-12-29,2022-11-01,2022-11-14,2022,SouthAsia,India,India,105.69,True,True,True,2,True,0.907,0.945,29,95.83,0.969,5,,1,1
MC202204914582,mcd64-cluster,A,76.52299,25.62894,76.64875,25.74572,2022-09-17,2023-01-04,2022-11-01,2022-11-20,2022,SouthAsia,India,India,72.38,True,True,True,2,True,0.903,0.828,29,65.36,0.983,3,,1,1
MC202209436630,mcd64-cluster,A,76.59036,15.63518,76.72511,15.78789,2022-09-26,2023-01-14,2022-11-10,2022-11-30,2022,SouthAsia,India,India,130.15,True,True,True,2,True,0.95,0.971,23,123.61,0.974,5,,1,1
MC202201743092,mcd64-cluster,A,76.71163,15.98552,76.86884,16.05739,2022-09-25,2023-01-13,2022-11-09,2022-11-29,2022,SouthAsia,India,India,70.25,True,True,True,2,True,0.906,0.962,14,63.65,0.984,2,,1,1
MC202296819824,mcd64-cluster,A,77.97377,25.68283,78.13546,25.76817,2022-09-17,2023-01-09,2022-11-01,2022-11-25,2022,SouthAsia,India,India,61.58,True,True,True,2,True,0.891,0.668,26,54.83,0.967,2,,1,1
MC202242724257,mcd64-cluster,A,78.61157,25.96131,78.79123,26.09157,2022-09-17,2023-01-09,2022-11-01,2022-11-25,2022,SouthAsia,India,India,95.71,True,True,True,2,True,0.942,0.919,32,90.16,0.986,5,,1,1
MC202370505277,mcd64-cluster,A,5.95583,11.5703,6.33761,11.96107,2023-09-21,2024-01-14,2023-11-05,2023-11-30,2023,Africa,Nigeria,Nigeria,376.82,True,True,True,2,True,0.936,0.57,49,352.58,0.456,5,,1,1
MC202378171717,mcd64-cluster,A,5.87049,10.78877,6.42745,11.59725,2023-09-17,2024-01-14,2023-11-01,2023-11-30,2023,Africa,Nigeria,Nigeria,1267.39,True,True,True,2,True,0.945,0.798,304,1198.09,0.564,5,,1,1
MC202311704410,mcd64-cluster,A,6.43194,10.36656,6.5577,10.5597,2023-09-24,2024-01-14,2023-11-08,2023-11-30,2023,Africa,Nigeria,Nigeria,95.67,True,True,True,2,True,0.954,0.72,32,91.31,0.354,4,,1,1
MC202393480000,mcd64-cluster,A,6.50829,11.6781,6.60262,11.82632,2023-09-24,2024-01-14,2023-11-08,2023-11-30,2023,Africa,Nigeria,Nigeria,57.64,True,True,True,2,True,0.962,0.501,9,55.44,0.823,3,,1,1
MC202369608655,mcd64-cluster,A,6.32414,11.12563,6.57118,11.28733,2023-10-02,2024-01-14,2023-11-16,2023-11-30,2023,Africa,Nigeria,Nigeria,195.5,True,True,True,2,True,0.93,0.545,15,181.74,0.808,5,,1,1
MC202313617437,mcd64-cluster,A,6.79576,12.14522,7.03381,12.35633,2023-09-25,2024-01-14,2023-11-09,2023-11-30,2023,Africa,Nigeria,Nigeria,258.87,True,True,True,2,True,0.95,0.689,26,245.95,0.787,5,,1,1
MC202379401735,mcd64-cluster,A,6.8227,10.56419,6.90804,10.663,2023-09-22,2024-01-14,2023-11-06,2023-11-30,2023,Africa,Nigeria,Nigeria,53.2,True,True,True,2,True,0.965,0.938,19,51.36,0.276,2,,1,1
MC202398161597,mcd64-cluster,A,0.61984,10.94597,0.76806,11.07623,2023-09-17,2024-01-13,2023-11-01,2023-11-29,2023,Africa,Burkina Faso,Burkina Faso,94.51,True,True,True,2,True,0.958,0.87,33,90.53,0.573,4,,1,1
MC202332909582,mcd64-cluster,A,75.03628,30.87959,75.32374,31.01883,2023-09-17,2024-01-08,2023-11-01,2023-11-24,2023,SouthAsia,India,India,130.07,True,True,True,2,True,0.927,0.874,37,120.6,0.963,5,,1,1
MC202369082359,mcd64-cluster,A,75.32823,29.63542,75.78188,29.96331,2023-09-17,2024-01-14,2023-11-01,2023-11-30,2023,SouthAsia,India,India,516.62,True,True,True,2,True,0.93,0.973,133,480.26,0.948,5,,1,1
MC202301477195,mcd64-cluster,A,75.56628,29.94983,75.73696,30.14746,2023-09-17,2023-12-31,2023-11-01,2023-11-16,2023,SouthAsia,India,India,108.4,True,True,True,2,True,0.984,0.998,69,106.62,0.938,5,,1,1
MC202318813862,mcd64-cluster,A,75.79535,29.95432,76.249,30.35857,2023-09-17,2024-01-06,2023-11-01,2023-11-22,2023,SouthAsia,India,India,765.48,True,True,True,2,True,0.974,0.992,355,745.9,0.955,5,,1,1
MC202302682368,mcd64-cluster,A,75.88518,29.87797,76.02442,29.99026,2023-09-17,2024-01-02,2023-11-01,2023-11-18,2023,SouthAsia,India,India,52.53,True,True,True,2,True,0.952,1,27,49.99,0.962,3,,1,1
MC202391444534,mcd64-cluster,A,76.52299,25.40885,76.69816,25.8625,2023-09-17,2023-12-27,2023-11-01,2023-11-12,2023,SouthAsia,India,India,326.05,True,True,True,2,True,0.962,0.894,134,313.51,0.978,5,,1,1
MC202473795733,mcd64-cluster,A,0.66924,11.97454,0.80848,12.12276,2024-09-17,2025-01-13,2024-11-01,2024-11-29,2024,Africa,Burkina Faso,Burkina Faso,68.79,True,True,True,2,True,0.924,0.854,12,63.55,0.269,4,,1,1
MC202416562707,mcd64-cluster,A,0.50306,10.91453,0.9073,11.09419,2024-09-17,2025-01-14,2024-11-01,2024-11-30,2024,Africa,Burkina Faso,Burkina Faso,383.93,True,True,True,2,True,0.945,0.856,105,362.75,0.683,5,,1,1
MC202423215433,mcd64-cluster,A,8.07585,7.81983,8.35882,7.94111,2024-09-17,2025-01-14,2024-11-01,2024-11-30,2024,Africa,Nigeria,Nigeria,157.39,True,True,True,2,True,0.938,0.847,15,147.57,0.382,2,,1,1
MC202431230684,mcd64-cluster,A,14.3955,11.58378,14.48983,11.72301,2024-09-28,2025-01-14,2024-11-12,2024-11-30,2024,Africa,Nigeria,Nigeria,50.81,True,True,True,2,True,0.892,0.774,17,45.32,0.396,2,,1,1
MC202488820598,mcd64-cluster,A,0.11678,11.21547,0.37729,11.34572,2024-09-17,2025-01-10,2024-11-01,2024-11-26,2024,Africa,Burkina Faso,Burkina Faso,158.03,True,True,True,2,True,0.971,0.859,39,153.51,0.655,5,,1,1
MC202405027397,mcd64-cluster,A,0.04492,11.79488,0.23356,11.94759,2024-09-17,2025-01-14,2024-11-01,2024-11-30,2024,Africa,Burkina Faso,Burkina Faso,164.77,True,True,True,2,True,0.965,0.923,29,158.97,0.535,5,,1,1
MC202475298327,mcd64-cluster,A,20.07735,10.68546,20.30642,10.88309,2024-09-17,2025-01-10,2024-11-01,2024-11-26,2024,Africa,Chad,Chad,107.57,True,True,True,2,True,0.927,0.62,9,99.67,0.282,3,,1,1
MC202482389087,mcd64-cluster,A,0.1617,12.21709,0.265,12.30692,2024-10-02,2025-01-14,2024-11-16,2024-11-30,2024,Africa,Burkina Faso,Burkina Faso,52.16,True,True,True,2,True,0.933,0.783,5,48.69,0.367,2,,1,1
MC202440185646,mcd64-cluster,A,74.57364,30.27323,74.79373,30.48882,2024-09-17,2025-01-09,2024-11-01,2024-11-25,2024,SouthAsia,India,India,222.05,True,True,True,2,True,0.922,0.704,26,204.84,0.956,5,,1,1
MC202490104643,mcd64-cluster,A,74.73534,30.9245,74.8611,31.04578,2024-09-17,2025-01-03,2024-11-01,2024-11-19,2024,SouthAsia,India,India,63.08,True,True,True,2,True,0.915,0.61,6,57.74,0.959,1,,1,1
MC202458317649,mcd64-cluster,A,74.89704,30.64603,75.0228,30.74484,2024-09-17,2025-01-04,2024-11-01,2024-11-20,2024,SouthAsia,India,India,72.28,True,True,True,2,True,0.929,0.913,7,67.13,0.98,3,,1,1
MC202429396547,mcd64-cluster,A,75.36416,30.45289,75.51687,30.58764,2024-09-17,2025-01-03,2024-11-01,2024-11-19,2024,SouthAsia,India,India,91.12,True,True,True,2,True,0.925,0.309,4,84.29,0.964,2,,1,1
MC202449274906,mcd64-cluster,A,75.4495,30.21933,75.57976,30.33162,2024-09-17,2024-12-31,2024-11-01,2024-11-16,2024,SouthAsia,India,India,58.81,True,True,True,2,True,0.921,0.321,3,54.18,0.966,1,,1,1
MC202498263820,mcd64-cluster,A,75.53933,30.15644,75.96603,30.57416,2024-09-17,2025-01-04,2024-11-01,2024-11-20,2024,SouthAsia,India,India,546.64,True,True,True,2,True,0.936,0.753,65,511.45,0.958,5,,1,1
MC202479131803,mcd64-cluster,A,75.49442,29.86,76.00196,30.2328,2024-09-17,2025-01-04,2024-11-01,2024-11-20,2024,SouthAsia,India,India,561.83,True,True,True,2,True,0.941,0.854,75,528.95,0.958,5,,1,1
MC202472525239,mcd64-cluster,A,76.5185,25.39088,76.70265,25.86699,2024-09-17,2025-01-07,2024-11-01,2024-11-23,2024,SouthAsia,India,India,335.71,True,True,True,2,True,0.931,0.959,200,312.61,0.984,5,,1,1
MC202473658162,mcd64-cluster,A,125.10388,47.41308,125.55753,47.66461,2024-09-17,2024-12-30,2024-11-01,2024-11-15,2024,EastAsia,China,China,388.27,True,True,True,2,True,0.924,0.938,119,358.58,0.932,0,,0,1
MC202450125645,mcd64-cluster,A,125.15329,46.124,125.50812,46.29468,2024-09-22,2024-12-31,2024-11-06,2024-11-16,2024,EastAsia,China,China,174.14,True,True,True,2,True,0.924,0.939,18,160.98,0.942,0,,0,1
MC202498114855,mcd64-cluster,A,125.3599,45.90391,125.47219,46.00273,2024-09-27,2024-12-31,2024-11-11,2024-11-16,2024,EastAsia,China,China,50.98,True,True,True,2,True,0.891,0.963,18,45.43,0.94,0,,0,1
MC202438470343,mcd64-cluster,A,125.39134,47.26037,125.63388,47.41757,2024-09-17,2024-12-30,2024-11-01,2024-11-15,2024,EastAsia,China,China,80.97,True,True,True,2,True,0.882,0.918,23,71.42,0.926,0,,0,1
MC202411962029,mcd64-cluster,A,126.38398,46.14196,126.58161,46.2318,2024-09-17,2024-12-30,2024-11-01,2024-11-15,2024,EastAsia,China,China,59.57,True,True,True,2,True,0.879,0.854,4,52.36,0.956,0,,0,1
MC202521129023,mcd64-cluster,A,6.12202,11.3053,6.30617,11.49844,2025-09-22,2026-01-14,2025-11-06,2025-11-30,2025,Africa,Nigeria,Nigeria,188.77,True,True,True,2,True,0.945,0.86,44,178.44,0.241,5,,1,1
MC202552541390,mcd64-cluster,A,6.47685,11.40411,6.66101,11.54335,2025-09-20,2026-01-10,2025-11-04,2025-11-26,2025,Africa,Nigeria,Nigeria,89.96,True,True,True,2,True,0.922,0.826,20,82.93,0.418,5,,1,1
MC202531892669,mcd64-cluster,A,0.64679,11.17055,0.81747,11.37267,2025-09-17,2026-01-12,2025-11-01,2025-11-28,2025,Africa,Burkina Faso,Burkina Faso,150.45,True,True,True,2,True,0.93,0.835,38,139.99,0.336,5,,1,1
MC202572733386,mcd64-cluster,A,0.50306,10.91453,0.96569,11.15708,2025-09-17,2026-01-13,2025-11-01,2025-11-29,2025,Africa,Burkina Faso,Burkina Faso,473.52,True,True,True,2,True,0.961,0.889,84,454.85,0.673,5,,1,1
MC202501843400,mcd64-cluster,A,10.28571,9.10892,10.58665,9.4368,2025-09-22,2026-01-13,2025-11-06,2025-11-29,2025,Africa,Nigeria,Nigeria,572.13,True,True,True,2,True,0.964,0.914,168,551.33,0.26,5,,1,1
MC202528604471,mcd64-cluster,A,13.80261,12.39226,13.90143,12.5315,2025-09-18,2025-12-25,2025-11-02,2025-11-10,2025,Africa,Nigeria,Nigeria,73.32,True,True,True,2,True,0.966,0.914,19,70.82,0.162,2,,1,1
MC202544685761,mcd64-cluster,A,14.35957,11.8353,14.46288,11.97454,2025-09-17,2026-01-13,2025-11-01,2025-11-29,2025,Africa,Nigeria,Nigeria,70.78,True,True,True,2,True,0.963,0.895,12,68.16,0.276,3,,1,1
MC202542952245,mcd64-cluster,A,0.15721,12.19912,0.26949,12.30692,2025-09-22,2026-01-13,2025-11-06,2025-11-29,2025,Africa,Burkina Faso,Burkina Faso,55.82,True,True,True,2,True,0.948,0.913,11,52.89,0.411,4,,1,1
MC202062737807,mcd64-cluster,A,-0.59738,9.66138,-0.48958,9.83206,2020-11-02,2021-02-14,2020-12-17,2020-12-31,2020,Africa,Ghana,Ghana,102.51,True,True,True,2,True,0.943,0.894,42,96.67,0.533,5,,1,1
MC202083532374,mcd64-cluster,A,-0.9073,9.66587,-0.64679,9.83655,2020-10-29,2021-02-14,2020-12-13,2020-12-31,2020,Africa,Ghana,Ghana,234.77,True,True,True,2,True,0.948,0.898,88,222.6,0.666,5,,1,1
MC202002104103,mcd64-cluster,A,-0.88035,10.16893,-0.72314,10.30368,2020-10-18,2021-02-14,2020-12-02,2020-12-31,2020,Africa,Ghana,Ghana,113.41,True,True,True,2,True,0.938,0.903,36,106.35,0.622,5,,1,1
MC202018350855,mcd64-cluster,A,-0.82196,9.38739,-0.61984,9.54909,2020-10-27,2021-02-12,2020-12-11,2020-12-29,2020,Africa,Ghana,Ghana,111.95,True,True,True,2,True,0.94,0.918,48,105.19,0.51,5,,1,1
MC202051024678,mcd64-cluster,A,-1.05552,10.36656,-0.96569,10.48783,2020-11-03,2021-02-14,2020-12-18,2020-12-31,2020,Africa,Ghana,Ghana,55.2,True,True,True,2,True,0.957,0.928,11,52.81,0.535,2,,1,1
MC202097796261,mcd64-cluster,A,-1.13637,9.58952,-1.04205,9.67036,2020-10-17,2021-02-12,2020-12-01,2020-12-29,2020,Africa,Ghana,Ghana,58.04,True,True,True,2,True,0.929,0.84,18,53.92,0.758,0,,0,0
MC202056005457,mcd64-cluster,A,-1.1723,9.12688,-1.05552,9.2257,2020-10-22,2021-02-14,2020-12-06,2020-12-31,2020,Africa,Ghana,Ghana,56.88,True,True,True,2,True,0.938,0.904,24,53.37,0.275,0,,0,0
MC202043259583,mcd64-cluster,A,-1.30705,10.04766,-1.08696,10.24529,2020-10-24,2021-02-14,2020-12-08,2020-12-31,2020,Africa,Ghana,Ghana,169.18,True,True,True,2,True,0.967,0.93,38,163.54,0.44,0,,0,0
MC202180332534,mcd64-cluster,A,37.28458,9.89943,37.55407,10.0252,2021-10-17,2022-02-13,2021-12-01,2021-12-30,2021,Africa,Ethiopia,Ethiopia,227.5,True,True,True,2,True,0.973,0.888,81,221.42,0.286,0,,0,0
MC202159286773,mcd64-cluster,A,-6.36456,13.80711,-6.24778,13.88346,2021-10-19,2022-02-14,2021-12-03,2021-12-31,2021,Africa,Mali,Mali,62.97,True,True,True,2,True,0.969,0.957,6,61.03,0.187,0,,0,0
MC202165778214,mcd64-cluster,A,-0.94772,9.95782,-0.52551,10.16444,2021-10-17,2022-02-14,2021-12-01,2021-12-31,2021,Africa,Ghana,Ghana,335.75,True,True,True,2,True,0.954,0.885,115,320.22,0.229,0,,0,0
MC202175876219,mcd64-cluster,A,-0.88933,9.73325,-0.66924,9.83206,2021-10-24,2022-02-14,2021-12-08,2021-12-31,2021,Africa,Ghana,Ghana,131.76,True,True,True,2,True,0.95,0.929,45,125.18,0.669,0,,0,0
MC202146768764,mcd64-cluster,A,-0.83094,9.45477,-0.70069,9.55358,2021-10-30,2022-02-13,2021-12-14,2021-12-30,2021,Africa,Ghana,Ghana,50.43,True,True,True,2,True,0.932,0.84,17,46.99,0.798,0,,0,0
MC202162212766,mcd64-cluster,A,-0.97916,9.22121,-0.88035,9.34248,2021-10-25,2022-02-14,2021-12-09,2021-12-31,2021,Africa,Ghana,Ghana,60.56,True,True,True,2,True,0.929,0.933,18,56.25,0.68,0,,0,0
MC202173639794,mcd64-cluster,A,-1.0645,10.02071,-0.72764,10.48783,2021-10-18,2022-02-14,2021-12-02,2021-12-31,2021,Africa,Ghana,Ghana,531.93,True,True,True,2,True,0.957,0.871,161,509.22,0.541,0,,0,0
MC202132050118,mcd64-cluster,A,-1.30705,9.87248,-1.01959,10.28122,2021-10-17,2022-02-14,2021-12-01,2021-12-31,2021,Africa,Ghana,Ghana,483.8,True,True,True,2,True,0.963,0.889,165,465.87,0.235,0,,0,0
MC202207828214,mcd64-cluster,A,7.75246,10.19139,7.86026,10.28571,2022-10-17,2023-02-02,2022-12-01,2022-12-19,2022,Africa,Nigeria,Nigeria,52.53,True,True,True,2,True,0.954,0.873,11,50.14,0.368,0,,0,0
MC202286197603,mcd64-cluster,A,7.91416,6.59363,8.08484,6.78677,2022-10-17,2023-02-13,2022-12-01,2022-12-30,2022,Africa,Nigeria,Nigeria,171.68,True,True,True,2,True,0.952,0.824,57,163.38,0.467,0,,0,0
MC202252077517,mcd64-cluster,A,7.96356,7.65365,8.09382,7.73899,2022-10-17,2023-02-09,2022-12-01,2022-12-26,2022,Africa,Nigeria,Nigeria,77.87,True,True,True,2,True,0.948,0.742,35,73.85,0.163,0,,0,0
MC202257951485,mcd64-cluster,A,0.79501,10.99089,0.89832,11.07174,2022-10-28,2023-02-14,2022-12-12,2022-12-31,2022,Africa,Burkina Faso,Burkina Faso,55.33,True,True,True,2,True,0.98,0.939,18,54.23,0.845,0,,0,0
MC202202995718,mcd64-cluster,A,8.34086,7.97704,8.51603,8.0534,2022-10-27,2023-02-14,2022-12-11,2022-12-31,2022,Africa,Nigeria,Nigeria,66.94,True,True,True,2,True,0.946,0.77,27,63.29,0.448,0,,0,0
MC202254766239,mcd64-cluster,A,8.56544,6.58914,8.74959,6.8227,2022-10-19,2023-02-12,2022-12-03,2022-12-29,2022,Africa,Nigeria,Nigeria,156.57,True,True,True,2,True,0.913,0.517,63,142.94,0.191,0,,0,0
MC202227714034,mcd64-cluster,A,8.60586,9.70181,8.799,9.89494,2022-10-17,2023-02-14,2022-12-01,2022-12-31,2022,Africa,Nigeria,Nigeria,189.51,True,True,True,2,True,0.925,0.837,32,175.38,0.475,0,,0,0
MC202255722367,mcd64-cluster,A,9.08646,9.23019,9.20324,9.36045,2022-10-19,2023-02-13,2022-12-03,2022-12-30,2022,Africa,Nigeria,Nigeria,77.05,True,True,True,2,True,0.884,0.796,17,68.13,0.924,0,,0,0
MC202298104398,mcd64-cluster,A,106.28866,13.00311,106.39646,13.08845,2022-10-17,2023-02-07,2022-12-01,2022-12-24,2022,SoutheastAsia,Cambodia,Cambodia,57.83,True,True,True,2,True,0.956,0.813,12,55.28,0.33,1,,1,1
MC202333484571,mcd64-cluster,A,4.87785,11.57928,5.0126,11.70505,2023-11-03,2024-02-13,2023-12-18,2023-12-30,2023,Africa,Nigeria,Nigeria,64.99,True,True,True,2,True,0.935,0.898,15,60.77,0.171,0,,0,0
MC202342533824,mcd64-cluster,A,5.47972,11.96107,5.69981,12.1587,2023-10-17,2024-02-11,2023-12-01,2023-12-28,2023,Africa,Nigeria,Nigeria,222.48,True,True,True,2,True,0.955,0.938,65,212.41,0.717,0,,0,0
MC202376780700,mcd64-cluster,A,5.66837,10.73487,5.78964,10.91453,2023-11-08,2024-02-14,2023-12-23,2023-12-31,2023,Africa,Nigeria,Nigeria,77.42,True,True,True,2,True,0.91,0.893,33,70.44,0.731,0,,0,0
MC202338614041,mcd64-cluster,A,5.84354,13.19176,6.04566,13.34897,2023-10-17,2024-02-13,2023-12-01,2023-12-30,2023,Africa,Nigeria,Nigeria,151.99,True,True,True,2,True,0.962,0.948,22,146.16,0.388,0,,0,0
MC202386087126,mcd64-cluster,A,6.33312,12.36082,6.44092,12.46862,2023-10-17,2024-01-29,2023-12-01,2023-12-15,2023,Africa,Nigeria,Nigeria,58.46,True,True,True,2,True,0.977,0.938,16,57.12,0.257,0,,0,0
MC202383674541,mcd64-cluster,A,6.51728,11.96556,6.63406,12.05539,2023-10-17,2024-01-30,2023-12-01,2023-12-16,2023,Africa,Nigeria,Nigeria,56.36,True,True,True,2,True,0.966,0.915,12,54.47,0.825,0,,0,0
MC202340050752,mcd64-cluster,A,7.08771,11.76793,7.21347,11.85776,2023-10-17,2024-02-06,2023-12-01,2023-12-23,2023,Africa,Nigeria,Nigeria,56.16,True,True,True,2,True,0.924,0.838,11,51.88,0.408,0,,0,0
MC202314282964,mcd64-cluster,A,0.87137,11.02233,1.00611,11.11216,2023-10-17,2024-02-10,2023-12-01,2023-12-27,2023,Africa,Burkina Faso,Burkina Faso,59.0,True,True,True,2,True,0.925,0.8,16,54.59,0.408,0,,0,0
MC202482326877,mcd64-cluster,A,0.44916,12.17217,0.57492,12.27099,2024-10-19,2025-02-01,2024-12-03,2024-12-18,2024,Africa,Burkina Faso,Burkina Faso,78.26,True,True,True,2,True,0.974,0.904,8,76.24,0.177,0,,0,0
MC202443565711,mcd64-cluster,A,5.35396,11.8353,5.46176,11.96107,2024-10-31,2025-02-13,2024-12-15,2024-12-30,2024,Africa,Nigeria,Nigeria,69.07,True,True,True,2,True,0.925,0.906,20,63.89,0.382,0,,0,0
MC202402065603,mcd64-cluster,A,5.51566,10.2902,5.75371,10.45639,2024-10-26,2025-02-14,2024-12-10,2024-12-31,2024,Africa,Nigeria,Nigeria,243.4,True,True,True,2,True,0.97,0.94,84,235.97,0.351,0,,0,0
MC202448967105,mcd64-cluster,A,5.63244,11.79937,5.76718,11.92064,2024-10-26,2025-02-08,2024-12-10,2024-12-25,2024,Africa,Nigeria,Nigeria,80.8,True,True,True,2,True,0.95,0.892,23,76.77,0.654,0,,0,0
MC202457232418,mcd64-cluster,A,5.82557,12.23505,5.92888,12.35633,2024-10-17,2025-02-09,2024-12-01,2024-12-26,2024,Africa,Nigeria,Nigeria,76.53,True,True,True,2,True,0.941,0.929,6,72.02,0.822,0,,0,0
MC202449558315,mcd64-cluster,A,5.82557,11.39064,5.94685,11.48496,2024-10-21,2025-02-10,2024-12-05,2024-12-27,2024,Africa,Nigeria,Nigeria,58.92,True,True,True,2,True,0.941,0.92,10,55.44,0.909,0,,0,0
MC202461570391,mcd64-cluster,A,6.13549,11.24691,6.31965,11.57928,2024-10-18,2025-02-13,2024-12-02,2024-12-30,2024,Africa,Nigeria,Nigeria,202.7,True,True,True,2,True,0.96,0.802,43,194.57,0.26,0,,0,0
MC202410602133,mcd64-cluster,A,6.46787,11.70056,6.58016,11.80835,2024-10-18,2025-02-05,2024-12-02,2024-12-22,2024,Africa,Nigeria,Nigeria,58.37,True,True,True,2,True,0.938,0.826,13,54.76,0.665,0,,0,0
MC202498461274,mcd64-cluster,A,80.53397,16.14273,80.64176,16.23256,2024-10-17,2025-02-03,2024-12-01,2024-12-20,2024,SouthAsia,India,India,51.74,True,True,True,2,True,0.914,0.84,6,47.31,0.902,2,,1,1
MC202423457512,mcd64-cluster,A,104.38873,11.64666,104.50102,11.72301,2024-10-18,2025-02-13,2024-12-02,2024-12-30,2024,SoutheastAsia,Cambodia,Cambodia,55.94,True,True,True,2,True,0.921,0.686,20,51.54,0.912,1,,1,1
MC202446310333,mcd64-cluster,A,105.61044,11.74098,105.71374,11.8353,2024-10-18,2025-02-12,2024-12-02,2024-12-29,2024,SoutheastAsia,Cambodia,Cambodia,69.1,True,True,True,2,True,0.959,0.777,16,66.3,0.981,1,,1,1
MC202416673772,mcd64-cluster,A,106.29765,13.00761,106.42341,13.10193,2024-10-18,2025-02-14,2024-12-02,2024-12-31,2024,SoutheastAsia,Cambodia,Cambodia,59.53,True,True,True,2,True,0.904,0.939,16,53.82,0.252,2,,1,1
MC202543647367,mcd64-cluster,A,-91.06671,29.77466,-90.89603,29.90042,2025-10-30,2026-02-13,2025-12-14,2025-12-30,2025,NorthAmerica,United States,United States,57.56,True,True,True,2,True,0.916,0.315,32,52.74,0.722,4,,1,1
MC202560304452,mcd64-cluster,A,38.36705,36.85338,38.56018,36.96567,2025-10-17,2026-01-27,2025-12-01,2025-12-13,2025,Europe,Turkey,Turkey,100.12,True,True,True,2,True,0.932,0.878,14,93.28,0.981,5,,1,1
MC202555124066,mcd64-cluster,A,38.94646,36.74559,39.11265,36.93423,2025-10-17,2026-01-30,2025-12-01,2025-12-16,2025,Europe,Turkey,Turkey,100.03,True,True,True,2,True,0.924,0.731,19,92.39,0.982,5,,1,1
MC202591994262,mcd64-cluster,A,40.19063,37.06,40.34783,37.12288,2025-10-20,2026-01-28,2025-12-04,2025-12-14,2025,Europe,Turkey,Turkey,55.91,True,True,True,2,True,0.915,0.993,5,51.14,0.977,2,,1,1
MC202521118827,mcd64-cluster,A,-0.04941,11.8353,0.11678,11.997,2025-10-17,2026-02-03,2025-12-01,2025-12-20,2025,Africa,Burkina Faso,Burkina Faso,127.41,True,True,True,2,True,0.964,0.983,30,122.77,0.541,0,,0,0
MC202580514001,mcd64-cluster,A,5.58752,11.97903,5.71778,12.14073,2025-11-02,2026-02-14,2025-12-17,2025-12-31,2025,Africa,Nigeria,Nigeria,94.16,True,True,True,2,True,0.959,0.964,26,90.25,0.667,0,,0,0
MC202539659256,mcd64-cluster,A,5.57405,12.35633,5.87947,12.58091,2025-10-17,2026-02-14,2025-12-01,2025-12-31,2025,Africa,Nigeria,Nigeria,366.78,True,True,True,2,True,0.962,0.956,85,352.9,0.295,0,,0,0
MC202587083525,mcd64-cluster,A,5.84354,13.19176,6.05914,13.39388,2025-10-17,2026-02-13,2025-12-01,2025-12-30,2025,Africa,Nigeria,Nigeria,185.71,True,True,True,2,True,0.973,0.976,32,180.73,0.335,0,,0,0
MC202505798046,mcd64-cluster,A,6.14897,13.25464,6.27922,13.38939,2025-10-27,2026-02-14,2025-12-11,2025-12-31,2025,Africa,Nigeria,Nigeria,88.11,True,True,True,2,True,0.959,0.937,11,84.53,0.331,0,,0,0
MC202532357897,mcd64-cluster,A,6.78228,11.94759,6.86762,12.1048,2025-10-18,2026-02-09,2025-12-02,2025-12-26,2025,Africa,Nigeria,Nigeria,63.68,True,True,True,2,True,0.923,0.944,9,58.8,0.581,0,,0,0
MC202524403218,mcd64-cluster,A,10.40249,8.93824,10.66749,9.18977,2025-10-17,2026-02-14,2025-12-01,2025-12-31,2025,Africa,Nigeria,Nigeria,260.86,True,True,True,2,True,0.978,0.962,58,255.07,0.513,0,,0,0
MC202553299825,mcd64-cluster,A,10.58665,9.27511,10.65851,9.39638,2025-11-01,2026-02-14,2025-12-16,2025-12-31,2025,Africa,Nigeria,Nigeria,60.79,True,True,True,2,True,0.976,0.974,12,59.32,0.818,0,,0,0
MC202563285540,mcd64-cluster,A,80.42168,16.03044,80.82592,16.3718,2025-10-17,2026-02-10,2025-12-01,2025-12-27,2025,SouthAsia,India,India,380.91,True,True,True,2,True,0.954,0.848,52,363.48,0.956,5,,1,1
