event_id,source,tier,bbox_w,bbox_s,bbox_e,bbox_n,date_start,date_end,event_date_start,event_date_end,year,continent,country,magnitude,cause,glide,area_km2_reported,match_ems,match_dfo,match_ifrc,n_indep,aoi_tightened,gfm_n_scenes,gfm_n_overpass_days,gfm_flood_px,gfm_flood_km2,notes,n_chips,place,batch,n_chips_imaged,flooded_crops
GSa7745420d676,groundsource,A,-51.13979,-31.2616,-50.39698,-30.42799,2023-08-31,2023-09-20,2023-09-04,2023-09-06,2023,SouthAmerica,,,,,1997.1669922479336,False,True,True,2.0,True,7,3,1953,12.499,,2,Brazil,b01,2,1
GS826a4cbdb8fd,groundsource,A,80.97744,27.99685,81.85407,28.74039,2021-06-11,2021-06-30,2021-06-15,2021-06-16,2021,SouthAsia,,,,,1987.995994023658,False,True,True,2.0,True,23,8,4582,29.325,,5,Nepal,b01,5,1
GSd5fd5a288721,groundsource,A,106.31601,20.16342,107.09868,21.10963,2024-09-02,2024-09-24,2024-09-06,2024-09-10,2024,EastAsia,,,,,1403.29969939492,True,False,False,1.0,True,49,10,8227,52.653,,5,Vietnam,b01,5,1
GS9d644e4d2e45,groundsource,A,85.70424,51.66746,86.31917,52.18313,2021-04-25,2021-05-15,2021-04-29,2021-05-01,2021,CentralAsiaRussia,,,,,1283.6053735071207,False,True,False,1.0,True,40,12,406,2.598,,0,Russia,b01,0,0
GSc1c0b8a36adf,groundsource,A,12.10091,51.51935,13.32478,52.13904,2024-09-13,2024-10-02,2024-09-17,2024-09-18,2024,Europe,,,,,1956.826146564897,True,False,True,2.0,True,77,17,17419,111.482,,5,Germany,b01,5,1
GS9e184f603782,groundsource,A,33.05552,-25.3128,33.75679,-24.70982,2026-01-13,2026-02-01,2026-01-17,2026-01-18,2026,Africa,,,,,1651.3131467428857,True,False,True,2.0,True,40,12,101947,652.461,,5,Mozambique,b01,5,1
GS4ee357eed8ae,groundsource,A,96.29273,16.74086,96.88137,17.26869,2023-10-04,2023-10-22,2023-10-08,2023-10-08,2023,SouthAsia,,,,,1013.57030066694,False,True,True,2.0,True,29,8,22641,144.902,,5,Myanmar,b01,5,1
GS57ab33c7e36b,groundsource,A,106.04274,20.60781,106.68535,21.31386,2025-09-28,2025-10-16,2025-10-02,2025-10-02,2025,EastAsia,,,,,1675.4329611020298,True,False,True,2.0,True,41,8,11093,70.995,,5,Vietnam,b01,5,1
GS40b34f092ad5,groundsource,A,83.38912,53.10967,83.93701,53.50352,2021-05-01,2021-05-19,2021-05-05,2021-05-05,2021,CentralAsiaRussia,,,,,329.06134553981315,False,True,False,1.0,True,18,6,3925,25.12,,0,Russia,b01,0,0
GS206f13a38079,groundsource,A,102.80553,2.82134,103.43109,3.36425,2020-12-27,2021-01-15,2020-12-31,2021-01-01,2020,SoutheastAsia,,,,,1998.318418110292,False,True,True,2.0,True,14,8,2299,14.714,,0,Malaysia,b01,0,0
GSece3c1aaa0fe,groundsource,A,175.27117,-37.85132,176.01147,-37.3383,2023-01-27,2023-02-14,2023-01-31,2023-01-31,2023,Oceania,,,,,1748.4273083120154,False,True,False,1.0,True,17,8,2991,19.142,,0,New Zealand,b01,0,0
GS701eda4733a8,groundsource,A,80.97746,27.99695,81.83762,28.62991,2020-07-04,2020-07-26,2020-07-08,2020-07-12,2020,SouthAsia,,,,,1987.995994023658,False,True,True,2.0,True,30,11,7080,45.312,,5,Nepal,b01,5,1
GS05a14a83fe9e,groundsource,A,54.3624,31.78321,54.5445,32.04485,2020-04-04,2020-04-25,2020-04-08,2020-04-11,2020,MiddleEast,,,,,208.7262572498101,False,True,False,1.0,True,35,11,482,3.085,,0,Iran,b01,0,0
GS82dbc5edb251,groundsource,A,83.3937,53.10602,83.93937,53.50271,2021-05-20,2021-06-07,2021-05-24,2021-05-24,2021,CentralAsiaRussia,,,,,329.06134553981315,False,True,False,1.0,True,15,6,3332,21.325,,0,Russia,b01,0,0
GS7a3a238e4563,groundsource,A,102.80553,2.82134,103.42534,3.36424,2021-01-09,2021-01-27,2021-01-13,2021-01-13,2021,SoutheastAsia,,,,,1998.318418110292,False,True,True,2.0,True,11,6,1623,10.387,,0,Malaysia,b01,0,0
GSa028f3b75599,groundsource,A,6.67353,7.36884,7.52021,8.12115,2022-10-19,2022-11-06,2022-10-23,2022-10-23,2022,Africa,,,,,1903.4579991911603,False,True,True,2.0,True,15,5,16292,104.269,,5,Nigeria,b01,5,1
GS8d923660cd73,groundsource,A,87.52755,25.85005,88.3826,26.60971,2022-06-11,2022-07-03,2022-06-15,2022-06-19,2022,SouthAsia,,,,,1948.279779814151,False,True,True,2.0,True,30,11,45007,288.045,,5,India,b01,5,1
GS20c33a3ff088,groundsource,A,87.16165,53.59167,87.55501,54.00196,2021-04-24,2021-05-17,2021-04-28,2021-05-03,2021,CentralAsiaRussia,,,,,317.6061912330367,False,True,False,1.0,True,42,11,333,2.131,,0,Russia,b01,0,0
GSb0636c1ac60f,groundsource,A,101.10064,14.31219,101.80247,14.90267,2022-09-17,2022-10-07,2022-09-21,2022-09-23,2022,SoutheastAsia,,,,,1952.7311773498552,False,True,True,2.0,True,26,11,997,6.381,,2,Thailand,b01,2,1
GSbb28455a7bb3,groundsource,A,152.59621,-27.71658,153.42803,-27.086,2022-02-18,2022-03-14,2022-02-22,2022-02-28,2022,Oceania,,,,,1357.1107937756562,False,True,True,2.0,True,21,5,382,2.445,,0,Australia,b01,0,0
GS20352e8463d7,groundsource,A,6.55545,6.45868,6.9998,7.12598,2020-09-30,2020-10-18,2020-10-04,2020-10-04,2020,Africa,,,,,1361.7421594411237,False,True,True,2.0,True,16,5,51774,331.354,,5,Nigeria,b01,5,1
GS58f10c551cad,groundsource,A,79.62537,8.44851,80.47584,9.30511,2025-11-12,2025-11-30,2025-11-16,2025-11-16,2025,SouthAsia,,,,,1989.128220358232,True,False,True,2.0,True,27,5,8058,51.571,,5,Sri Lanka,b01,5,1
GSc10faf17bdd2,groundsource,A,19.3102,40.33854,20.0158,41.10663,2026-01-12,2026-01-30,2026-01-16,2026-01-16,2026,Europe,,,,,1930.2397013667585,True,False,True,2.0,True,65,13,1861,11.91,,1,Albania,b01,1,1
GS03fee4476cb6,groundsource,A,-95.26859,17.34801,-94.59039,17.66895,2024-10-08,2024-10-27,2024-10-12,2024-10-13,2024,NorthAmerica,,,,,1404.8576546471247,True,False,False,1.0,True,21,10,10289,65.85,,0,Mexico,b01,0,0
GSee2f9c8318df,groundsource,A,81.4273,27.78003,82.23963,28.24562,2021-06-27,2021-07-15,2021-07-01,2021-07-01,2021,SouthAsia,,,,,1875.6443753478336,False,True,True,2.0,True,22,8,1403,8.979,,3,Nepal,b01,3,1
GSf8b99c193662,groundsource,A,107.74544,15.24435,108.10493,15.65713,2025-10-23,2025-11-15,2025-10-27,2025-11-01,2025,SoutheastAsia,,,,,1152.929912214821,True,False,True,2.0,True,32,11,408,2.611,,0,Vietnam,b01,0,0
GS7809e4ec5b69,groundsource,A,13.06261,11.68779,13.27377,11.87859,2024-09-20,2024-10-08,2024-09-24,2024-09-24,2024,Africa,,,,,58.92614696066896,True,False,True,2.0,True,17,5,419,2.682,,0,Nigeria,b01,0,0
GS6ed30df8427e,groundsource,A,-51.14735,-31.2616,-50.39698,-30.42799,2023-09-05,2023-09-27,2023-09-09,2023-09-13,2023,SouthAmerica,,,,,1997.1669922479336,False,True,True,2.0,True,9,3,2013,12.883,,2,Brazil,b01,2,1
GS7961e6a6dbf6,groundsource,A,96.79277,17.16193,97.28936,17.70156,2023-10-02,2023-10-23,2023-10-06,2023-10-09,2023,SouthAsia,,,,,953.6961730777996,False,True,True,2.0,True,23,9,6380,40.832,,5,Myanmar,b01,5,1
GS3964543dca61,groundsource,A,106.31601,20.16342,107.09868,21.10963,2024-09-12,2024-09-30,2024-09-16,2024-09-16,2024,EastAsia,,,,,1403.29969939492,True,False,False,1.0,True,40,8,7426,47.526,,5,Vietnam,b01,5,1
GS91e7f6443d6f,groundsource,A,14.11132,52.60496,14.99129,53.35754,2024-09-24,2024-10-13,2024-09-28,2024-09-29,2024,Europe,,,,,1872.8342099839265,True,False,True,2.0,True,37,11,9135,58.464,,0,Poland,b01,0,0
GSb26d9f88c8aa,groundsource,A,-70.45116,19.06528,-69.65296,19.49272,2023-11-13,2023-12-06,2023-11-17,2023-11-22,2023,NorthAmerica,,,,,1640.6262701336293,False,True,True,2.0,True,14,7,8805,56.352,,5,Dominican Rep.,b01,5,1
GSc3dfca966d91,groundsource,A,175.11472,-37.63785,176.01407,-36.98985,2023-02-09,2023-03-01,2023-02-13,2023-02-15,2023,Oceania,,,,,1285.4719234574547,False,True,False,1.0,True,19,8,4367,27.949,,0,New Zealand,b01,0,0
GS0797ab599f63,groundsource,A,81.52366,27.3466,82.28354,28.0173,2020-07-28,2020-08-17,2020-08-01,2020-08-03,2020,SouthAsia,,,,,1930.145329964991,False,True,True,2.0,True,28,10,2956,18.918,,5,India,b01,5,1
GS0ccb24ea3fda,groundsource,A,106.02892,20.16878,106.69947,20.80635,2025-09-28,2025-10-16,2025-10-02,2025-10-02,2025,EastAsia,,,,,1653.3251815573833,True,False,True,2.0,True,41,8,5886,37.67,,5,Vietnam,b01,5,1
GS4675824fea37,groundsource,A,53.92727,17.51324,54.06685,17.75793,2020-05-25,2020-06-15,2020-05-29,2020-06-01,2020,MiddleEast,,,,,55.78998879614416,False,True,False,1.0,True,17,6,1265,8.096,,0,Oman,b01,0,0
GS8bb88e734b29,groundsource,A,102.36724,3.24166,102.99653,3.90711,2021-01-05,2021-01-23,2021-01-09,2021-01-09,2021,SoutheastAsia,,,,,1995.5486907773509,False,True,True,2.0,True,16,7,1940,12.416,,0,Malaysia,b01,0,0
GS4eb139ae8d16,groundsource,A,-93.21535,30.35056,-92.49696,30.69425,2021-05-13,2021-06-03,2021-05-17,2021-05-20,2021,NorthAmerica,,,,,1989.2847648889704,False,True,False,1.0,True,28,8,25715,164.576,,5,United States of America,b01,5,1
GS54bf845ba1d7,groundsource,A,32.2016,-26.1093,32.55279,-25.69534,2026-01-06,2026-01-27,2026-01-10,2026-01-13,2026,Africa,,,,,204.6898776773073,True,False,True,2.0,True,31,12,5762,36.877,,2,Mozambique,b01,2,1
GS78f0d68a9785,groundsource,A,-44.96552,-12.23264,-44.2704,-11.69635,2021-12-30,2022-01-17,2022-01-03,2022-01-03,2021,SouthAmerica,,,,,1534.1094827762486,False,True,True,2.0,True,23,6,1907,12.205,,0,Brazil,b01,0,0
GS84071247eb29,groundsource,A,87.52755,25.85005,88.3826,26.60971,2022-06-24,2022-07-13,2022-06-28,2022-06-29,2022,SouthAsia,,,,,1948.279779814151,False,True,True,2.0,True,25,9,41721,267.014,,5,India,b01,5,1
GS1038404c9a7c,groundsource,A,11.89845,44.19097,12.37307,44.70794,2023-05-12,2023-06-05,2023-05-16,2023-05-22,2023,Europe,,,,,654.7818320781422,True,True,True,3.0,True,40,16,5206,33.318,,5,Italy,b01,5,1
GSfc17353a165a,groundsource,A,101.10064,14.31292,101.80229,14.94604,2022-10-08,2022-10-26,2022-10-12,2022-10-12,2022,SoutheastAsia,,,,,1952.7311773498552,False,True,True,2.0,True,18,8,1029,6.586,,2,Thailand,b01,2,1
GSc8ad8fad011e,groundsource,A,152.59621,-27.71658,153.42803,-27.086,2022-02-27,2022-03-17,2022-03-03,2022-03-03,2022,Oceania,,,,,1357.1107937756562,False,True,True,2.0,True,12,3,382,2.445,,0,Australia,b01,0,0
GSeb9753001f5f,groundsource,A,79.6443,8.44858,80.47584,9.30511,2025-12-05,2025-12-23,2025-12-09,2025-12-09,2025,SouthAsia,,,,,1989.128220358232,True,False,True,2.0,True,27,5,7310,46.784,,5,Sri Lanka,b01,5,1
GS21ed5d1d1c68,groundsource,A,105.32376,18.15405,105.71419,18.5629,2020-10-23,2020-11-14,2020-10-27,2020-10-31,2020,EastAsia,,,,,643.2416322205753,False,True,True,2.0,True,46,18,20027,128.173,,5,Vietnam,b01,5,1
DFO4909,dfo,C,50.38334,30.59101,57.6466,35.50357,2020-04-06,2020-04-30,2020-04-10,2020-04-16,2020,MiddleEast,Iran (Islamic Republic of),1.5,Heavy rain,,216986.62006663,,,,,True,390,25,1217373,7791.187,DFO Severity 1.5,5,Iran,b01,5,1
GS655f3c033968,groundsource,A,13.23536,42.34443,13.93091,42.84768,2025-03-21,2025-04-08,2025-03-25,2025-03-25,2025,Europe,,,,,1956.316784128737,True,False,False,1.0,True,28,12,2216,14.182,,0,Italy,b01,0,0
GSf8bf0672eb4a,groundsource,A,-89.04948,15.16904,-88.44232,15.67982,2020-11-01,2020-11-20,2020-11-05,2020-11-06,2020,NorthAmerica,,,,,1324.8392698120608,False,True,True,2.0,True,52,13,1848,11.827,,0,Guatemala,b01,0,0
GS617a06d05bf5,groundsource,A,6.67353,7.36884,7.52021,8.12115,2022-10-22,2022-11-10,2022-10-26,2022-10-27,2022,Africa,,,,,1903.4579991911603,False,True,True,2.0,True,14,4,16292,104.269,,5,Nigeria,b01,5,1
GS06c8b7c1eaf6,groundsource,A,87.44974,26.27417,87.77199,26.42145,2021-06-08,2021-06-26,2021-06-12,2021-06-12,2021,SouthAsia,,,,,1819.28182349363,False,True,True,2.0,True,25,9,412,2.637,,1,India,b01,1,1
GS947dd6a606b6,groundsource,A,-95.25466,17.34832,-94.71016,17.51054,2024-10-17,2024-11-04,2024-10-21,2024-10-21,2024,NorthAmerica,,,,,1373.8315333900205,True,False,False,1.0,True,20,9,4160,26.624,,0,Mexico,b01,0,0
GSe2f172b5d614,groundsource,A,6.55545,6.45868,6.9998,7.12598,2020-10-04,2020-10-22,2020-10-08,2020-10-08,2020,Africa,,,,,1361.7421594411237,False,True,True,2.0,True,16,5,51774,331.354,,5,Nigeria,b01,5,1
GSd42bd0373e69,groundsource,A,-79.87553,-2.89974,-79.45827,-2.23,2025-02-21,2025-03-11,2025-02-25,2025-02-25,2025,SouthAmerica,,,,,1695.795509923173,True,False,True,2.0,True,37,10,2804,17.946,,5,Ecuador,b01,5,1
GSaaa91f16db59,groundsource,A,76.19536,28.39966,77.04698,28.92151,2023-06-21,2023-07-09,2023-06-25,2023-06-25,2023,SouthAsia,,,,,1928.1841116045507,False,True,False,1.0,True,17,7,29509,188.858,,5,India,b01,5,1
DFO4923,dfo,C,52.52536,16.89346,56.46004,20.18481,2020-05-23,2020-06-14,2020-05-27,2020-05-31,2020,MiddleEast,Oman,1.5,Torrential rain,,95374.996513357,,,,,True,58,10,57791,369.862,DFO Severity 1.5,0,Oman,b01,0,0
GSa798a25d7e19,groundsource,A,107.81147,15.71531,107.96894,15.87918,2020-10-12,2020-10-30,2020-10-16,2020-10-16,2020,SoutheastAsia,,,,,1840.818519390392,False,True,True,2.0,True,31,11,1049,6.714,,1,Vietnam,b01,1,1
GS688ce7f19ec4,groundsource,A,-98.4702,21.03125,-97.93699,21.73988,2025-10-06,2025-10-24,2025-10-10,2025-10-10,2025,NorthAmerica,,,,,1287.5382450338373,True,False,False,1.0,True,40,9,429,2.746,,0,Mexico,b01,0,0
GScd8c7f49e0b3,groundsource,A,13.91167,11.91077,14.44358,12.6473,2024-09-06,2024-09-24,2024-09-10,2024-09-10,2024,Africa,,,,,1461.7351904250006,True,False,False,1.0,True,35,7,6134,39.258,,5,Nigeria,b01,5,1
GS53fbc5c384b4,groundsource,A,88.75744,24.0693,89.42905,24.73622,2020-06-11,2020-06-29,2020-06-15,2020-06-15,2020,SouthAsia,,,,,1911.3182185562175,False,True,True,2.0,True,26,9,55422,354.701,,5,Bangladesh,b01,5,1
GS2ffec7c0dd3f,groundsource,A,105.46433,19.84121,106.25051,20.52809,2024-09-18,2024-10-08,2024-09-22,2024-09-24,2024,EastAsia,,,,,1376.6000206551842,True,False,False,1.0,True,22,8,15603,99.859,,5,Vietnam,b01,5,1
GS2b987bbfd0c7,groundsource,A,-2.19443,38.93881,-1.08956,39.47042,2024-10-25,2024-11-12,2024-10-29,2024-10-29,2024,Europe,,,,,1822.1428625653832,True,False,True,2.0,True,59,17,436,2.79,,1,Spain,b01,1,1
GSca4869ec4d69,groundsource,A,153.10583,-28.33816,153.56355,-27.67699,2022-02-28,2022-03-18,2022-03-04,2022-03-04,2022,Oceania,,,,,1336.7447382617477,False,True,True,2.0,True,12,3,960,6.144,,1,Australia,b01,1,1
GS8b357a5ff79b,groundsource,A,91.89544,25.05078,92.73434,25.73514,2022-06-12,2022-07-02,2022-06-16,2022-06-18,2022,SouthAsia,,,,,1819.0015686908,False,True,True,2.0,True,96,11,28731,183.878,,5,India,b01,5,1
GSb1f2d6cc9493,groundsource,A,105.8436,19.81692,106.622,20.57687,2025-09-25,2025-10-15,2025-09-29,2025-10-01,2025,EastAsia,,,,,1649.3812277565062,True,False,True,2.0,True,36,7,8948,57.267,,5,Vietnam,b01,5,1
DFO4913,dfo,C,53.86178,39.56473,57.68371,42.94035,2020-04-27,2020-05-25,2020-05-01,2020-05-11,2020,MiddleEast,"Uzbekistan,Kazakhstan",2.0,Dam break,,84662.215389579,,,,,True,285,26,34899,223.354,DFO Severity 2,0,Turkmenistan,b01,0,0
GSaee131646637,groundsource,A,82.69214,58.21088,83.17529,58.41909,2021-05-14,2021-06-02,2021-05-18,2021-05-19,2021,CentralAsiaRussia,,,,,12.375068804751384,False,True,False,1.0,True,5,2,1742,11.149,,0,Russia,b01,0,0
GS7ec432f3dae6,groundsource,A,98.86004,16.58939,99.50135,17.28635,2022-10-09,2022-10-27,2022-10-13,2022-10-13,2022,SoutheastAsia,,,,,1906.709274529131,False,True,True,2.0,True,34,8,2033,13.011,,5,Thailand,b01,5,1
GS49d75d279162,groundsource,A,-90.53854,32.52761,-89.65258,32.96369,2021-06-04,2021-06-22,2021-06-08,2021-06-08,2021,NorthAmerica,,,,,1917.708034518604,False,True,False,1.0,True,23,6,473,3.027,,0,United States of America,b01,0,0
GS37489efd4f33,groundsource,A,32.80323,-25.39255,33.06649,-24.97051,2026-01-03,2026-01-21,2026-01-07,2026-01-07,2026,Africa,,,,,187.36532978366336,True,False,True,2.0,True,30,10,11402,72.973,,5,Mozambique,b01,5,1
GS14cf80ec9b69,groundsource,A,80.09461,8.47216,80.80789,9.19894,2025-11-22,2025-12-13,2025-11-26,2025-11-29,2025,SouthAsia,,,,,1893.733126172618,True,False,True,2.0,True,42,7,12299,78.714,,2,Sri Lanka,b01,2,1
DFO5066,dfo,C,53.81293,29.97245,59.31585,34.8118,2021-05-01,2021-05-23,2021-05-05,2021-05-09,2021,MiddleEast,Iran (Islamic Republic of),1.5,Torrential rain,,221266.11883323,,,,,True,322,23,313371,2005.574,DFO Severity 1.5,0,Iran,b01,0,0
GS0ecf2d9d9ccf,groundsource,A,22.50433,39.25874,22.89013,39.68429,2023-09-13,2023-10-03,2023-09-17,2023-09-19,2023,Europe,,,,,555.7216768442916,True,True,True,3.0,True,51,14,20475,131.04,,5,Greece,b01,5,1
GS895f442c1a8a,groundsource,A,174.40437,-37.15275,174.70822,-36.49847,2023-02-20,2023-03-12,2023-02-24,2023-02-26,2023,Oceania,,,,,849.1848709731078,False,True,False,1.0,True,57,12,324,2.074,,0,New Zealand,b01,0,0
GSd1b1909182c1,groundsource,A,39.54466,-0.65511,39.78194,-0.31637,2023-11-01,2023-11-21,2023-11-05,2023-11-07,2023,Africa,,,,,1815.079039955744,False,True,True,2.0,True,15,7,659,4.218,,1,Kenya,b01,1,1
GSe81981071cdd,groundsource,A,87.16129,26.27345,87.77422,26.75434,2021-06-27,2021-07-18,2021-07-01,2021-07-04,2021,SouthAsia,,,,,1819.28182349363,False,True,True,2.0,True,30,11,35936,229.99,,5,Nepal,b01,5,1
DFO5133,dfo,C,55.18174,20.10845,59.68934,24.34418,2021-09-29,2021-10-19,2021-10-03,2021-10-05,2021,MiddleEast,"Oman,Iran (Islamic Republic of)",1.5,Heavy rain,,129781.0,,,,,True,55,14,7119,45.562,DFO Severity 1.5,0,Oman,b01,0,0
GS74284bb04614,groundsource,A,19.3102,40.33854,20.03558,41.1068,2025-11-15,2025-12-07,2025-11-19,2025-11-23,2025,Europe,,,,,1930.2397013667585,True,False,False,1.0,True,78,16,4477,28.653,,5,Albania,b01,5,1
GS3c72b5ac4786,groundsource,A,108.46146,14.46018,109.05777,14.97543,2025-10-13,2025-10-31,2025-10-17,2025-10-17,2025,SoutheastAsia,,,,,1113.1640894021698,True,False,True,2.0,True,24,7,3392,21.709,,5,Vietnam,b01,5,1
GS8c1522a61c25,groundsource,A,-89.53659,15.05005,-89.15647,15.37268,2020-11-01,2020-11-20,2020-11-05,2020-11-06,2020,NorthAmerica,,,,,775.0250729101082,False,True,True,2.0,True,21,9,375,2.4,,0,Guatemala,b01,0,0
GS50a7e21c7de4,groundsource,A,150.88375,-33.59551,151.66675,-33.04385,2021-03-16,2021-04-09,2021-03-20,2021-03-26,2021,Oceania,,,,,1861.973842062633,False,True,False,1.0,True,42,9,2110,13.504,,0,Australia,b01,0,0
GSe47f4f0b1ec1,groundsource,A,6.03086,8.65565,6.52578,9.40374,2022-10-03,2022-10-21,2022-10-07,2022-10-07,2022,Africa,,,,,1670.9806474151485,False,True,True,2.0,True,10,4,23690,151.616,,5,Nigeria,b01,5,1
GS7beccde80767,groundsource,A,-72.96021,-15.27335,-72.53293,-14.64692,2020-02-07,2020-02-26,2020-02-11,2020-02-12,2020,SouthAmerica,,,,,934.5076474781235,False,True,True,2.0,True,10,7,316,2.022,,0,Peru,b01,0,0
GS3b685b1f8fcf,groundsource,A,19.34378,41.49308,20.37814,42.11553,2026-01-01,2026-01-22,2026-01-05,2026-01-08,2026,Europe,,,,,1718.001384966586,True,False,True,2.0,True,129,14,4565,29.216,,5,Albania,b01,5,1
GSed77f7e6e985,groundsource,A,107.77075,15.45962,107.96894,15.87966,2020-10-23,2020-11-13,2020-10-27,2020-10-30,2020,SoutheastAsia,,,,,1840.818519390392,False,True,True,2.0,True,46,15,1235,7.904,,1,Vietnam,b01,1,1
GSd64b15571ffa,groundsource,A,-95.84196,17.51226,-95.26769,18.0311,2024-10-17,2024-11-04,2024-10-21,2024-10-21,2024,NorthAmerica,,,,,1197.6429031927576,True,False,False,1.0,True,20,9,333,2.131,,0,Mexico,b01,0,0
GS2410dbe80a37,groundsource,A,153.00239,-29.1418,153.53206,-28.779,2022-02-24,2022-03-14,2022-02-28,2022-02-28,2022,Oceania,,,,,1296.9766937441275,False,True,True,2.0,True,7,3,39201,250.886,,4,Australia,b01,4,1
GScfb44c2b56f8,groundsource,A,6.26295,6.89739,6.79069,7.44174,2020-10-06,2020-10-25,2020-10-10,2020-10-11,2020,Africa,,,,,1131.4858416489735,False,True,True,2.0,True,17,5,9312,59.597,,5,Nigeria,b01,5,1
GS3715ed4bd7ab,groundsource,A,67.84686,27.04826,68.58201,28.01572,2020-09-06,2020-09-24,2020-09-10,2020-09-10,2020,SouthAsia,,,,,1905.6521355623056,False,True,True,2.0,True,99,13,64137,410.477,,5,Pakistan,b01,5,1
GSd130a2434235,groundsource,A,13.307,10.71166,13.39771,10.8481,2024-08-22,2024-09-09,2024-08-26,2024-08-26,2024,Africa,,,,,1000.8694055496268,True,False,False,1.0,True,13,4,516,3.302,,2,Nigeria,b01,2,1
GS22770aea68a2,groundsource,A,90.14172,25.05787,91.06164,25.63928,2022-06-04,2022-06-25,2022-06-08,2022-06-11,2022,SouthAsia,,,,,1813.9982198915873,False,True,True,2.0,True,55,11,29873,191.187,,5,India,b01,5,1
GS2c7036f4ac14,groundsource,A,105.25535,21.09623,105.81044,21.61478,2024-08-18,2024-09-08,2024-08-22,2024-08-25,2024,EastAsia,,,,,1242.4824047619336,True,False,False,1.0,True,24,9,2441,15.622,,5,Vietnam,b01,5,1
GS3b02abf3e4a3,groundsource,A,101.9611,14.04526,102.50608,14.72923,2022-09-21,2022-10-09,2022-09-25,2022-09-25,2022,SoutheastAsia,,,,,1853.3744766405791,False,True,True,2.0,True,41,9,985,6.304,,3,Thailand,b01,3,1
GS81c93d0c8c00,groundsource,A,71.16542,29.704,71.90411,30.54006,2025-09-09,2025-09-30,2025-09-13,2025-09-16,2025,SouthAsia,,,,,1667.5350253237157,True,False,True,2.0,True,31,11,50982,326.285,,5,Pakistan,b01,5,1
GS98c74df376d9,groundsource,A,105.46433,19.84121,106.2505,20.52665,2025-10-10,2025-10-29,2025-10-14,2025-10-15,2025,EastAsia,,,,,1376.6000206551842,True,False,True,2.0,True,21,7,11959,76.538,,5,Vietnam,b01,5,1
GS67419382a0f5,groundsource,A,-90.03198,32.79784,-89.43241,33.37066,2021-06-04,2021-06-22,2021-06-08,2021-06-08,2021,NorthAmerica,,,,,1906.9792426622007,False,True,False,1.0,True,23,6,566,3.622,,0,United States of America,b01,0,0
GSbc775e2c4072,groundsource,A,-39.12492,-15.90771,-38.87829,-15.57863,2021-12-30,2022-01-17,2022-01-03,2022-01-03,2021,SouthAmerica,,,,,1325.5700534432558,False,True,True,2.0,True,8,4,962,6.157,,0,Brazil,b01,0,0
GSb298ada63d43,groundsource,A,128.34026,36.2242,129.01225,36.73445,2023-07-16,2023-08-05,2023-07-20,2023-07-22,2023,EastAsia,,,,,1524.7795112253912,False,True,False,1.0,True,16,4,765,4.896,,0,South Korea,b01,0,0
GSdf135197f11c,groundsource,A,108.46146,14.45946,109.05778,14.97543,2025-10-22,2025-11-09,2025-10-26,2025-10-26,2025,SoutheastAsia,,,,,1113.1640894021698,True,False,True,2.0,True,39,9,4994,31.962,,5,Vietnam,b01,5,1
GSfe539e9a9c06,groundsource,A,152.31181,-27.88196,152.76225,-27.42115,2022-03-07,2022-03-26,2022-03-11,2022-03-12,2022,Oceania,,,,,1095.1121723035328,False,True,True,2.0,True,20,4,1146,7.334,,2,Australia,b01,2,1
GS4a500fcc264c,groundsource,A,70.9745,24.56957,71.58227,25.21974,2023-06-12,2023-07-03,2023-06-16,2023-06-19,2023,SouthAsia,,,,,1864.3523970194667,False,True,False,1.0,True,40,9,6424,41.114,,4,India,b01,4,1
GS4447495961bd,groundsource,A,19.30734,40.33849,20.03558,41.1068,2025-11-22,2025-12-11,2025-11-26,2025-11-27,2025,Europe,,,,,1930.2397013667585,True,False,False,1.0,True,66,14,4481,28.678,,5,Albania,b01,5,1
GS2a06e382b5f3,groundsource,A,107.70823,13.51449,107.75957,13.54901,2020-10-02,2020-10-23,2020-10-06,2020-10-09,2020,SoutheastAsia,,,,,1683.6537765409348,False,True,True,2.0,True,66,11,351,2.246,,0,Vietnam,b01,0,0
GS3ded877c1930,groundsource,A,67.53386,27.85866,68.54944,28.69677,2020-08-02,2020-08-23,2020-08-06,2020-08-09,2020,SouthAsia,,,,,1782.1067387130015,False,True,True,2.0,True,62,15,213077,1363.693,,5,Pakistan,b01,5,1
GS117cb18c8b5e,groundsource,A,-5.70245,37.49541,-4.78348,38.23584,2026-01-24,2026-02-11,2026-01-28,2026-01-28,2026,Europe,,,,,1671.447313896538,True,False,True,2.0,True,175,17,4399,28.154,,5,Spain,b01,5,1
GS780cac26219f,groundsource,A,-94.93476,17.39743,-94.35252,17.9205,2024-10-19,2024-11-07,2024-10-23,2024-10-24,2024,NorthAmerica,,,,,1005.661290600251,True,False,False,1.0,True,20,10,42470,271.808,,1,Mexico,b01,1,1
GS222c44ad8ae5,groundsource,A,-80.42118,7.35876,-80.36452,7.44712,2024-10-15,2024-11-03,2024-10-19,2024-10-20,2024,CentralAmericaCaribbean,,,,,1521.6433562298814,True,False,True,2.0,True,11,5,358,2.291,,0,Panama,b01,0,0
GS557a0097fbdb,groundsource,A,174.42563,-36.99751,174.78818,-36.69138,2023-02-08,2023-03-01,2023-02-12,2023-02-15,2023,Oceania,,,,,563.0235268708076,False,True,False,1.0,True,55,11,318,2.035,,0,New Zealand,b01,0,0
GS275a75555a3c,groundsource,A,90.15228,25.05787,91.06164,25.19018,2022-06-22,2022-07-15,2022-06-26,2022-07-01,2022,SouthAsia,,,,,1813.9982198915873,False,True,True,2.0,True,51,10,15850,101.44,,5,Bangladesh,b01,5,1
GS82090e95f8aa,groundsource,A,101.90025,14.04522,102.49201,14.72908,2022-10-08,2022-10-27,2022-10-12,2022-10-13,2022,SoutheastAsia,,,,,1853.3744766405791,False,True,True,2.0,True,37,9,798,5.107,,2,Thailand,b01,2,1
GS627c3cfabe3d,groundsource,A,-97.66302,21.07257,-97.22222,21.62574,2025-10-14,2025-11-01,2025-10-18,2025-10-18,2025,NorthAmerica,,,,,1030.374098348928,True,False,False,1.0,True,49,11,804,5.146,,0,Mexico,b01,0,0
GSd668036bfc79,groundsource,A,-72.14669,-36.94126,-71.00972,-36.47029,2023-06-18,2023-07-12,2023-06-22,2023-06-28,2023,SouthAmerica,,,,,1761.3786180432178,False,True,True,2.0,True,51,6,589,3.77,,0,Chile,b01,0,0
GS3973b146fae8,groundsource,A,68.17328,24.68397,68.83727,25.35949,2020-08-31,2020-09-20,2020-09-04,2020-09-06,2020,SouthAsia,,nan,,,1573.1766395154941,False,True,True,2,True,25,10,19016,121.702,,5,,b02,5,1
GSdf75a5e22692,groundsource,A,92.62057,25.74153,93.16543,26.2765,2022-06-11,2022-07-03,2022-06-15,2022-06-19,2022,SouthAsia,,nan,,,1451.4419913545191,False,True,True,2,True,60,13,66485,425.504,,5,,b02,5,1
GSfd7cb1b1edc1,groundsource,A,-95.62762,18.15947,-95.27037,18.64944,2024-10-31,2024-11-18,2024-11-04,2024-11-04,2024,NorthAmerica,,nan,,,608.3068709043083,True,False,False,1,True,19,10,16538,105.843,,5,,b02,5,1
GS5dc271c1cfc5,groundsource,A,68.49034,25.13535,69.04828,25.82758,2020-08-21,2020-09-09,2020-08-25,2020-08-26,2020,SouthAsia,,nan,,,1572.6071640309904,False,True,True,2,True,49,12,11551,73.926,,5,,b02,5,1
GS69192174047f,groundsource,A,92.62057,25.78632,93.18386,26.27647,2022-06-29,2022-07-18,2022-07-03,2022-07-04,2022,SouthAsia,,nan,,,1451.4419913545191,False,True,True,2,True,51,11,25497,163.181,,5,,b02,5,1
GSde0658091f74,groundsource,A,-5.0909,37.31714,-4.49036,37.82553,2026-01-24,2026-02-11,2026-01-28,2026-01-28,2026,Europe,,nan,,,1117.0707956605945,True,False,True,2,True,175,17,733,4.691,,3,,b02,3,1
GSf1313e281cde,groundsource,A,14.71242,10.44014,15.18592,10.80777,2020-08-30,2020-09-21,2020-09-03,2020-09-07,2020,Africa,,nan,,,795.3235696473896,False,True,True,2,True,17,7,5734,36.698,,5,,b02,5,1
GS5f8287c6cf24,groundsource,A,80.22256,28.20228,81.00429,28.75834,2020-07-27,2020-08-14,2020-07-31,2020-07-31,2020,SouthAsia,,nan,,,1535.5005499057147,False,True,True,2,True,52,13,13976,89.446,,5,,b02,5,1
GSbb26bdcddeda,groundsource,A,100.22059,16.47516,100.85324,17.12757,2022-10-09,2022-10-28,2022-10-13,2022-10-14,2022,SoutheastAsia,,nan,,,1708.2479052070914,False,True,True,2,True,82,12,7203,46.099,,5,,b02,5,1
GS5cfd7730b191,groundsource,A,33.52985,-25.15927,34.19504,-24.58187,2026-01-19,2026-02-07,2026-01-23,2026-01-24,2026,Africa,,nan,,,1460.5122353999348,True,False,False,1,True,15,8,73677,471.533,,5,,b02,5,1
GS93a3cc242b12,groundsource,A,80.34555,5.95464,80.79853,6.37474,2025-11-18,2025-12-06,2025-11-22,2025-11-22,2025,SouthAsia,,nan,,,1308.1419572574434,True,False,True,2,True,19,6,1320,8.448,,3,,b02,3,1
GScad555b222ec,groundsource,A,107.8738,15.84147,108.30387,16.29505,2025-11-07,2025-11-25,2025-11-11,2025-11-11,2025,SoutheastAsia,,nan,,,741.7562281879098,True,False,True,2,True,58,16,1496,9.574,,1,,b02,1,1
GS6fc6b88d7c58,groundsource,A,19.68978,42.11728,20.34584,42.63645,2025-12-28,2026-01-21,2026-01-01,2026-01-07,2026,Europe,,nan,,,1048.6145292178512,True,False,True,2,True,75,17,735,4.704,,0,,b02,0,0
GS783941ec2d36,groundsource,A,107.4273,15.91297,108.26829,16.49548,2020-10-24,2020-11-12,2020-10-28,2020-10-29,2020,SoutheastAsia,,nan,,,1383.9742791360177,False,True,True,2,True,85,20,20480,131.072,,5,,b02,5,1
GS443de4643f20,groundsource,A,-95.90889,17.8423,-95.47462,18.43257,2024-10-15,2024-11-05,2024-10-19,2024-10-22,2024,NorthAmerica,,nan,,,529.9851671724166,True,False,False,1,True,24,11,13351,85.446,,5,,b02,5,1
GS7e844b964eb8,groundsource,A,76.74841,28.41938,77.41703,28.96567,2020-07-06,2020-07-24,2020-07-10,2020-07-10,2020,SouthAsia,,nan,,,1474.629190102905,False,True,True,2,True,42,11,414,2.65,,2,,b02,2,1
GS2d824caf840d,groundsource,A,90.7718,25.08503,91.64866,25.52018,2022-06-12,2022-07-03,2022-06-16,2022-06-19,2022,SouthAsia,,nan,,,1338.4055537802428,False,True,True,2,True,48,10,29915,191.456,,0,,b02,0,0
GS6d187f5bca4b,groundsource,A,100.56255,17.06231,100.8934,17.59856,2022-09-22,2022-10-10,2022-09-26,2022-09-26,2022,SoutheastAsia,,nan,,,1632.0467504659084,False,True,True,2,True,41,11,1368,8.755,,4,,b02,4,1
GSbf7073f4a66c,groundsource,A,80.34555,5.95464,80.79853,6.37474,2025-11-23,2025-12-12,2025-11-27,2025-11-28,2025,SouthAsia,,nan,,,1308.1419572574434,True,False,True,2,True,25,5,1328,8.499,,3,,b02,3,1
GS4b092bcaa8a8,groundsource,A,104.23227,21.34178,104.98945,21.84659,2025-09-24,2025-10-13,2025-09-28,2025-09-29,2025,EastAsia,,nan,,,1194.6612252801096,True,False,True,2,True,22,8,388,2.483,,0,,b02,0,0
GS30ebefec4415,groundsource,A,32.50937,-25.93546,33.03986,-25.40295,2026-01-18,2026-02-08,2026-01-22,2026-01-25,2026,Africa,,nan,,,720.0944791766623,True,False,False,1,True,32,12,23664,151.45,,5,,b02,5,1
GS7fdd49e7e778,groundsource,A,85.05274,28.09526,85.88565,28.46764,2021-06-11,2021-06-29,2021-06-15,2021-06-15,2021,SouthAsia,,nan,,,1496.4167445462583,False,True,True,2,True,30,10,1530,9.792,,0,,b02,0,0
GSaade3223d73b,groundsource,A,107.77532,15.64202,108.2325,15.99279,2025-11-07,2025-11-26,2025-11-11,2025-11-12,2025,SoutheastAsia,,nan,,,587.9811386368032,True,False,True,2,True,29,11,1247,7.981,,2,,b02,2,1
GS5952e31d7b51,groundsource,A,89.59453,23.54128,90.35033,24.12136,2020-06-11,2020-06-29,2020-06-15,2020-06-15,2020,SouthAsia,,nan,,,1399.415930258944,False,True,True,2,True,38,11,5228,33.459,,5,,b02,5,1
GSd35418daf7b6,groundsource,A,-4.36718,37.9003,-3.77661,38.35113,2026-01-24,2026-02-11,2026-01-28,2026-01-28,2026,Europe,,nan,,,968.2921658001153,True,False,True,2,True,102,14,547,3.501,,2,,b02,2,1
GSfb62239fb42f,groundsource,A,-96.19698,18.07433,-95.68398,18.51249,2024-10-15,2024-11-04,2024-10-19,2024-10-21,2024,NorthAmerica,,nan,,,519.9205200602811,True,False,False,1,True,22,10,2704,17.306,,0,,b02,0,0
GS2c9ea01a2106,groundsource,A,34.50511,-0.36287,34.9744,-0.10888,2020-03-22,2020-04-12,2020-03-26,2020-03-29,2020,Africa,,nan,,,571.8817912106852,False,True,True,2,True,20,9,742,4.749,,0,,b02,0,0
GS67a2a591a491,groundsource,A,90.80922,25.0855,91.64866,25.21034,2022-06-26,2022-07-15,2022-06-30,2022-07-01,2022,SouthAsia,,nan,,,1338.4055537802428,False,True,True,2,True,43,9,19191,122.822,,5,,b02,5,1
GSb9081864da45,groundsource,A,100.25135,13.50725,101.01766,14.03147,2022-09-29,2022-10-17,2022-10-03,2022-10-03,2022,SoutheastAsia,,nan,,,1579.946505016319,False,True,True,2,True,32,10,24895,159.328,,5,,b02,5,1
GS0bc1cce84f7a,groundsource,A,151.50989,-32.8761,152.209,-32.51336,2021-03-06,2021-03-24,2021-03-10,2021-03-10,2021,Oceania,,nan,,,990.0043475241886,False,True,False,1,True,17,6,6603,42.259,,0,,b02,0,0
GSac71c4d029fb,groundsource,A,14.89426,11.98837,15.20688,12.25104,2024-10-10,2024-10-31,2024-10-14,2024-10-17,2024,Africa,,nan,,,157.12103319586424,True,False,False,1,True,20,6,3077,19.693,,1,,b02,1,1
GSc011afbe26ac,groundsource,A,70.56566,29.3222,71.24145,29.87799,2025-09-09,2025-09-30,2025-09-13,2025-09-16,2025,SouthAsia,,nan,,,1047.6353440573293,True,False,True,2,True,59,16,76682,490.765,,5,,b02,5,1
GSfb1482285dc4,groundsource,A,106.36274,21.19755,106.65326,21.68279,2024-09-12,2024-09-30,2024-09-16,2024-09-16,2024,EastAsia,,nan,,,1036.215716465933,True,False,False,1,True,57,8,1948,12.467,,5,,b02,5,1
GSc0743319fa4f,groundsource,A,-41.28928,-14.90785,-40.63437,-14.60377,2021-12-25,2022-01-14,2021-12-29,2021-12-31,2021,SouthAmerica,,nan,,,1901.2247782531188,False,True,True,2,True,23,6,477,3.053,,0,,b02,0,0
GS5411aeb691fd,groundsource,A,80.09837,28.92423,80.81705,29.36538,2021-10-12,2021-11-05,2021-10-16,2021-10-22,2021,SouthAsia,,nan,,,1492.9728662752748,False,True,True,2,True,59,16,353,2.259,,0,,b02,0,0
GS3ce65125ddde,groundsource,A,108.37851,15.23216,108.81854,15.66394,2025-10-26,2025-11-13,2025-10-30,2025-10-30,2025,SoutheastAsia,,nan,,,558.548312914025,True,False,True,2,True,36,9,10194,65.242,,5,,b02,5,1
GS2ceb690f8c21,groundsource,A,33.27562,-25.1968,33.75654,-24.95311,2026-01-10,2026-01-28,2026-01-14,2026-01-14,2026,Africa,,nan,,,546.4789617503632,True,False,False,1,True,45,12,46130,295.232,,5,,b02,5,1
GS22eaa158c3c5,groundsource,A,11.46457,44.40114,11.89035,44.65978,2023-04-27,2023-05-18,2023-05-01,2023-05-04,2023,Europe,,nan,,,153.17050777738416,True,True,True,3,True,35,14,1080,6.912,,4,,b02,4,1
GSb5a76d05dc65,groundsource,A,108.18994,14.47084,108.62862,15.14045,2020-10-24,2020-11-12,2020-10-28,2020-10-29,2020,SoutheastAsia,,nan,,,1370.1762239581885,False,True,True,2,True,43,14,324,2.074,,0,,b02,0,0
GS5f3e0719e5b8,groundsource,A,80.48411,27.74096,81.11617,28.25317,2020-07-27,2020-08-16,2020-07-31,2020-08-02,2020,SouthAsia,,nan,,,1264.938681574936,False,True,True,2,True,52,13,7150,45.76,,5,,b02,5,1
GS2f160fd524f7,groundsource,A,16.81503,45.08233,18.24681,45.67601,2025-03-23,2025-04-13,2025-03-27,2025-03-30,2025,Europe,,nan,,,1835.1251236429616,True,False,False,1,True,33,13,5730,36.672,,5,,b02,5,1
GSbe619b6b7288,groundsource,A,151.50226,-32.87185,152.11353,-32.60778,2021-03-25,2021-04-13,2021-03-29,2021-03-30,2021,Oceania,,nan,,,990.0043475241886,False,True,False,1,True,24,8,7323,46.867,,0,,b02,0,0
GS37c13867f66f,groundsource,A,6.61431,7.72666,7.07844,8.37555,2022-10-12,2022-10-30,2022-10-16,2022-10-16,2022,Africa,,nan,,,1491.5091957563832,False,True,True,2,True,25,5,18225,116.64,,5,,b02,5,1
GS33937a2a18e3,groundsource,A,92.96278,26.5189,93.55339,26.91868,2022-06-25,2022-07-14,2022-06-29,2022-06-30,2022,SouthAsia,,nan,,,1026.0238806324196,False,True,True,2,True,25,7,9323,59.667,,5,,b02,5,1
GS9077013f76e9,groundsource,A,19.22216,41.77339,19.95599,42.59609,2026-01-02,2026-01-21,2026-01-06,2026-01-07,2026,Europe,,nan,,,949.7870363436025,True,False,True,2,True,118,13,4810,30.784,,5,,b02,5,1
GS7eb9899774f0,groundsource,A,100.25109,13.45736,101.01766,14.03147,2022-10-06,2022-10-24,2022-10-10,2022-10-10,2022,SoutheastAsia,,nan,,,1579.946505016319,False,True,True,2,True,29,10,21182,135.565,,5,,b02,5,1
GSd21521b1fe94,groundsource,A,-94.8952,17.5004,-94.61822,18.05503,2024-10-08,2024-10-27,2024-10-12,2024-10-13,2024,NorthAmerica,,nan,,,452.5560854855855,True,False,False,1,True,21,10,28050,179.52,,0,,b02,0,0
GSd8c12db140cd,groundsource,A,-79.74188,-2.20633,-79.29478,-1.54898,2025-02-22,2025-03-13,2025-02-26,2025-02-27,2025,SouthAmerica,,nan,,,1089.022507923672,True,False,True,2,True,50,11,43639,279.29,,5,,b02,5,1
GS29b8b069b075,groundsource,A,80.63206,8.20644,81.06638,8.82747,2025-11-24,2025-12-13,2025-11-28,2025-11-29,2025,SouthAsia,,nan,,,853.1198314591081,True,False,True,2,True,17,5,10092,64.589,,0,,b02,0,0
GS543834173063,groundsource,A,19.22216,41.77339,19.95599,42.59609,2026-01-06,2026-01-24,2026-01-10,2026-01-10,2026,Europe,,nan,,,949.7870363436025,True,False,True,2,True,121,13,4298,27.507,,5,,b03,5,1
GS5804e40bd0d9,groundsource,A,32.6284,-25.93529,32.74866,-25.73637,2026-01-21,2026-02-09,2026-01-25,2026-01-26,2026,Africa,,nan,,,20.80023011437615,True,False,False,1,True,36,13,1122,7.181,,0,,b03,0,0
GS45ada69fac28,groundsource,A,79.71462,8.01016,80.1173,8.62912,2025-11-25,2025-12-13,2025-11-29,2025-11-29,2025,SouthAsia,,nan,,,740.4285699371305,True,False,True,2,True,22,6,3514,22.49,,1,,b03,1,1
GSde8618c7932f,groundsource,A,107.24887,16.17966,107.70731,16.67848,2025-11-05,2025-11-23,2025-11-09,2025-11-09,2025,SoutheastAsia,,nan,,,513.8674372764217,True,False,True,2,True,30,16,17750,113.6,,5,,b03,5,1
GS599b3f76a2a3,groundsource,A,20.11255,41.74231,20.72356,42.23819,2026-01-01,2026-01-20,2026-01-05,2026-01-06,2026,Europe,,nan,,,916.2943442977014,True,False,True,2,True,113,12,826,5.286,,0,,b03,0,0
GSf0a1c1219e2f,groundsource,A,90.47391,23.68465,91.07586,24.32573,2020-06-22,2020-07-11,2020-06-26,2020-06-27,2020,SouthAsia,,nan,,,1167.314217885183,False,True,True,2,True,13,5,18652,119.373,,5,,b03,5,1
GS2024710d8b39,groundsource,A,91.32025,26.3703,91.88754,26.79536,2022-06-13,2022-07-04,2022-06-17,2022-06-20,2022,SouthAsia,,nan,,,898.7246359721927,False,True,True,2,True,26,9,61004,390.426,,0,,b03,0,0
GSe78db02c47d1,groundsource,A,81.13384,7.334,81.57371,7.81123,2025-11-22,2025-12-10,2025-11-26,2025-11-26,2025,SouthAsia,,nan,,,674.6828924391742,True,False,True,2,True,13,4,5370,34.368,,5,,b03,5,1
GSd507833d0c81,groundsource,A,107.24905,16.1808,107.70826,16.68108,2025-10-14,2025-11-01,2025-10-18,2025-10-18,2025,SoutheastAsia,,nan,,,509.5224351644351,True,False,True,2,True,20,10,26231,167.878,,0,,b03,0,0
GS534b80edafd3,groundsource,A,19.6089,41.60814,20.37663,42.091,2026-01-04,2026-01-22,2026-01-08,2026-01-08,2026,Europe,,nan,,,909.8851194178478,True,False,True,2,True,124,13,657,4.205,,0,,b03,0,0
GSe8dc594d8dc2,groundsource,A,89.72977,25.20604,90.10834,25.68737,2022-06-04,2022-06-25,2022-06-08,2022-06-11,2022,SouthAsia,,nan,,,824.2058121104377,False,True,True,2,True,30,10,25020,160.128,,0,,b03,0,0
GS32515a01470a,groundsource,A,99.17542,13.65325,99.69916,14.40067,2022-09-28,2022-10-17,2022-10-02,2022-10-03,2022,SoutheastAsia,,nan,,,1554.053830211408,False,True,True,2,True,33,6,2123,13.587,,5,,b03,5,1
GS41b0b230f40b,groundsource,A,152.72298,-27.96411,153.34033,-27.65632,2021-03-16,2021-04-09,2021-03-20,2021-03-26,2021,Oceania,,nan,,,956.9855948273685,False,True,False,1,True,29,9,624,3.994,,0,,b03,0,0
GSc2db38b2af19,groundsource,A,14.89426,11.98836,15.22085,12.25104,2024-10-25,2024-11-12,2024-10-29,2024-10-29,2024,Africa,,nan,,,157.12103319586424,True,False,False,1,True,18,5,4456,28.518,,2,,b03,2,1
GS251c41c0db8e,groundsource,A,106.36273,21.19354,106.89832,21.68568,2025-09-25,2025-10-17,2025-09-29,2025-10-03,2025,EastAsia,,nan,,,1036.215716465933,True,False,True,2,True,57,8,1113,7.123,,3,,b03,3,1
GS6281858f4fd6,groundsource,A,108.89324,14.28109,109.16064,14.73223,2025-11-02,2025-11-21,2025-11-06,2025-11-07,2025,SoutheastAsia,,nan,,,428.48302391907566,True,False,True,2,True,15,6,1133,7.251,,1,,b03,1,1
GS529e063b90b7,groundsource,A,11.52846,44.41644,11.88214,44.6555,2023-05-21,2023-06-08,2023-05-25,2023-05-25,2023,Europe,,nan,,,153.17050777738416,True,True,True,3,True,30,12,5406,34.598,,5,,b03,5,1
GSc2f7a49287d5,groundsource,A,19.62592,40.27476,20.51522,40.93468,2025-11-14,2025-12-06,2025-11-18,2025-11-22,2025,Europe,,nan,,,1798.807993483693,True,False,False,1,True,72,15,1494,9.562,,3,,b03,3,1
GSf4f849afc644,groundsource,A,151.25209,-33.27317,151.82856,-32.79402,2021-03-06,2021-03-24,2021-03-10,2021-03-10,2021,Oceania,,nan,,,765.7280299059483,False,True,False,1,True,26,6,878,5.619,,0,,b03,0,0
GSa79417cd782e,groundsource,A,89.72977,25.2091,89.95788,25.68737,2022-06-12,2022-07-01,2022-06-16,2022-06-17,2022,SouthAsia,,nan,,,824.2058121104377,False,True,True,2,True,23,8,20870,133.568,,5,,b03,5,1
GS48c75b4e6a0e,groundsource,A,20.42941,40.4283,20.9208,40.76624,2026-01-01,2026-01-21,2026-01-05,2026-01-07,2026,Europe,,nan,,,800.3955698437658,True,False,True,2,True,61,13,1772,11.341,,2,,b03,2,1
GS84b80cf1ba68,groundsource,A,99.17542,13.65325,99.69916,14.40067,2022-10-08,2022-10-26,2022-10-12,2022-10-12,2022,SoutheastAsia,,nan,,,1554.053830211408,False,True,True,2,True,27,5,2123,13.587,,5,,b03,5,1
GSbf41d060fa7d,groundsource,A,13.15529,11.84852,13.31153,12.04618,2024-09-06,2024-09-24,2024-09-10,2024-09-10,2024,Africa,,nan,,,146.98468414894563,True,False,False,1,True,17,5,3859,24.698,,5,,b03,5,1
GSe95297a2027e,groundsource,A,-63.59664,-17.98002,-63.12933,-17.48818,2025-12-01,2025-12-19,2025-12-05,2025-12-05,2025,SouthAmerica,,nan,,,922.2217533559781,True,False,True,2,True,15,7,439,2.81,,0,,b03,0,0
GS6e97c3ba57c8,groundsource,A,80.75859,6.26944,81.36159,6.72471,2025-11-24,2025-12-12,2025-11-28,2025-11-28,2025,SouthAsia,,nan,,,649.8468259129995,True,False,True,2,True,13,4,1055,6.752,,0,,b03,0,0
GSd1e3e65b763a,groundsource,A,6.60623,50.2208,7.28706,50.73284,2021-07-04,2021-07-22,2021-07-08,2021-07-08,2021,Europe,,nan,,,784.0586160439606,False,True,True,2,True,68,18,465,2.976,,2,,b03,2,1
GS76a199109a42,groundsource,A,-55.94214,-29.7446,-55.25849,-29.1348,2023-08-31,2023-09-23,2023-09-04,2023-09-09,2023,SouthAmerica,,nan,,,1394.649725837327,False,True,True,2,True,26,6,1510,9.664,,2,,b03,2,1
GSa460f4cd546e,groundsource,A,83.58834,27.36506,84.30582,27.672,2021-05-28,2021-06-15,2021-06-01,2021-06-01,2021,SouthAsia,,nan,,,1423.9139869461533,False,True,True,2,True,88,12,1443,9.235,,4,,b03,4,1
GSc6a101fa0cb4,groundsource,A,108.13813,15.50685,108.59372,15.90821,2025-11-03,2025-11-22,2025-11-07,2025-11-08,2025,SoutheastAsia,,nan,,,422.35955663996987,True,False,True,2,True,28,10,12068,77.235,,5,,b03,5,1
GS46e42b9f24da,groundsource,A,88.64577,25.65902,89.28429,26.39021,2023-06-11,2023-07-03,2023-06-15,2023-06-19,2023,SouthAsia,,nan,,,1647.2762489021948,False,True,False,1,True,28,10,13691,87.622,,5,,b03,5,1
GS0c66ac685f76,groundsource,A,151.38605,-33.27182,151.76449,-32.79579,2021-03-25,2021-04-13,2021-03-29,2021-03-30,2021,Oceania,,nan,,,765.7280299059483,False,True,False,1,True,36,8,1020,6.528,,0,,b03,0,0
GSde947900e30d,groundsource,A,32.49997,15.37554,32.78206,15.81718,2020-08-06,2020-08-24,2020-08-10,2020-08-10,2020,Africa,,nan,,,421.97722983713476,False,True,True,2,True,10,4,1447,9.261,,5,,b03,5,1
GS4b77d52c9d0d,groundsource,A,84.97926,25.31359,85.70288,25.7391,2022-06-25,2022-07-13,2022-06-29,2022-06-29,2022,SouthAsia,,nan,,,618.4701238912385,False,True,True,2,True,22,9,1891,12.102,,4,,b03,4,1
GSa86dee943506,groundsource,A,19.62592,40.27476,20.51522,40.93468,2025-11-28,2025-12-16,2025-12-02,2025-12-02,2025,Europe,,nan,,,1798.807993483693,True,False,False,1,True,61,13,801,5.126,,1,,b03,1,1
GS4b717d24a899,groundsource,A,13.16602,11.85581,13.39981,12.12262,2024-09-06,2024-09-24,2024-09-10,2024-09-10,2024,Africa,,nan,,,101.64378963078774,True,False,False,1,True,17,5,7932,50.765,,5,,b03,5,1
GS5cef1027394d,groundsource,A,80.50666,7.66302,80.89234,8.09893,2025-11-23,2025-12-12,2025-11-27,2025-11-28,2025,SouthAsia,,nan,,,587.6364361403488,True,False,True,2,True,28,5,1229,7.866,,0,,b03,0,0
GS1a3d7bf0db85,groundsource,A,19.3192,40.28418,19.72373,40.74168,2026-01-02,2026-01-22,2026-01-06,2026-01-08,2026,Europe,,nan,,,667.6110154083907,True,False,True,2,True,66,14,1551,9.926,,2,,b03,2,1
GSdd576a24a957,groundsource,A,-80.49895,-0.96145,-80.44357,-0.89268,2025-02-24,2025-03-16,2025-02-28,2025-03-02,2025,SouthAmerica,,nan,,,761.0979646082226,True,False,True,2,True,8,5,659,4.218,,1,,b03,1,1
GS1d68c3c4a77a,groundsource,A,83.58217,27.35208,84.49363,27.87324,2021-06-09,2021-07-01,2021-06-13,2021-06-17,2021,SouthAsia,,nan,,,1423.9139869461533,False,True,True,2,True,109,15,14241,91.142,,5,,b03,5,1
GS608c68076621,groundsource,A,108.73706,14.50717,109.08781,14.99387,2025-10-15,2025-11-03,2025-10-19,2025-10-20,2025,SoutheastAsia,,nan,,,397.66012662699154,True,False,True,2,True,10,4,5320,34.048,,0,,b03,0,0
GSfd1f8e885f4e,groundsource,A,-55.94203,-29.7446,-55.25849,-29.14563,2023-09-07,2023-09-27,2023-09-11,2023-09-13,2023,SouthAmerica,,nan,,,1394.649725837327,False,True,True,2,True,20,5,2367,15.149,,3,,b03,3,1
GSbe4023df7faf,groundsource,A,88.65612,25.65902,89.28429,26.39009,2023-09-27,2023-10-21,2023-10-01,2023-10-07,2023,SouthAsia,,nan,,,1647.2762489021948,False,True,False,1,True,34,12,10695,68.448,,5,,b03,5,1
GS10aee3d047ed,groundsource,A,122.06025,-3.40263,122.18859,-3.21508,2020-07-06,2020-07-29,2020-07-10,2020-07-15,2020,SoutheastAsia,,nan,,,1297.457817311279,False,True,True,2,True,31,12,899,5.754,,0,,b03,0,0
GS6b222d95e91f,groundsource,A,-69.84977,19.04066,-69.14952,19.35054,2023-11-13,2023-12-03,2023-11-17,2023-11-19,2023,NorthAmerica,,nan,,,849.5351135829778,False,True,True,2,True,11,6,4913,31.443,,5,,b03,5,1
GS4cdd399e385c,groundsource,A,153.18982,-29.44905,153.36183,-29.2162,2022-02-24,2022-03-18,2022-02-28,2022-03-04,2022,Oceania,,nan,,,74.31476084812591,False,True,True,2,True,7,3,1410,9.024,,0,,b03,0,0
GSf009e3bb556f,groundsource,A,-42.73275,-12.76094,-42.29807,-12.30813,2021-12-22,2022-01-09,2021-12-26,2021-12-26,2021,SouthAmerica,,nan,,,1853.0535416165485,False,True,True,2,True,25,5,588,3.763,,0,,b03,0,0
GS47b0cda8f798,groundsource,A,108.61793,-7.42596,109.07851,-6.76794,2021-01-07,2021-01-25,2021-01-11,2021-01-11,2021,SoutheastAsia,,nan,,,1761.0177361527735,False,True,True,2,True,25,10,2419,15.482,,5,,b03,5,1
GS39c72b0e44eb,groundsource,A,34.76564,-0.33393,34.96327,-0.16463,2020-03-22,2020-04-12,2020-03-26,2020-03-29,2020,Africa,,nan,,,398.79853106755445,False,True,True,2,True,20,9,596,3.814,,0,,b03,0,0
GS6084d7aaeb27,groundsource,A,93.83525,26.80978,94.55693,27.20798,2022-06-22,2022-07-11,2022-06-26,2022-06-27,2022,SouthAsia,,nan,,,604.6783851838029,False,True,True,2,True,20,6,24501,156.806,,5,,b03,5,1
GS1b419a787eee,groundsource,A,101.01576,15.40467,101.37585,15.94593,2022-10-09,2022-10-29,2022-10-13,2022-10-15,2022,SoutheastAsia,,nan,,,1517.1369067670967,False,True,True,2,True,40,13,6516,41.702,,5,,b03,5,1
GS520ee6af74e7,groundsource,A,81.04175,7.79181,81.41307,8.32967,2025-11-18,2025-12-06,2025-11-22,2025-11-22,2025,SouthAsia,,nan,,,567.0939700174393,True,False,True,2,True,23,6,23103,147.859,,5,,b04,5,1
GSc8ca6d29172f,groundsource,A,-90.54888,32.49075,-89.62044,32.97757,2020-02-17,2020-03-09,2020-02-21,2020-02-24,2020,NorthAmerica,,nan,,,1917.7080345186039,False,True,False,1,True,31,7,4192,26.829,,5,,b04,5,1
GSb11d44dedf2f,groundsource,A,-73.84569,7.10762,-73.31521,7.76764,2020-11-19,2020-12-08,2020-11-23,2020-11-24,2020,CentralAmericaCaribbean,,nan,,,1453.0410605133843,False,True,True,2,True,29,7,639,4.09,,0,,b04,0,0
GSb2c61ea0247b,groundsource,A,83.58217,27.35208,84.52353,27.87378,2021-06-27,2021-07-16,2021-07-01,2021-07-02,2021,SouthAsia,,nan,,,1423.9139869461533,False,True,True,2,True,103,14,13030,83.392,,5,,b04,5,1
GSe7b7d5b8fe3b,groundsource,A,107.88229,15.95631,108.1757,16.29045,2025-10-30,2025-11-17,2025-11-03,2025-11-03,2025,SoutheastAsia,,nan,,,353.8496667138824,True,False,True,2,True,54,15,1032,6.605,,1,,b04,1,1
GSe98854741d69,groundsource,A,88.65718,25.67779,89.28429,26.39008,2023-10-10,2023-10-28,2023-10-14,2023-10-14,2023,SouthAsia,,nan,,,1647.2762489021948,False,True,False,1,True,28,10,6650,42.56,,5,,b04,5,1
GSf515ff156d38,groundsource,A,102.3034,5.56516,102.75955,6.03784,2020-12-13,2021-01-01,2020-12-17,2020-12-18,2020,SoutheastAsia,,nan,,,1223.2623731803174,False,True,True,2,True,21,6,3414,21.85,,5,,b04,5,1
GS4389b1c8ef32,groundsource,A,7.58907,7.81525,8.25311,8.08828,2022-10-02,2022-10-20,2022-10-06,2022-10-06,2022,Africa,,nan,,,997.0172681603542,False,True,True,2,True,14,5,29348,187.827,,5,,b04,5,1
GS15331d37bbab,groundsource,A,80.81393,27.60677,81.38909,28.28821,2020-07-25,2020-08-13,2020-07-29,2020-07-30,2020,SouthAsia,,nan,,,1119.5751198213163,False,True,True,2,True,25,9,13648,87.347,,5,,b04,5,1
GS97b751eb6974,groundsource,A,108.61793,-7.42589,109.06108,-6.78457,2021-01-14,2021-02-01,2021-01-18,2021-01-18,2021,SoutheastAsia,,nan,,,1761.0177361527735,False,True,True,2,True,28,10,2666,17.062,,5,,b04,5,1
GSffebaa9bef53,groundsource,A,-69.84977,19.04066,-69.14952,19.35054,2023-11-17,2023-12-05,2023-11-21,2023-11-21,2023,NorthAmerica,,nan,,,849.5351135829778,False,True,True,2,True,12,6,4994,31.962,,5,,b04,5,1
GS33bc55cc3b1a,groundsource,A,-42.73275,-12.76094,-42.29807,-12.30813,2021-12-25,2022-01-14,2021-12-29,2021-12-31,2021,SouthAmerica,,nan,,,1853.0535416165485,False,True,True,2,True,25,5,607,3.885,,0,,b04,0,0
GS8a4ca7843015,groundsource,A,92.92657,26.48623,93.61642,26.67751,2022-06-15,2022-07-04,2022-06-19,2022-06-20,2022,SouthAsia,,nan,,,546.6397706724017,False,True,True,2,True,25,7,6789,43.45,,5,,b04,5,1
GS237449557fdc,groundsource,A,105.81571,20.53174,106.35069,21.07497,2025-10-02,2025-10-23,2025-10-06,2025-10-09,2025,EastAsia,,nan,,,936.5890227808565,True,False,True,2,True,22,8,2735,17.504,,5,,b04,5,1
GS3cf35d84dd1e,groundsource,A,22.99179,49.51507,23.2957,49.64213,2020-06-17,2020-07-11,2020-06-21,2020-06-27,2020,Europe,,nan,,,1241.7093792468627,False,True,True,2,True,83,24,500,3.2,,1,,b04,1,1
GSf192cc16843f,groundsource,A,81.04175,7.79181,81.41307,8.32967,2025-11-23,2025-12-16,2025-11-27,2025-12-02,2025,SouthAsia,,nan,,,567.0939700174393,True,False,True,2,True,31,7,23175,148.32,,5,,b04,5,1
GScebc15ac4c95,groundsource,A,11.53377,44.52476,11.89951,44.74904,2023-04-27,2023-05-18,2023-05-01,2023-05-04,2023,Europe,,nan,,,119.0027818602362,True,True,True,3,True,35,14,1202,7.693,,4,,b04,4,1
GS984f578fa0a9,groundsource,A,84.38899,26.90118,85.06453,27.54052,2021-06-25,2021-07-16,2021-06-29,2021-07-02,2021,SouthAsia,,nan,,,1396.9961389123873,False,True,True,2,True,57,11,25021,160.134,,5,,b04,5,1
GS6ea43e959777,groundsource,A,20.71084,40.62489,21.61857,40.8114,2025-11-06,2025-11-24,2025-11-10,2025-11-10,2025,Europe,,nan,,,1726.7008428172649,True,False,False,1,True,64,13,1720,11.008,,4,,b04,4,1
GS0bd0bb53f9ea,groundsource,A,152.9282,-29.74544,153.18054,-29.50852,2020-12-11,2020-12-30,2020-12-15,2020-12-16,2020,Oceania,,nan,,,62.38035145932747,False,True,False,1,True,10,4,8660,55.424,,0,,b04,0,0
GS812f831908bf,groundsource,A,94.30733,26.69521,95.03528,27.35567,2023-06-14,2023-07-03,2023-06-18,2023-06-19,2023,SouthAsia,,nan,,,1637.8357447333426,False,True,False,1,True,21,6,31196,199.654,,5,,b04,5,1
GS8ac95d2881b7,groundsource,A,19.34663,41.58365,19.96422,42.02658,2026-01-02,2026-01-20,2026-01-06,2026-01-06,2026,Europe,,nan,,,502.2267815250309,True,False,True,2,True,113,12,3325,21.28,,4,,b04,4,1
GS1b7fc4a5af26,groundsource,A,102.30354,5.57817,102.75878,6.00963,2020-12-27,2021-01-14,2020-12-31,2020-12-31,2020,SoutheastAsia,,nan,,,1223.2623731803174,False,True,True,2,True,15,4,1867,11.949,,5,,b04,5,1
GS943123cf3c57,groundsource,A,7.58907,7.82393,8.25309,8.08828,2022-10-10,2022-10-28,2022-10-14,2022-10-14,2022,Africa,,nan,,,997.0172681603542,False,True,True,2,True,12,4,26344,168.602,,5,,b04,5,1
GScbf74a317896,groundsource,A,81.43201,26.80452,82.03471,27.40491,2020-07-08,2020-07-26,2020-07-12,2020-07-12,2020,SouthAsia,,nan,,,1025.9662842355847,False,True,True,2,True,43,10,36896,236.134,,5,,b04,5,1
GScf1a60b46fe2,groundsource,A,126.32188,35.28514,126.76741,36.47316,2021-07-01,2021-07-22,2021-07-05,2021-07-08,2021,EastAsia,,nan,,,599.7681118527177,False,True,True,2,True,44,11,2618,16.755,,0,,b04,0,0
GS8e0ca9a436f1,groundsource,A,-71.45496,-35.65053,-70.26741,-34.80566,2023-08-15,2023-09-04,2023-08-19,2023-08-21,2023,SouthAmerica,,nan,,,1339.637406256783,False,True,True,2,True,29,4,4695,30.048,,0,,b04,0,0
GSe2294bbcaab0,groundsource,A,88.65591,26.3084,89.05929,26.78716,2022-06-21,2022-07-09,2022-06-25,2022-06-25,2022,SouthAsia,,nan,,,517.7917822505,False,True,True,2,True,29,10,7178,45.939,,5,,b04,5,1
GS744ab5a6a4b1,groundsource,A,14.88576,51.33185,15.98343,51.85734,2024-09-09,2024-09-27,2024-09-13,2024-09-13,2024,Europe,,nan,,,1125.0800073763014,True,False,True,2,True,36,13,2254,14.426,,3,,b04,3,1
GSa71c7b8f6849,groundsource,A,99.26916,16.0662,99.52765,16.51434,2022-09-28,2022-10-16,2022-10-02,2022-10-02,2022,SoutheastAsia,,nan,,,1472.1621269804107,False,True,True,2,True,18,6,307,1.965,,0,,b04,0,0
GSf14e597b21db,groundsource,A,-40.26937,-18.40205,-39.49035,-17.67987,2021-11-27,2021-12-15,2021-12-01,2021-12-01,2021,SouthAmerica,,nan,,,1766.701147537653,False,True,True,2,True,11,8,484,3.098,,0,,b04,0,0
GScd25585b35e5,groundsource,A,80.93957,7.57511,81.31345,8.01519,2025-11-18,2025-12-06,2025-11-22,2025-11-22,2025,SouthAsia,,nan,,,560.5646887016377,True,False,True,2,True,10,4,5631,36.038,,5,,b04,5,1
GS2bc5c1f6c732,groundsource,A,22.99179,49.51507,23.2957,49.64213,2020-06-29,2020-07-20,2020-07-03,2020-07-06,2020,Europe,,nan,,,1241.7093792468627,False,True,True,2,True,70,21,476,3.046,,1,,b04,1,1
GS311dcdcdc78e,groundsource,A,103.01572,-3.07646,103.64584,-2.72465,2023-03-07,2023-03-31,2023-03-11,2023-03-17,2023,SoutheastAsia,,nan,,,1844.279397324773,False,True,False,1,True,30,6,320,2.048,,0,,b04,0,0
GS7affda1869bd,groundsource,A,-83.62809,14.86275,-83.30807,15.27374,2022-09-23,2022-10-13,2022-09-27,2022-09-29,2022,NorthAmerica,,nan,,,613.7114786705716,False,True,True,2,True,47,5,2095,13.408,,0,,b04,0,0
GSabafae480723,groundsource,A,83.11226,27.25237,83.72185,27.59114,2021-05-28,2021-06-15,2021-06-01,2021-06-01,2021,SouthAsia,,nan,,,1304.8051031921739,False,True,True,2,True,88,12,5404,34.586,,5,,b04,5,1
GS7f325002487a,groundsource,A,11.53008,44.46234,11.92171,44.74906,2023-05-06,2023-05-25,2023-05-10,2023-05-11,2023,Europe,,nan,,,119.0027818602362,True,True,True,3,True,33,13,5622,35.981,,5,,b04,5,1
GS20098774ad25,groundsource,A,-97.98322,27.74836,-97.07601,28.25683,2020-07-21,2020-08-10,2020-07-25,2020-07-27,2020,NorthAmerica,,nan,,,1848.320186540579,False,True,False,1,True,17,8,410,2.624,,1,,b04,1,1
GS7d41ef70f7a6,groundsource,A,94.30799,26.75296,95.03528,27.35567,2023-06-19,2023-07-08,2023-06-23,2023-06-24,2023,SouthAsia,,nan,,,1637.8357447333426,False,True,False,1,True,27,7,29841,190.982,,5,,b04,5,1
GSa8625c4bfb1e,groundsource,A,150.73318,-33.49829,150.96723,-33.23764,2021-03-18,2021-04-07,2021-03-22,2021-03-24,2021,Oceania,,nan,,,525.7109871364011,False,True,False,1,True,34,7,900,5.76,,0,,b04,0,0
GS9b0a665ac742,groundsource,A,6.40076,5.15379,6.84783,5.80417,2022-10-22,2022-11-09,2022-10-26,2022-10-26,2022,Africa,,nan,,,978.3100669312969,False,True,True,2,True,28,5,2476,15.846,,0,,b04,0,0
GS97db5dba19aa,groundsource,A,68.20955,25.08403,68.72308,25.61613,2020-08-11,2020-08-29,2020-08-15,2020-08-15,2020,SouthAsia,,nan,,,1014.1960527289968,False,True,True,2,True,23,9,4743,30.355,,5,,b04,5,1
GS4d4cb27e8e00,groundsource,A,19.34663,41.58365,19.96422,42.02658,2026-01-04,2026-01-23,2026-01-08,2026-01-09,2026,Europe,,nan,,,502.2267815250309,True,False,True,2,True,136,14,3379,21.626,,4,,b04,4,1
GSad9102f1195b,groundsource,A,-68.88687,18.68071,-68.61455,18.99487,2023-11-04,2023-11-23,2023-11-08,2023-11-09,2023,NorthAmerica,,nan,,,321.59707807353493,False,True,True,2,True,16,6,418,2.675,,0,,b04,0,0
GSbdeb14096ab8,groundsource,A,153.06489,-29.05928,153.31322,-28.8322,2022-02-22,2022-03-12,2022-02-26,2022-02-26,2022,Oceania,,nan,,,63.81036256321802,False,True,True,2,True,8,3,17732,113.485,,1,,b04,1,1
GSd699dc5678c6,groundsource,A,46.93956,-15.81447,47.14256,-15.58275,2020-01-16,2020-02-09,2020-01-20,2020-01-26,2020,Africa,,nan,,,272.3820730242386,False,True,True,2,True,29,7,766,4.902,,1,,b04,1,1
GS280d1ee80873,groundsource,A,-63.12979,-17.91787,-62.74985,-17.57645,2025-12-08,2025-12-30,2025-12-12,2025-12-16,2025,SouthAmerica,,nan,,,665.4021828815422,True,False,True,2,True,15,7,519,3.322,,0,,b04,0,0
GS79057181f2bd,groundsource,A,93.9686,27.13638,94.41708,27.49906,2022-06-13,2022-07-04,2022-06-17,2022-06-20,2022,SouthAsia,,nan,,,516.2878919887312,False,True,True,2,True,28,8,17079,109.306,,5,,b04,5,1
GSa79125488d23,groundsource,A,99.21632,16.07241,99.84985,16.7668,2022-09-18,2022-10-12,2022-09-22,2022-09-28,2022,SoutheastAsia,,nan,,,1459.5702548635566,False,True,True,2,True,24,8,11015,70.496,,5,,b04,5,1
GS0ea6ca616e3a,groundsource,A,-72.29804,-35.94213,-71.65896,-35.40671,2023-08-17,2023-09-04,2023-08-21,2023-08-21,2023,SouthAmerica,,nan,,,1329.0753723976934,False,True,True,2,True,17,4,921,5.894,,0,,b04,0,0
GSe7f716e2a5d1,groundsource,A,80.92214,7.57511,81.31345,8.01519,2025-11-23,2025-12-16,2025-11-27,2025-12-02,2025,SouthAsia,,nan,,,560.5646887016377,True,False,True,2,True,14,5,5662,36.237,,5,,b05,5,1
GS1e827b8668be,groundsource,A,16.43308,50.71987,17.52385,51.36477,2024-09-12,2024-10-01,2024-09-16,2024-09-17,2024,Europe,,nan,,,1122.8066524860067,True,False,True,2,True,36,12,7912,50.637,,5,,b05,5,1
GS2064bd188787,groundsource,A,83.11226,27.25237,83.72813,27.84374,2021-06-09,2021-07-03,2021-06-13,2021-06-19,2021,SouthAsia,,nan,,,1304.8051031921739,False,True,True,2,True,120,16,53178,340.339,,5,,b05,5,1
GSe96fe2f19b6e,groundsource,A,104.77014,21.76767,105.24045,22.42249,2025-09-25,2025-10-15,2025-09-29,2025-10-01,2025,EastAsia,,nan,,,891.3251816642589,True,False,True,2,True,34,7,1754,11.226,,1,,b05,1,1
GS07c70d4477ef,groundsource,A,107.75638,15.60723,107.96686,15.8866,2025-10-17,2025-11-04,2025-10-21,2025-10-21,2025,SoutheastAsia,,nan,,,212.22028094407543,True,False,True,2,True,22,8,2019,12.922,,1,,b05,1,1
GSb0e515b74614,groundsource,A,149.98176,-31.22123,150.47539,-30.78478,2021-03-10,2021-03-28,2021-03-14,2021-03-14,2021,Oceania,,nan,,,521.1802771153191,False,True,False,1,True,21,7,871,5.574,,1,,b05,1,1
GS22eb80ec754a,groundsource,A,32.17418,-26.23061,32.55497,-25.9205,2023-02-20,2023-03-12,2023-02-24,2023-02-26,2023,Africa,,nan,,,809.4577805067369,False,True,True,2,True,23,9,2514,16.09,,0,,b05,0,0
GS6abf7945b556,groundsource,A,94.30725,26.68872,95.03528,27.35567,2023-07-03,2023-07-24,2023-07-07,2023-07-10,2023,SouthAsia,,nan,,,1637.8357447333426,False,True,False,1,True,27,7,40640,260.096,,5,,b05,5,1
GS5745b193c5fe,groundsource,A,128.28849,36.14119,128.9569,36.60269,2023-07-16,2023-08-03,2023-07-20,2023-07-20,2023,EastAsia,,nan,,,1160.3019370128764,False,True,False,1,True,13,3,760,4.864,,0,,b05,0,0
GS5f562f2c81d4,groundsource,A,108.84654,14.50448,109.04184,14.9753,2020-10-02,2020-10-23,2020-10-06,2020-10-09,2020,SoutheastAsia,,nan,,,1113.1640894021698,False,True,True,2,True,36,11,2045,13.088,,4,,b05,4,1
GS9d26f3847f6f,groundsource,A,-97.85839,21.27145,-97.49942,21.69699,2025-10-03,2025-10-27,2025-10-07,2025-10-13,2025,NorthAmerica,,nan,,,401.564173328405,True,False,False,1,True,60,13,614,3.93,,0,,b05,0,0
GS3477c087ec25,groundsource,A,153.06489,-29.05928,153.31322,-28.8322,2022-02-25,2022-03-17,2022-03-01,2022-03-03,2022,Oceania,,nan,,,63.81036256321802,False,True,True,2,True,7,3,17508,112.051,,1,,b05,1,1
GS81f35aa89659,groundsource,A,6.58818,6.11638,7.00722,6.87605,2022-10-22,2022-11-10,2022-10-26,2022-10-27,2022,Africa,,nan,,,952.0858002454464,False,True,True,2,True,14,4,52331,334.918,,5,,b05,5,1
GSaf0a7276ef2f,groundsource,A,-68.65787,18.68008,-68.61502,18.83995,2023-11-02,2023-11-24,2023-11-06,2023-11-10,2023,NorthAmerica,,nan,,,298.42597586462733,False,True,True,2,True,7,6,405,2.592,,0,,b05,0,0
GSa5ea88aea401,groundsource,A,153.16844,-29.08886,153.3529,-28.89066,2020-12-11,2020-12-31,2020-12-15,2020-12-17,2020,Oceania,,nan,,,27.962162369252024,False,True,False,1,True,10,4,2978,19.059,,0,,b05,0,0
GSc835c0e50136,groundsource,A,94.11389,27.13638,94.41708,27.49796,2022-06-23,2022-07-12,2022-06-27,2022-06-28,2022,SouthAsia,,nan,,,516.2878919887312,False,True,True,2,True,26,7,16305,104.352,,5,,b05,5,1
GS3974abd616b7,groundsource,A,19.74289,40.09847,20.24128,40.46236,2026-01-02,2026-01-21,2026-01-06,2026-01-07,2026,Europe,,nan,,,443.97204195930954,True,False,True,2,True,61,13,314,2.01,,0,,b05,0,0
GSb10001b56808,groundsource,A,105.17742,14.41475,105.65644,15.02751,2022-09-24,2022-10-12,2022-09-28,2022-09-28,2022,SoutheastAsia,,nan,,,1447.7883627592294,False,True,True,2,True,26,10,390,2.496,,0,,b05,0,0
GS63da3943c929,groundsource,A,-80.1212,-2.13192,-79.77068,-1.70331,2025-02-16,2025-03-06,2025-02-20,2025-02-20,2025,SouthAmerica,,nan,,,462.99113398416824,True,False,True,2,True,11,4,18015,115.296,,5,,b05,5,1
GS21ad62d90651,groundsource,A,79.87457,8.4525,80.21882,8.87444,2025-11-22,2025-12-15,2025-11-26,2025-12-01,2025,SouthAsia,,nan,,,445.3253556153639,True,False,True,2,True,42,7,10044,64.282,,5,,b05,5,1
GS4e74c577d820,groundsource,A,6.69972,50.74919,7.25203,51.15748,2021-07-05,2021-07-23,2021-07-09,2021-07-09,2021,Europe,,nan,,,394.01189688911086,False,True,True,2,True,74,19,488,3.123,,0,,b05,0,0
GS6c36b1ffbf9c,groundsource,A,-87.93102,15.37626,-87.83804,15.6659,2022-09-22,2022-10-10,2022-09-26,2022-09-26,2022,NorthAmerica,,nan,,,148.68206146787003,False,True,True,2,True,25,8,535,3.424,,0,,b05,0,0
GS8506b0894dfb,groundsource,A,149.96498,-31.22106,150.46704,-30.78439,2021-03-25,2021-04-13,2021-03-29,2021-03-30,2021,Oceania,,nan,,,521.1802771153191,False,True,False,1,True,24,8,5257,33.645,,5,,b05,5,1
GSae7bc8212ca0,groundsource,A,17.57554,47.65773,18.65953,48.06469,2024-09-15,2024-10-03,2024-09-19,2024-09-19,2024,Europe,,nan,,,1096.8055581054584,True,False,True,2,True,73,16,1006,6.438,,1,,b05,1,1
GSdb82b2ee9f45,groundsource,A,153.37028,-28.31851,153.50666,-28.05089,2022-02-18,2022-03-11,2022-02-22,2022-02-25,2022,Oceania,,nan,,,61.62277855868607,False,True,True,2,True,10,4,613,3.923,,0,,b05,0,0
GSf0e6dd0f9790,groundsource,A,91.65781,26.12133,92.46509,26.74699,2023-06-28,2023-07-17,2023-07-02,2023-07-03,2023,SouthAsia,,nan,,,1594.6151065905271,False,True,False,1,True,27,8,21253,136.019,,5,,b05,5,1
GS933cecaff6aa,groundsource,A,105.31066,22.19204,105.67757,22.48007,2025-09-24,2025-10-16,2025-09-28,2025-10-02,2025,EastAsia,,nan,,,875.9997173191279,True,False,True,2,True,17,7,319,2.042,,0,,b05,0,0
GS0e9f72eaed04,groundsource,A,25.10715,49.03318,26.06114,49.49862,2020-06-09,2020-06-27,2020-06-13,2020-06-13,2020,Europe,,nan,,,1139.9597499023184,False,True,True,2,True,63,19,7704,49.306,,5,,b05,5,1
GSbaaf58b58b5d,groundsource,A,108.52315,14.46806,109.01171,14.97504,2020-10-17,2020-11-04,2020-10-21,2020-10-21,2020,SoutheastAsia,,nan,,,1113.1640894021698,False,True,True,2,True,53,12,3288,21.043,,5,,b05,5,1
GS15a5f6da6378,groundsource,A,-41.35605,-15.24642,-41.01463,-14.63609,2021-12-29,2022-01-22,2022-01-02,2022-01-08,2022,SouthAmerica,,nan,,,779.8403243647267,False,True,True,2,True,18,5,483,3.091,,0,,b05,0,0
GSd7d0511b0d25,groundsource,A,88.83072,24.77618,89.36044,25.35461,2020-06-20,2020-07-08,2020-06-24,2020-06-24,2020,SouthAsia,,nan,,,961.2778951773195,False,True,True,2,True,52,9,9485,60.704,,0,,b05,0,0
GS7f17ff5a2f08,groundsource,A,22.73281,39.43208,22.88608,39.53673,2023-08-31,2023-09-20,2023-09-04,2023-09-06,2023,Europe,,nan,,,59.751494879137724,True,True,True,3,True,55,15,7001,44.806,,2,,b05,2,1
GS87c777238172,groundsource,A,14.9178,12.03901,15.20834,12.23803,2020-08-27,2020-09-16,2020-08-31,2020-09-02,2020,Africa,,nan,,,157.12103319586424,False,True,True,2,True,20,8,467,2.989,,1,,b05,1,1
GS26e189754f76,groundsource,A,90.49977,25.91072,91.00888,26.28811,2022-06-16,2022-07-04,2022-06-20,2022-06-20,2022,SouthAsia,,nan,,,480.08611705719414,False,True,True,2,True,26,9,37804,241.946,,5,,b05,5,1
GS6369340e6d5b,groundsource,A,8.59959,45.08789,9.66132,45.71123,2025-04-12,2025-05-01,2025-04-16,2025-04-17,2025,Europe,,nan,,,1576.6926607367334,True,False,False,1,True,33,12,17929,114.746,,5,,b05,5,1
GSdada05acdaa2,groundsource,A,20.11644,42.02824,20.64504,42.37833,2026-01-09,2026-01-27,2026-01-13,2026-01-13,2026,Europe,,nan,,,383.7892936304321,True,False,True,2,True,57,13,380,2.432,,0,,b05,0,0
DFO4993,dfo,C,150.15663,-30.57713,153.56344,-23.34143,2020-12-08,2020-12-29,2020-12-12,2020-12-15,2020,Oceania,Australia,1.5,Heavy rain,,139898.16894133,,,,,True,131,13,231695,1482.848,DFO Severity 1.5,5,,b05,5,1
GSb1ace40cb15c,groundsource,A,39.33956,0.36872,39.77022,0.65609,2023-11-06,2023-11-24,2023-11-10,2023-11-10,2023,Africa,,nan,,,776.2775067052665,False,True,True,2,True,15,6,1298,8.307,,0,,b05,0,0
GS3aaa04d1104d,groundsource,A,105.59339,22.35072,105.66234,22.4724,2024-08-31,2024-09-18,2024-09-04,2024-09-04,2024,EastAsia,,nan,,,916.5897614629412,True,False,False,1,True,17,7,320,2.048,,0,,b05,0,0
GSeb8e60e07d56,groundsource,A,14.4119,52.02545,15.16395,52.6489,2024-09-09,2024-09-27,2024-09-13,2024-09-13,2024,Europe,,nan,,,1002.1745253287647,True,False,True,2,True,70,13,9117,58.349,,1,,b05,1,1
GS9f7208c6c557,groundsource,A,108.24788,-7.05423,108.9156,-6.44143,2020-12-26,2021-01-13,2020-12-30,2020-12-30,2020,SoutheastAsia,,nan,,,1082.8546661566434,False,True,True,2,True,13,7,13005,83.232,,0,,b05,0,0
GScfdf257e0d1a,groundsource,A,6.58071,5.16502,6.88505,5.69839,2022-10-03,2022-10-21,2022-10-07,2022-10-07,2022,Africa,,nan,,,883.9746566420553,False,True,True,2,True,28,7,1095,7.008,,0,,b05,0,0
GSb370e38a6cd9,groundsource,A,108.40896,13.02315,108.91725,13.54963,2021-11-23,2021-12-15,2021-11-27,2021-12-01,2021,SoutheastAsia,,nan,,,1631.0765962137461,False,True,True,2,True,95,11,1599,10.234,,5,,b05,5,1
GS3f27c08fdfd9,groundsource,A,-69.92515,43.72888,-69.16875,44.40587,2023-12-14,2024-01-01,2023-12-18,2023-12-18,2023,NorthAmerica,,nan,,,1803.0772841565802,False,True,False,1,True,19,10,1930,12.352,,0,,b05,0,0
GS8b46cedf8047,groundsource,A,14.93692,12.03901,15.20834,12.23514,2020-09-01,2020-09-19,2020-09-05,2020-09-05,2020,Africa,,nan,,,157.12103319586424,False,True,True,2,True,13,5,333,2.131,,0,,b05,0,0
GS58e20e2ca87c,groundsource,A,91.82401,26.17341,92.24343,26.64928,2022-06-13,2022-07-01,2022-06-17,2022-06-17,2022,SouthAsia,,nan,,,448.56312485317085,False,True,True,2,True,23,8,62241,398.342,,5,,b05,5,1
GS9dae19f7c03b,groundsource,A,99.40107,15.28304,99.78097,15.8525,2022-10-09,2022-10-27,2022-10-13,2022-10-13,2022,SoutheastAsia,,nan,,,1443.9629586180765,False,True,True,2,True,15,5,2118,13.555,,4,,b05,4,1
GS6bdc4b2d874e,groundsource,A,-91.91411,30.40985,-91.21987,31.08709,2021-05-14,2021-06-01,2021-05-18,2021-05-18,2021,NorthAmerica,,nan,,,1530.2161692715113,False,True,False,1,True,10,4,3926,25.126,,5,,b05,5,1
GS765520699a7a,groundsource,A,32.13947,15.25097,32.59082,15.76864,2021-08-02,2021-08-25,2021-08-06,2021-08-11,2021,Africa,,nan,,,1220.8023286074267,False,True,False,1,True,13,5,1711,10.95,,5,,b05,5,1
GSfc1087ce721d,groundsource,A,79.73578,7.68286,79.96243,8.0445,2025-12-05,2025-12-23,2025-12-09,2025-12-09,2025,SouthAsia,,nan,,,246.7277731350884,True,False,True,2,True,26,5,419,2.682,,0,,b05,0,0
DFO4983,dfo,C,175.92279,-40.33138,177.51621,-38.7405,2020-11-05,2020-11-26,2020-11-09,2020-11-12,2020,Oceania,New Zealand,1.5,Heavy rain,,17253.103534491,,,,,True,36,7,562,3.597,DFO Severity 1.5,0,,b06,0,0
GS3ba041ac7305,groundsource,A,86.823,26.37663,87.25998,26.77764,2021-05-28,2021-06-15,2021-06-01,2021-06-01,2021,SouthAsia,,nan,,,1185.7424289054204,False,True,True,2,True,28,10,1371,8.774,,0,,b06,0,0
GS73c23ff72a68,groundsource,A,-5.76136,36.98884,-5.38556,37.35334,2026-01-18,2026-02-06,2026-01-22,2026-01-23,2026,Europe,,nan,,,207.405254421873,True,False,True,2,True,23,9,388,2.483,,0,,b06,0,0
GS56d59219fdd3,groundsource,A,174.90066,-37.24709,175.35518,-36.94164,2023-02-08,2023-02-28,2023-02-12,2023-02-14,2023,Oceania,,nan,,,219.7207786352104,False,True,False,1,True,21,9,599,3.834,,0,,b06,0,0
GSd2a6d4a8bdb3,groundsource,A,6.56555,5.16496,6.88505,5.69839,2022-10-08,2022-10-26,2022-10-12,2022-10-12,2022,Africa,,nan,,,883.9746566420553,False,True,True,2,True,30,6,1260,8.064,,0,,b06,0,0
GS6745fc209049,groundsource,A,-79.75895,-2.31664,-79.38386,-1.8952,2025-02-13,2025-03-03,2025-02-17,2025-02-17,2025,SouthAmerica,,nan,,,405.64183176221513,True,False,True,2,True,27,10,13019,83.322,,5,,b06,5,1
GS1cc354b953dd,groundsource,A,91.8862,26.09761,92.64848,26.59264,2023-06-13,2023-07-04,2023-06-17,2023-06-20,2023,SouthAsia,,nan,,,1495.0917634864118,False,True,False,1,True,42,9,30728,196.659,,5,,b06,5,1
GS387921646ddc,groundsource,A,108.62671,13.17372,109.26544,13.61264,2020-10-06,2020-10-25,2020-10-10,2020-10-11,2020,SoutheastAsia,,nan,,,1029.9007896619742,False,True,True,2,True,27,7,474,3.034,,0,,b06,0,0
GS1df86adbf0ee,groundsource,A,151.01505,-28.93859,151.26665,-28.80308,2021-03-18,2021-04-07,2021-03-22,2021-03-24,2021,Oceania,,nan,,,435.4373612492023,False,True,False,1,True,21,11,3362,21.517,,0,,b06,0,0
GS323dd0fe386d,groundsource,A,-50.29929,-29.36831,-49.83106,-29.10877,2023-08-30,2023-09-21,2023-09-03,2023-09-07,2023,SouthAmerica,,nan,,,1173.810843154708,False,True,True,2,True,11,3,577,3.693,,0,,b06,0,0
GS992432b9ab81,groundsource,A,104.8044,21.76841,105.22795,22.38857,2024-08-25,2024-09-13,2024-08-29,2024-08-30,2024,EastAsia,,nan,,,891.3251816642589,True,False,False,1,True,39,8,622,3.981,,1,,b06,1,1
GSad07ae87fa5e,groundsource,A,14.44146,52.02558,15.16395,52.6489,2024-09-24,2024-10-12,2024-09-28,2024-09-28,2024,Europe,,nan,,,1002.1745253287647,True,False,True,2,True,72,11,13128,84.019,,4,,b06,4,1
GSeaccd0ad1453,groundsource,A,107.81069,-6.98902,108.26696,-6.50418,2021-03-21,2021-04-08,2021-03-25,2021-03-25,2021,SoutheastAsia,,nan,,,1546.5609500313317,False,True,True,2,True,13,7,443,2.835,,1,,b06,1,1
GS6ec58e7c7d56,groundsource,A,-80.59395,7.95764,-80.37588,8.16342,2024-11-09,2024-11-27,2024-11-13,2024-11-13,2024,CentralAmericaCaribbean,,nan,,,105.20539456658888,True,False,True,2,True,9,4,341,2.182,,0,,b06,0,0
GS347b32b691d5,groundsource,A,30.7529,9.36811,31.22794,9.52847,2021-09-27,2021-10-15,2021-10-01,2021-10-01,2021,Africa,,nan,,,1203.7334598558268,False,True,False,1,True,16,8,911,5.83,,0,,b06,0,0
GSbe0f40338eca,groundsource,A,91.31283,24.34827,91.74478,24.75764,2022-05-19,2022-06-06,2022-05-23,2022-05-23,2022,SouthAsia,,nan,,,432.4220497143552,False,True,True,2,True,20,8,102671,657.094,,5,,b06,5,1
GSf8718b9e55f8,groundsource,A,105.65253,22.43589,106.25708,22.8434,2025-09-24,2025-10-15,2025-09-28,2025-10-01,2025,EastAsia,,nan,,,832.1280647914722,True,False,True,2,True,14,6,387,2.477,,0,,b06,0,0
GSaa6ba57fb6a2,groundsource,A,-44.96023,-12.47606,-44.39109,-12.09341,2021-12-29,2022-01-16,2022-01-02,2022-01-02,2022,SouthAmerica,,nan,,,700.3624554937526,False,True,True,2,True,19,6,692,4.429,,0,,b06,0,0
GSdbe2984cfd36,groundsource,A,80.01818,6.55214,80.32901,6.76468,2025-11-18,2025-12-06,2025-11-22,2025-11-22,2025,SouthAsia,,nan,,,210.19703150633705,True,False,True,2,True,19,6,831,5.318,,0,,b06,0,0
GS305875248950,groundsource,A,102.34218,2.52881,102.77297,3.20799,2023-02-24,2023-03-19,2023-02-28,2023-03-05,2023,SoutheastAsia,,nan,,,1498.9357225690565,False,True,False,1,True,21,8,1448,9.267,,0,,b06,0,0
GS7b431a57959e,groundsource,A,6.43616,5.91447,6.72001,6.37994,2022-10-13,2022-11-01,2022-10-17,2022-10-18,2022,Africa,,nan,,,876.1936520879417,False,True,True,2,True,18,6,3836,24.55,,2,,b06,2,1
GSb014e8fc73ff,groundsource,A,91.8862,26.00877,92.64874,26.59264,2023-06-18,2023-07-06,2023-06-22,2023-06-22,2023,SouthAsia,,nan,,,1495.0917634864118,False,True,False,1,True,47,10,32277,206.573,,5,,b06,5,1
GS838e2dfb0637,groundsource,A,103.19768,3.82764,103.34949,4.40019,2020-12-12,2021-01-02,2020-12-16,2020-12-19,2020,SoutheastAsia,,nan,,,945.3311309137495,False,True,True,2,True,16,9,537,3.437,,0,,b06,0,0
GS45983893f728,groundsource,A,-79.98033,-2.01887,-79.59962,-1.57287,2025-02-24,2025-03-14,2025-02-28,2025-02-28,2025,SouthAmerica,,nan,,,404.32449717225734,True,False,True,2,True,56,10,37052,237.133,,5,,b06,5,1
GSde6aebeeee0b,groundsource,A,82.97382,25.99429,83.55847,26.47758,2020-07-08,2020-07-28,2020-07-12,2020-07-14,2020,SouthAsia,,nan,,,911.6133646362708,False,True,True,2,True,23,11,52269,334.522,,5,,b06,5,1
GS1015e2519a2f,groundsource,A,-70.56988,43.84491,-69.88306,44.53908,2023-12-13,2024-01-04,2023-12-17,2023-12-21,2023,NorthAmerica,,nan,,,1289.0618334780092,False,True,False,1,True,19,9,658,4.211,,0,,b06,0,0
GSd2985a140c46,groundsource,A,91.07584,24.57337,91.55412,24.96867,2022-05-08,2022-05-26,2022-05-12,2022-05-12,2022,SouthAsia,,nan,,,402.29387378242416,False,True,True,2,True,20,8,210323,1346.067,,5,,b06,5,1
GS9d4335e16c26,groundsource,A,104.8044,21.76841,105.22795,22.38857,2024-09-12,2024-09-30,2024-09-16,2024-09-16,2024,EastAsia,,nan,,,891.3251816642589,True,False,False,1,True,39,8,628,4.019,,1,,b06,1,1
GS7f60981d05e8,groundsource,A,-0.80435,39.11521,-0.23604,39.47274,2024-11-08,2024-11-27,2024-11-12,2024-11-13,2024,Europe,,nan,,,975.7619890400947,True,False,True,2,True,47,13,5801,37.126,,5,,b06,5,1
GS0f5912aaae4e,groundsource,A,101.77283,15.56432,102.33811,16.11721,2022-10-09,2022-10-27,2022-10-13,2022-10-13,2022,SoutheastAsia,,nan,,,1415.426772647145,False,True,True,2,True,21,9,11071,70.854,,5,,b06,5,1
GS1b11c053c36e,groundsource,A,6.85623,6.40077,7.28459,6.97672,2022-10-03,2022-10-22,2022-10-07,2022-10-08,2022,Africa,,nan,,,862.646262605582,False,True,True,2,True,14,5,33652,215.373,,5,,b06,5,1
GS9c13030d2733,groundsource,A,30.16334,47.1823,31.00962,47.73323,2020-06-18,2020-07-10,2020-06-22,2020-06-26,2020,Europe,,nan,,,1100.5543849799544,False,True,True,2,True,127,23,1582,10.125,,2,,b06,2,1
GS5466a0a355d6,groundsource,A,35.62302,-6.24032,35.90288,-6.02709,2020-01-23,2020-02-10,2020-01-27,2020-01-27,2020,Africa,,nan,,,125.87610665202372,False,True,True,2,True,24,10,383,2.451,,0,,b06,0,0
GS0fd00ae6c758,groundsource,A,85.59229,26.52729,85.92662,26.82049,2021-05-28,2021-06-15,2021-06-01,2021-06-01,2021,SouthAsia,,nan,,,1002.6394647973134,False,True,True,2,True,21,9,1726,11.046,,5,,b06,5,1
GS99f1e12ee8b0,groundsource,A,-82.62847,39.9209,-82.08192,40.35881,2020-03-15,2020-04-05,2020-03-19,2020-03-22,2020,NorthAmerica,,nan,,,1794.0620652000534,False,True,False,1,True,20,10,516,3.302,,0,,b06,0,0
GSd22d32fe7ec1,groundsource,A,-52.25595,-30.13974,-51.88418,-29.88843,2024-04-28,2024-05-17,2024-05-02,2024-05-03,2024,SouthAmerica,,nan,,,423.7520264633403,True,False,True,2,True,11,6,14104,90.266,,5,,b06,5,1
GScc6c3adacfa3,groundsource,A,92.62059,25.77115,93.15981,26.27217,2023-06-14,2023-07-04,2023-06-18,2023-06-20,2023,SouthAsia,,nan,,,1451.4419913545191,False,True,False,1,True,42,9,10275,65.76,,5,,b06,5,1
GS2f9d161d6d85,groundsource,A,153.25625,-29.0253,153.47453,-28.7922,2022-02-19,2022-03-09,2022-02-23,2022-02-23,2022,Oceania,,nan,,,28.677967607086913,False,True,True,2,True,8,3,17389,111.29,,1,,b06,1,1
GS6a657dcb3d73,groundsource,A,82.97382,25.99429,83.55847,26.47758,2020-07-21,2020-08-09,2020-07-25,2020-07-26,2020,SouthAsia,,nan,,,911.6133646362708,False,True,True,2,True,25,11,41884,268.058,,5,,b06,5,1
GSc9f1824ab421,groundsource,A,108.39776,13.47838,108.9291,14.04713,2021-11-26,2021-12-15,2021-11-30,2021-12-01,2021,SoutheastAsia,,nan,,,1432.9015972432323,False,True,True,2,True,30,9,1159,7.418,,1,,b06,1,1
GSa279d119ba92,groundsource,A,5.84023,5.15278,6.28645,5.57339,2022-10-10,2022-10-28,2022-10-14,2022-10-14,2022,Africa,,nan,,,832.5692795784721,False,True,True,2,True,39,7,8055,51.552,,0,,b06,0,0
GS69cec3c6ebc5,groundsource,A,-79.53585,-2.00927,-79.2939,-1.59449,2025-02-06,2025-02-26,2025-02-10,2025-02-12,2025,SouthAmerica,,nan,,,353.4838698962412,True,False,True,2,True,35,10,17005,108.832,,5,,b06,5,1
GS9c11a1714697,groundsource,A,6.55508,51.26406,6.90011,51.63912,2021-06-30,2021-07-20,2021-07-04,2021-07-06,2021,Europe,,nan,,,230.83738796168043,False,True,True,2,True,141,20,1867,11.949,,2,,b06,2,1
GSf03e96f51e6d,groundsource,A,106.66452,16.95991,107.06975,17.34162,2022-09-24,2022-10-14,2022-09-28,2022-09-30,2022,SoutheastAsia,,nan,,,1398.501484190696,False,True,True,2,True,19,10,5813,37.203,,5,,b06,5,1
GS1316fdbc5230,groundsource,A,46.72204,-16.52441,47.01353,-16.35052,2020-01-20,2020-02-07,2020-01-24,2020-01-24,2020,Africa,,nan,,,121.92004190304377,False,True,True,2,True,27,9,5289,33.85,,5,,b06,5,1
GS6ee463503d99,groundsource,A,81.62135,29.91205,82.18613,30.44069,2021-06-19,2021-07-09,2021-06-23,2021-06-25,2021,SouthAsia,,nan,,,790.0071725708526,False,True,True,2,True,47,12,4512,28.877,,0,,b06,0,0
GS331ca784b050,groundsource,A,105.01797,20.11562,105.50642,20.63611,2025-09-23,2025-10-15,2025-09-27,2025-10-01,2025,EastAsia,,nan,,,781.9230654662916,True,False,True,2,True,22,8,304,1.946,,0,,b06,0,0
GSbe308b013e97,groundsource,A,108.68769,15.01628,108.93154,15.28676,2025-11-08,2025-11-26,2025-11-12,2025-11-12,2025,SoutheastAsia,,nan,,,130.05252045557592,True,False,True,2,True,36,10,1963,12.563,,5,,b06,5,1
GS83ab77db3f94,groundsource,A,-82.62847,39.9209,-82.08192,40.35881,2020-03-21,2020-04-08,2020-03-25,2020-03-25,2020,NorthAmerica,,nan,,,1794.0620652000534,False,True,False,1,True,16,8,516,3.302,,1,,b06,1,1
GS4570bd60cb7f,groundsource,A,176.47414,-40.17746,176.77858,-39.88602,2023-02-08,2023-03-02,2023-02-12,2023-02-16,2023,Oceania,,nan,,,203.04700976159947,False,True,False,1,True,33,11,1663,10.643,,0,,b06,0,0
GS359d899ea7a1,groundsource,A,90.66019,24.88001,91.06087,25.18821,2022-05-08,2022-05-26,2022-05-12,2022-05-12,2022,SouthAsia,,nan,,,383.35688514848175,False,True,True,2,True,41,9,49872,319.181,,5,,b07,5,1
GS5f90dde4f894,groundsource,A,91.35805,24.57491,91.76062,24.9211,2022-05-22,2022-06-15,2022-05-26,2022-06-01,2022,SouthAsia,,nan,,,378.702195949391,False,True,True,2,True,26,10,132763,849.683,,5,,b07,5,1
GS56e4da92dbc8,groundsource,A,19.73065,40.6851,20.18926,40.96156,2026-01-06,2026-01-26,2026-01-10,2026-01-12,2026,Europe,,nan,,,165.37999756969967,True,False,True,2,True,64,13,1331,8.518,,4,,b07,4,1
GS047c7a39e8c1,groundsource,A,92.61636,26.14137,93.0453,26.56517,2022-06-15,2022-07-06,2022-06-19,2022-06-22,2022,SouthAsia,,nan,,,351.02648057848154,False,True,True,2,True,59,12,29320,187.648,,5,,b07,5,1
GSaa0408fe4866,groundsource,A,-5.08367,37.51088,-4.61641,37.82367,2026-01-24,2026-02-11,2026-01-28,2026-01-28,2026,Europe,,nan,,,136.11846342996165,True,False,True,2,True,175,17,476,3.046,,2,,b07,2,1
GS85a287103f23,groundsource,A,71.15867,22.7084,71.82771,23.2682,2023-06-26,2023-07-15,2023-06-30,2023-07-01,2023,SouthAsia,,nan,,,1408.2460628583005,False,True,False,1,True,14,7,37000,236.8,,5,,b07,5,1
GS40dd0ce8de80,groundsource,A,89.15827,26.38407,89.64497,26.71981,2022-06-10,2022-06-30,2022-06-14,2022-06-16,2022,SouthAsia,,nan,,,348.0625325883661,False,True,True,2,True,28,10,4298,27.507,,5,,b07,5,1
GS1087ad96329e,groundsource,A,79.79284,7.55,79.98212,7.82325,2025-11-22,2025-12-13,2025-11-26,2025-11-29,2025,SouthAsia,,nan,,,169.00094542096875,True,False,True,2,True,13,5,929,5.946,,2,,b07,2,1
GS8e8ef706389c,groundsource,A,88.26736,25.93626,88.88837,26.71199,2023-10-10,2023-10-29,2023-10-14,2023-10-15,2023,SouthAsia,,nan,,,1368.7174483009335,False,True,False,1,True,28,10,3481,22.278,,0,,b07,0,0
GS1a9a254d6eff,groundsource,A,90.49493,26.12261,90.94906,26.53679,2022-06-11,2022-06-29,2022-06-15,2022-06-15,2022,SouthAsia,,nan,,,347.9295562666676,False,True,True,2,True,24,8,42167,269.869,,5,,b07,5,1
GS4450c223d5d3,groundsource,A,107.4374,16.19444,107.98164,16.4954,2022-09-24,2022-10-12,2022-09-28,2022-09-28,2022,SoutheastAsia,,nan,,,1383.9742791360177,False,True,True,2,True,39,11,11004,70.426,,5,,b07,5,1
GS4d1bbb2d9c75,groundsource,A,81.75959,29.90564,82.32485,30.42041,2021-06-19,2021-07-09,2021-06-23,2021-06-25,2021,SouthAsia,,nan,,,754.0510016694847,False,True,True,2,True,47,12,5153,32.979,,0,,b07,0,0
GS5412e844bbd5,groundsource,A,77.03763,27.76521,77.6439,28.35115,2023-07-09,2023-07-27,2023-07-13,2023-07-13,2023,SouthAsia,,nan,,,1367.178243417008,False,True,False,1,True,39,10,42567,272.429,,5,,b07,5,1
GS9c3330030294,groundsource,A,89.73359,25.38689,90.12449,26.00841,2022-06-05,2022-06-25,2022-06-09,2022-06-11,2022,SouthAsia,,nan,,,322.05940585210703,False,True,True,2,True,27,9,40647,260.141,,5,,b07,5,1
GSf7f3340dc75e,groundsource,A,80.01497,8.06352,80.34444,8.30658,2025-11-12,2025-11-30,2025-11-16,2025-11-16,2025,SouthAsia,,nan,,,95.64747580037847,True,False,True,2,True,27,5,812,5.197,,0,,b07,0,0
GSc7ef88cfea21,groundsource,A,83.74248,28.46544,84.33234,28.92014,2021-06-13,2021-07-01,2021-06-17,2021-06-17,2021,SouthAsia,,nan,,,692.2270530826569,False,True,True,2,True,30,10,2142,13.709,,0,,b07,0,0
GS1ae42f8ec0c4,groundsource,A,108.38954,15.4535,108.6067,15.7204,2025-11-09,2025-11-27,2025-11-13,2025-11-13,2025,SoutheastAsia,,nan,,,89.8019213881657,True,False,True,2,True,24,9,3591,22.982,,5,,b07,5,1
GS440cb4048a93,groundsource,A,77.03682,27.76521,77.6439,28.35116,2023-07-23,2023-08-10,2023-07-27,2023-07-27,2023,SouthAsia,,nan,,,1367.178243417008,False,True,False,1,True,46,12,21613,138.323,,5,,b07,5,1
GS55126635e267,groundsource,A,90.09202,23.29755,90.7974,23.75368,2020-06-11,2020-06-29,2020-06-15,2020-06-15,2020,SouthAsia,,nan,,,907.9042330404725,False,True,True,2,True,12,4,2371,15.174,,5,,b07,5,1
GS1ab7cb854e80,groundsource,A,-63.44244,-17.69822,-63.1216,-17.36947,2025-12-20,2026-01-07,2025-12-24,2025-12-24,2025,SouthAmerica,,nan,,,300.8311397857066,True,False,True,2,True,13,6,729,4.666,,0,,b07,0,0
GScf66ee3678f3,groundsource,A,89.73359,25.38689,90.12449,26.00841,2022-06-25,2022-07-14,2022-06-29,2022-06-30,2022,SouthAsia,,nan,,,322.05940585210703,False,True,True,2,True,21,7,8688,55.603,,5,,b07,5,1
GS4c26430e6dd4,groundsource,A,104.41287,14.30239,104.97587,14.86152,2022-09-18,2022-10-09,2022-09-22,2022-09-25,2022,SoutheastAsia,,nan,,,1368.4043768178246,False,True,True,2,True,30,11,2464,15.77,,5,,b07,5,1
GS75c055093b62,groundsource,A,81.63622,7.28901,81.86573,7.55134,2025-11-17,2025-12-05,2025-11-21,2025-11-21,2025,SouthAsia,,nan,,,76.73964990495921,True,False,True,2,True,10,4,11049,70.714,,5,,b07,5,1
GS2de06c6aed22,groundsource,A,16.79708,48.1673,17.48662,48.73851,2024-09-08,2024-10-01,2024-09-12,2024-09-17,2024,Europe,,nan,,,946.8050966057943,True,False,True,2,True,47,16,3664,23.45,,2,,b07,2,1
GS47cb120b4bcb,groundsource,A,6.01294,5.16138,6.43191,5.62085,2022-10-07,2022-10-30,2022-10-11,2022-10-16,2022,Africa,,nan,,,725.157721916541,False,True,True,2,True,35,7,10465,66.976,,0,,b07,0,0
GS864ad51e1f00,groundsource,A,77.03636,28.69952,77.59813,29.37921,2023-07-06,2023-07-29,2023-07-10,2023-07-15,2023,SouthAsia,,nan,,,1322.6240062855056,False,True,False,1,True,117,18,22651,144.966,,5,,b07,5,1
GSeef7136a1956,groundsource,A,78.69437,27.47203,79.29448,27.96418,2020-07-28,2020-08-15,2020-08-01,2020-08-01,2020,SouthAsia,,nan,,,888.8209706006958,False,True,True,2,True,24,9,2824,18.074,,5,,b07,5,1
GS4e13442e43d2,groundsource,A,-73.26044,43.69794,-72.98951,44.93557,2023-07-05,2023-07-25,2023-07-09,2023-07-11,2023,NorthAmerica,,nan,,,1165.5044558865645,False,True,False,1,True,36,9,1697,10.861,,0,,b07,0,0
GS59d7c08559fe,groundsource,A,87.4256,25.9046,87.78895,26.25574,2022-06-27,2022-07-15,2022-07-01,2022-07-01,2022,SouthAsia,,nan,,,274.17277113654546,False,True,True,2,True,25,9,16471,105.414,,5,,b07,5,1
GS74ffac16acf9,groundsource,A,104.41287,14.30239,104.97587,14.86152,2022-09-23,2022-10-16,2022-09-27,2022-10-02,2022,SoutheastAsia,,nan,,,1368.4043768178246,False,True,True,2,True,32,12,2244,14.362,,5,,b07,5,1
GS6f6cd737d082,groundsource,A,6.67043,7.42726,6.78482,7.9463,2022-10-03,2022-10-21,2022-10-07,2022-10-07,2022,Africa,,nan,,,719.4049230084047,False,True,True,2,True,14,5,3577,22.893,,3,,b07,3,1
GS7a66bf411bb3,groundsource,A,81.51272,7.05452,81.60654,7.3412,2025-11-21,2025-12-10,2025-11-25,2025-11-26,2025,SouthAsia,,nan,,,72.98607312561589,True,False,True,2,True,14,5,630,4.032,,2,,b07,2,1
GS52561c97faae,groundsource,A,-52.20582,-32.18176,-51.17085,-31.39751,2023-09-11,2023-10-03,2023-09-15,2023-09-19,2023,SouthAmerica,,nan,,,1095.705348975835,False,True,True,2,True,32,6,22178,141.939,,5,,b07,5,1
GS0ea7a8af26d5,groundsource,A,16.79708,48.1673,17.48662,48.73851,2024-09-15,2024-10-03,2024-09-19,2024-09-19,2024,Europe,,nan,,,946.8050966057943,True,False,True,2,True,39,13,3641,23.302,,2,,b07,2,1
GSde0e64f31c03,groundsource,A,89.79194,24.80387,90.39738,25.26719,2023-06-30,2023-07-18,2023-07-04,2023-07-04,2023,SouthAsia,,nan,,,1308.7670239821873,False,True,False,1,True,46,10,1651,10.566,,0,,b07,0,0
GS95f42cc449ef,groundsource,A,81.33015,26.98544,81.79307,27.5795,2020-07-26,2020-08-13,2020-07-30,2020-07-30,2020,SouthAsia,,nan,,,828.1892896883686,False,True,True,2,True,45,10,27056,173.158,,5,,b07,5,1
GSe432a77fb587,groundsource,A,-73.24456,43.83541,-73.07462,44.93538,2023-07-19,2023-08-08,2023-07-23,2023-07-25,2023,NorthAmerica,,nan,,,1165.5044558865645,False,True,False,1,True,23,7,861,5.51,,2,,b07,2,1
GS6b0a31f6f965,groundsource,A,6.67406,7.42873,6.78481,7.9463,2022-10-16,2022-11-03,2022-10-20,2022-10-20,2022,Africa,,nan,,,719.4049230084047,False,True,True,2,True,14,5,1466,9.382,,1,,b07,1,1
GScf5a1080e86c,groundsource,A,91.87139,24.84481,92.31036,25.23467,2022-05-08,2022-05-31,2022-05-12,2022-05-17,2022,SouthAsia,,nan,,,268.4329131299538,False,True,True,2,True,55,11,106405,680.992,,5,,b07,5,1
GSe24cf0e1a7b5,groundsource,A,101.82334,13.83141,102.09832,14.10352,2022-09-22,2022-10-10,2022-09-26,2022-09-26,2022,SoutheastAsia,,nan,,,1347.989967063148,False,True,True,2,True,40,9,1338,8.563,,3,,b07,3,1
GSddab88e716fc,groundsource,A,19.36057,40.80936,19.62728,41.05411,2026-01-07,2026-01-27,2026-01-11,2026-01-13,2026,Europe,,nan,,,40.07951581955868,True,False,True,2,True,60,13,1865,11.936,,3,,b07,3,1
GSd0a1545713c3,groundsource,A,-80.08419,-1.79245,-79.78199,-1.47027,2025-02-07,2025-02-25,2025-02-11,2025-02-11,2025,SouthAmerica,,nan,,,187.1205637518278,True,False,True,2,True,22,5,4955,31.712,,5,,b07,5,1
GS2ddd33eb3f35,groundsource,A,107.26862,16.46536,107.46913,16.68871,2025-11-04,2025-11-23,2025-11-08,2025-11-09,2025,SoutheastAsia,,nan,,,48.010578244572635,True,False,True,2,True,33,17,6583,42.131,,5,,b07,5,1
GSd254f6b95f41,groundsource,A,-70.70046,-33.55348,-70.12763,-33.0183,2023-06-18,2023-07-07,2023-06-22,2023-06-23,2023,SouthAmerica,,nan,,,1019.9230501922708,False,True,True,2,True,28,8,736,4.71,,0,,b07,0,0
GS1568b71f5e40,groundsource,A,76.56165,28.11651,77.33449,28.62396,2023-07-04,2023-07-24,2023-07-08,2023-07-10,2023,SouthAsia,,nan,,,1264.2167740361235,False,True,False,1,True,20,8,12012,76.877,,5,,b07,5,1
GSb55aa6f1c42e,groundsource,A,12.95619,52.25819,13.84325,52.75305,2024-08-27,2024-09-14,2024-08-31,2024-08-31,2024,Europe,,nan,,,896.1190725912196,True,False,True,2,True,131,14,829,5.306,,0,,b07,0,0
GS4751c4dec913,groundsource,A,6.67406,7.42873,6.78481,7.9463,2022-10-22,2022-11-10,2022-10-26,2022-10-27,2022,Africa,,nan,,,719.4049230084047,False,True,True,2,True,14,4,1765,11.296,,1,,b07,1,1
GS407489fa62bd,groundsource,A,81.18977,27.26855,81.69051,27.858,2020-07-18,2020-08-07,2020-07-22,2020-07-24,2020,SouthAsia,,nan,,,819.2928946289649,False,True,True,2,True,23,8,27248,174.387,,5,,b07,5,1
GS7850f9b7b167,groundsource,A,105.14576,20.95928,105.42307,21.32839,2025-09-25,2025-10-14,2025-09-29,2025-09-30,2025,EastAsia,,nan,,,618.3959447427293,True,False,True,2,True,20,7,1796,11.494,,5,,b07,5,1
GS743691c77dda,groundsource,A,-76.52367,20.44421,-76.06815,20.83858,2023-06-04,2023-06-22,2023-06-08,2023-06-08,2023,NorthAmerica,,nan,,,891.9623635803295,False,True,False,1,True,18,7,316,2.022,,0,,b07,0,0
GS191ff59eebfe,groundsource,A,89.24769,25.70961,89.66375,26.07956,2022-05-25,2022-06-13,2022-05-29,2022-05-30,2022,SouthAsia,,nan,,,261.07482508511083,False,True,True,2,True,28,10,8899,56.954,,5,,b08,5,1
GS79e0c2df7c93,groundsource,A,10.86672,44.55444,11.55558,45.01002,2023-04-28,2023-05-17,2023-05-02,2023-05-03,2023,Europe,,nan,,,15.71019262320584,True,True,True,3,True,66,17,1378,8.819,,3,,b08,3,1
GSa30eef52ced4,groundsource,A,101.02004,15.79079,101.26201,16.26798,2022-10-09,2022-10-29,2022-10-13,2022-10-15,2022,SoutheastAsia,,nan,,,1291.4317574624374,False,True,True,2,True,22,10,10726,68.646,,5,,b08,5,1
GS3593daad201e,groundsource,A,84.05091,28.66657,84.52437,28.99257,2021-06-14,2021-07-02,2021-06-18,2021-06-18,2021,SouthAsia,,nan,,,468.7580361402184,False,True,True,2,True,30,10,2619,16.762,,0,,b08,0,0
GS7bfef57f6ac0,groundsource,A,18.39931,43.07084,18.67007,43.25717,2025-12-31,2026-01-20,2026-01-04,2026-01-06,2026,Europe,,nan,,,25.73860497577429,True,False,True,2,True,125,21,1303,8.339,,2,,b08,2,1
GSdafbba5cfe12,groundsource,A,107.10265,16.55459,107.38015,16.76135,2025-10-22,2025-11-10,2025-10-26,2025-10-27,2025,SoutheastAsia,,nan,,,42.43775672330874,True,False,True,2,True,27,13,13285,85.024,,5,,b08,5,1
GSfeac35d4a85c,groundsource,A,93.56522,26.662,94.68247,27.26443,2023-06-10,2023-06-28,2023-06-14,2023-06-14,2023,SouthAsia,,nan,,,1263.8126533121413,False,True,False,1,True,18,5,46310,296.384,,5,,b08,5,1
GS54407931262f,groundsource,A,6.55508,51.26406,6.90011,51.63912,2021-07-16,2021-08-03,2021-07-20,2021-07-20,2021,Europe,,nan,,,230.83738796168043,False,True,True,2,True,131,19,1833,11.731,,2,,b08,2,1
GS6a4bede0d935,groundsource,A,80.58921,26.24479,81.13061,26.73723,2020-07-12,2020-07-30,2020-07-16,2020-07-16,2020,SouthAsia,,nan,,,795.0583119710383,False,True,True,2,True,41,12,4444,28.442,,5,,b08,5,1
GS14c5a3ecee52,groundsource,A,105.68982,20.28781,106.26451,20.77312,2024-09-18,2024-10-07,2024-09-22,2024-09-23,2024,EastAsia,,nan,,,848.1248159063633,True,False,False,1,True,22,8,7405,47.392,,0,,b08,0,0
GS2302d124c961,groundsource,A,17.08044,50.51877,17.85481,51.08796,2024-09-20,2024-10-09,2024-09-24,2024-09-25,2024,Europe,,nan,,,886.7085766731402,True,False,True,2,True,80,15,8413,53.843,,0,,b08,0,0
GS78cde1a88c3c,groundsource,A,108.81644,-7.69221,109.42221,-7.38801,2021-01-06,2021-01-25,2021-01-10,2021-01-11,2021,SoutheastAsia,,nan,,,1387.4354833371754,False,True,True,2,True,28,11,4122,26.381,,5,,b08,5,1
GS40ad37f4f237,groundsource,A,-76.68308,20.62277,-76.39614,20.96061,2023-06-04,2023-06-26,2023-06-08,2023-06-12,2023,NorthAmerica,,nan,,,574.6147864806233,False,True,False,1,True,20,8,374,2.394,,0,,b08,0,0
GS65ba25c9619d,groundsource,A,90.82826,24.66086,91.2123,24.98431,2022-05-18,2022-06-05,2022-05-22,2022-05-22,2022,SouthAsia,,nan,,,251.02212601113527,False,True,True,2,True,20,8,107406,687.398,,5,,b08,5,1
GS7209a8392fb1,groundsource,A,105.33817,19.96176,105.8953,20.45887,2025-09-25,2025-10-17,2025-09-29,2025-10-03,2025,EastAsia,,nan,,,555.4143797194931,True,False,True,2,True,24,8,22764,145.69,,5,,b08,5,1
GS3e97388c3b2e,groundsource,A,23.8938,49.05208,24.59114,49.51448,2020-06-18,2020-07-11,2020-06-22,2020-06-27,2020,Europe,,nan,,,1016.3345642578109,False,True,True,2,True,81,23,611,3.91,,1,,b08,1,1
GS5e561ee6b01a,groundsource,A,151.2946,-27.97941,151.666,-27.72846,2021-03-21,2021-04-08,2021-03-25,2021-03-25,2021,Oceania,,nan,,,275.60737828345964,False,True,False,1,True,44,11,4692,30.029,,5,,b08,5,1
GS181ce43b94fc,groundsource,A,85.49211,28.14113,85.81902,28.22375,2021-06-22,2021-07-10,2021-06-26,2021-06-26,2021,SouthAsia,,nan,,,443.25731678256403,False,True,True,2,True,26,9,314,2.01,,0,,b08,0,0
GS51651b21bf0d,groundsource,A,-0.84591,48.27179,0.43926,48.76745,2025-01-23,2025-02-10,2025-01-27,2025-01-27,2025,Europe,,nan,,,1543.2469035516717,True,False,False,1,True,36,13,2712,17.357,,0,,b08,0,0
GS75ccd0c1f516,groundsource,A,107.28963,16.4555,107.53312,16.6411,2025-11-01,2025-11-19,2025-11-05,2025-11-05,2025,SoutheastAsia,,nan,,,36.562324912858664,True,False,True,2,True,31,16,6733,43.091,,5,,b08,5,1
GS64ad856988ff,groundsource,A,-99.65523,49.94019,-99.05373,50.31183,2020-06-24,2020-07-17,2020-06-28,2020-07-03,2020,NorthAmerica,,nan,,,1773.62661073672,False,True,False,1,True,17,6,332,2.125,,0,,b08,0,0
GSe733835112dc,groundsource,A,93.56522,26.662,94.68247,27.26443,2023-06-22,2023-07-13,2023-06-26,2023-06-29,2023,SouthAsia,,nan,,,1263.8126533121413,False,True,False,1,True,27,7,44459,284.538,,5,,b08,5,1
GS1de93b1fc54f,groundsource,A,103.10118,4.34886,103.26622,4.8976,2020-12-15,2021-01-04,2020-12-19,2020-12-21,2020,SoutheastAsia,,nan,,,786.5565044149996,False,True,True,2,True,13,7,661,4.23,,0,,b08,0,0
GSef0a4483f644,groundsource,A,108.81646,-7.68917,109.38439,-7.42489,2021-01-23,2021-02-11,2021-01-27,2021-01-28,2021,SoutheastAsia,,nan,,,1387.4354833371754,False,True,True,2,True,34,11,2401,15.366,,5,,b08,5,1
GS9a7492660f08,groundsource,A,176.3958,-39.82548,176.76148,-39.50268,2023-02-10,2023-03-01,2023-02-14,2023-02-15,2023,Oceania,,nan,,,200.41248155550508,False,True,False,1,True,27,9,1085,6.944,,0,,b08,0,0
GS9c9eef5093a4,groundsource,A,32.7407,-25.54866,33.02819,-25.1323,2023-02-23,2023-03-13,2023-02-27,2023-02-27,2023,Africa,,nan,,,583.1834577113909,False,True,True,2,True,21,8,8406,53.798,,5,,b08,5,1
GS790ef89e5625,groundsource,A,-53.07411,-30.00707,-52.48795,-29.60814,2023-09-06,2023-09-24,2023-09-10,2023-09-10,2023,SouthAmerica,,nan,,,948.196043164271,False,True,True,2,True,9,5,16256,104.038,,5,,b08,5,1
GS78ad18e1ca39,groundsource,A,89.56913,26.17989,89.93958,26.54256,2022-06-14,2022-07-02,2022-06-18,2022-06-18,2022,SouthAsia,,nan,,,249.15603865666418,False,True,True,2,True,47,13,7856,50.278,,5,,b08,5,1
GSf27aa473b363,groundsource,A,14.70008,50.91287,15.43186,51.42403,2024-09-09,2024-10-01,2024-09-13,2024-09-17,2024,Europe,,nan,,,831.3177057785946,True,False,True,2,True,43,15,981,6.278,,1,,b08,1,1
GSf070edcf9b4c,groundsource,A,104.73158,14.60994,105.37931,15.11134,2022-10-11,2022-10-30,2022-10-15,2022-10-16,2022,SoutheastAsia,,nan,,,1274.6720387224254,False,True,True,2,True,27,10,733,4.691,,2,,b08,2,1
GSea61a5516f01,groundsource,A,6.54588,6.71755,6.75401,7.24135,2022-10-08,2022-10-26,2022-10-12,2022-10-12,2022,Africa,,nan,,,660.3252480821712,False,True,True,2,True,15,5,19935,127.584,,5,,b08,5,1
GS8d3ea3c867f6,groundsource,A,81.0678,8.36599,81.2685,8.58534,2025-11-18,2025-12-06,2025-11-22,2025-11-22,2025,SouthAsia,,nan,,,35.19778920596042,True,False,True,2,True,13,4,12220,78.208,,5,,b08,5,1
GSbc22215def91,groundsource,A,7.71231,61.32051,9.14531,62.10831,2023-08-03,2023-08-22,2023-08-07,2023-08-08,2023,Europe,,nan,,,1969.5405584534901,True,False,True,2,True,59,12,4050,25.92,,0,,b08,0,0
GScde0eac58cb7,groundsource,A,150.43533,-31.10588,150.67815,-30.76536,2021-03-19,2021-04-08,2021-03-23,2021-03-25,2021,Oceania,,nan,,,217.98147901937364,False,True,False,1,True,24,8,400,2.56,,0,,b08,0,0
GSc428dec6bd6c,groundsource,A,34.50511,-0.3701,34.97655,-0.10815,2021-05-05,2021-05-23,2021-05-09,2021-05-09,2021,Africa,,nan,,,571.8817912106852,False,True,False,1,True,21,9,1524,9.754,,1,,b08,1,1
GS9ad729486e5b,groundsource,A,19.99912,39.22318,20.69201,39.85196,2025-11-06,2025-11-24,2025-11-10,2025-11-10,2025,Europe,,nan,,,1522.9457926292375,True,False,False,1,True,106,13,548,3.507,,1,,b08,1,1
GSfe2a3d1bcf3f,groundsource,A,68.07933,28.04112,68.61397,28.50653,2020-08-21,2020-09-09,2020-08-25,2020-08-26,2020,SouthAsia,,nan,,,671.4306782048465,False,True,True,2,True,57,14,20930,133.952,,5,,b08,5,1
GS952a9343b009,groundsource,A,-76.8942,20.44087,-76.35457,20.68797,2023-06-02,2023-06-25,2023-06-06,2023-06-11,2023,NorthAmerica,,nan,,,467.3444808015996,False,True,False,1,True,38,9,1002,6.413,,0,,b08,0,0
GS3dd9d34310a7,groundsource,A,152.90586,-29.1883,153.21607,-29.01198,2021-03-20,2021-04-07,2021-03-24,2021-03-24,2021,Oceania,,nan,,,208.1405583820914,False,True,False,1,True,10,4,1063,6.803,,0,,b08,0,0
GS6ffd556bf95e,groundsource,A,89.50492,25.95283,89.88722,26.31556,2022-06-16,2022-07-05,2022-06-20,2022-06-21,2022,SouthAsia,,nan,,,236.56914728928206,False,True,True,2,True,61,15,15218,97.395,,5,,b08,5,1
GS2828455caf81,groundsource,A,6.6213,51.04498,7.03088,51.43252,2021-07-05,2021-07-23,2021-07-09,2021-07-09,2021,Europe,,nan,,,219.26211408843528,False,True,True,2,True,74,19,532,3.405,,0,,b08,0,0
GS4eba168c3f7e,groundsource,A,101.56402,13.93322,102.09665,14.10848,2022-09-24,2022-10-12,2022-09-28,2022-09-28,2022,SoutheastAsia,,nan,,,1233.0955402533962,False,True,True,2,True,41,9,2531,16.198,,3,,b08,3,1
GSacd1ee43a17f,groundsource,A,-52.25232,-30.71192,-51.54015,-29.86977,2023-09-06,2023-09-24,2023-09-10,2023-09-10,2023,SouthAmerica,,nan,,,941.0896294832645,False,True,True,2,True,15,6,6696,42.854,,5,,b08,5,1
GS4ce14393eb5b,groundsource,A,105.88737,20.95521,106.38553,21.33,2024-08-21,2024-09-09,2024-08-25,2024-08-26,2024,EastAsia,,nan,,,821.6592817079429,True,False,False,1,True,21,8,2340,14.976,,5,,b08,5,1
GS2c82020613a7,groundsource,A,14.70026,50.91287,15.4316,51.39597,2024-09-16,2024-10-05,2024-09-20,2024-09-21,2024,Europe,,nan,,,831.3177057785946,True,False,True,2,True,39,13,970,6.208,,0,,b08,0,0
GSb54e14dad1e2,groundsource,A,-74.93017,8.30251,-74.4914,8.82673,2020-11-23,2020-12-11,2020-11-27,2020-11-27,2020,CentralAmericaCaribbean,,nan,,,900.6862393160168,False,True,True,2,True,29,8,664,4.25,,0,,b08,0,0
GS2780c805721b,groundsource,A,152.62279,-31.10457,152.75484,-30.97071,2021-03-17,2021-04-07,2021-03-21,2021-03-24,2021,Oceania,,nan,,,184.83442836809758,False,True,False,1,True,34,8,358,2.291,,0,,b08,0,0
GS787ebf19b3c4,groundsource,A,30.88001,47.66007,31.60094,48.24347,2020-06-26,2020-07-14,2020-06-30,2020-06-30,2020,Europe,,nan,,,963.3190193948965,False,True,True,2,True,56,19,5001,32.006,,5,,b08,5,1
GSb7a677e55bdf,groundsource,A,107.41949,16.48266,107.62502,16.67659,2025-10-17,2025-11-05,2025-10-21,2025-10-22,2025,SoutheastAsia,,nan,,,16.92325296083286,True,False,True,2,True,21,11,12723,81.427,,5,,b08,5,1
GSf20590f93b75,groundsource,A,174.70992,-37.5405,174.94653,-37.22286,2023-02-08,2023-02-28,2023-02-12,2023-02-14,2023,Oceania,,nan,,,170.63746614524106,False,True,False,1,True,38,10,479,3.066,,0,,b08,0,0
GS91f6a6ff0d6d,groundsource,A,33.18702,-24.87382,33.62722,-24.42685,2023-02-19,2023-03-09,2023-02-23,2023-02-23,2023,Africa,,nan,,,530.9858319962213,False,True,True,2,True,36,11,21485,137.504,,5,,b09,5,1
GSae225946cb9c,groundsource,A,6.78096,6.28845,7.09684,6.78659,2022-10-10,2022-11-02,2022-10-14,2022-10-19,2022,Africa,,nan,,,587.7514609448784,False,True,True,2,True,18,6,55794,357.082,,5,,b09,5,1
GSa4e058852736,groundsource,A,-51.66149,-30.35066,-51.21703,-29.981,2024-04-23,2024-05-11,2024-04-27,2024-04-27,2024,SouthAmerica,,nan,,,389.9821101491402,True,False,True,2,True,7,3,13477,86.253,,5,,b09,5,1
GS53b8862772d3,groundsource,A,68.07935,28.04112,68.61397,28.50364,2020-09-04,2020-09-22,2020-09-08,2020-09-08,2020,SouthAsia,,nan,,,671.4306782048465,False,True,True,2,True,53,13,6563,42.003,,5,,b09,5,1
GSd9b56183a00d,groundsource,A,7.76728,44.48455,8.61954,45.21057,2025-04-11,2025-05-01,2025-04-15,2025-04-17,2025,Europe,,nan,,,1510.2083277895256,True,False,False,1,True,36,13,2340,14.976,,5,,b09,5,1
GS7f1d626eaebc,groundsource,A,86.55002,26.15177,86.92913,26.49268,2022-06-25,2022-07-14,2022-06-29,2022-06-30,2022,SouthAsia,,nan,,,205.88546034329795,False,True,True,2,True,48,14,6659,42.618,,5,,b09,5,1
GSb2be674d6108,groundsource,A,107.13129,16.18834,107.60904,16.52533,2022-10-06,2022-10-24,2022-10-10,2022-10-10,2022,SoutheastAsia,,nan,,,1211.464077674465,False,True,True,2,True,40,11,4528,28.979,,5,,b09,5,1
GS5cf2f874230c,groundsource,A,81.38839,7.77948,81.63826,7.96431,2025-11-17,2025-12-10,2025-11-21,2025-11-26,2025,SouthAsia,,nan,,,26.480689154416545,True,False,True,2,True,14,5,4203,26.899,,5,,b09,5,1
GS68fd4a75f394,groundsource,A,6.62141,51.04498,6.93621,51.42871,2021-07-17,2021-08-05,2021-07-21,2021-07-22,2021,Europe,,nan,,,219.26211408843528,False,True,True,2,True,71,20,324,2.074,,0,,b09,0,0
GSd4cb4d96d6ce,groundsource,A,-52.64518,-30.26491,-52.14418,-30.00125,2023-09-10,2023-09-28,2023-09-14,2023-09-14,2023,SouthAmerica,,nan,,,836.7510475766239,False,True,True,2,True,11,5,8591,54.982,,5,,b09,5,1
GS42e93d45ec9e,groundsource,A,86.51949,27.66476,86.99094,27.8902,2021-06-12,2021-06-30,2021-06-16,2021-06-16,2021,SouthAsia,,nan,,,331.87927473166394,False,True,True,2,True,107,15,346,2.214,,0,,b09,0,0
GSb4f73ce63906,groundsource,A,106.08834,21.32155,106.59825,21.83144,2024-08-28,2024-09-15,2024-09-01,2024-09-01,2024,EastAsia,,nan,,,808.0201490052159,True,False,False,1,True,41,8,1359,8.698,,4,,b09,4,1
GS4bf0c2576268,groundsource,A,108.55764,15.3999,108.70338,15.56982,2025-10-18,2025-11-06,2025-10-22,2025-10-23,2025,SoutheastAsia,,nan,,,14.19366931110782,True,False,True,2,True,33,8,1009,6.458,,1,,b09,1,1
GS742b45f96584,groundsource,A,-41.50333,-13.08841,-40.97028,-12.62343,2021-12-04,2021-12-25,2021-12-08,2021-12-11,2021,SouthAmerica,,nan,,,1589.66325971014,False,True,True,2,True,9,3,779,4.986,,0,,b09,0,0
GSd7f54e07a5e2,groundsource,A,77.20087,28.00299,77.83538,28.73584,2023-06-20,2023-07-08,2023-06-24,2023-06-24,2023,SouthAsia,,nan,,,1245.8523299458686,False,True,False,1,True,45,12,5530,35.392,,5,,b09,5,1
GS7d8e8f5aefdf,groundsource,A,104.89804,21.22779,105.24896,21.61393,2025-09-25,2025-10-13,2025-09-29,2025-09-29,2025,EastAsia,,nan,,,439.17142140651464,True,False,True,2,True,20,7,2363,15.123,,5,,b09,5,1
GSe998907b5656,groundsource,A,106.32285,17.12377,106.67365,17.50878,2020-09-30,2020-10-18,2020-10-04,2020-10-04,2020,SoutheastAsia,,nan,,,764.954643662706,False,True,True,2,True,49,13,5631,36.038,,5,,b09,5,1
GSfd8d4f5596cc,groundsource,A,-98.87887,20.57973,-98.76508,20.69767,2025-10-16,2025-11-04,2025-10-20,2025-10-21,2025,NorthAmerica,,nan,,,232.8370201419666,True,False,False,1,True,64,14,1286,8.23,,2,,b09,2,1
GS3944d7526193,groundsource,A,7.28212,60.25825,8.66514,60.94868,2023-08-03,2023-08-26,2023-08-07,2023-08-12,2023,Europe,,nan,,,1858.4277877245122,True,False,True,2,True,58,12,3390,21.696,,0,,b09,0,0
GS6a3f6e9bd6b5,groundsource,A,152.99583,-29.56656,153.24278,-29.36056,2021-02-20,2021-03-11,2021-02-24,2021-02-25,2021,Oceania,,nan,,,139.3699895739017,False,True,False,1,True,8,3,974,6.234,,0,,b09,0,0
GS5e50b678a2fd,groundsource,A,-51.66149,-30.35066,-51.21703,-29.981,2024-04-28,2024-05-17,2024-05-02,2024-05-03,2024,SouthAmerica,,nan,,,389.9821101491402,True,False,True,2,True,7,3,13477,86.253,,5,,b09,5,1
GS1966377e4830,groundsource,A,86.46658,26.07257,86.85593,26.38482,2022-06-13,2022-07-05,2022-06-17,2022-06-21,2022,SouthAsia,,nan,,,200.56637893372206,False,True,True,2,True,59,17,6393,40.915,,5,,b09,5,1
GSe6a08b33d24a,groundsource,A,106.61183,17.19254,106.85194,17.4418,2022-10-09,2022-10-31,2022-10-13,2022-10-17,2022,SoutheastAsia,,nan,,,1204.9336779006321,False,True,True,2,True,48,13,3467,22.189,,5,,b09,5,1
GS8ab047b33efd,groundsource,A,174.17403,-36.74611,174.46232,-36.49271,2023-02-20,2023-03-11,2023-02-24,2023-02-25,2023,Oceania,,nan,,,159.81994836453185,False,True,False,1,True,37,10,352,2.253,,0,,b09,0,0
GS2272992ef75c,groundsource,A,81.38839,7.77948,81.63826,7.96431,2025-11-26,2025-12-15,2025-11-30,2025-12-01,2025,SouthAsia,,nan,,,26.480689154416545,True,False,True,2,True,14,5,4440,28.416,,5,,b09,5,1
GSa54f03ccae1b,groundsource,A,17.42023,43.09382,17.6896,43.24076,2025-12-31,2026-01-20,2026-01-04,2026-01-06,2026,Europe,,nan,,,11.895142440152087,True,False,True,2,True,68,17,770,4.928,,0,,b09,0,0
GSc960d0a89df7,groundsource,A,152.05912,-31.9257,152.38869,-31.73533,2021-03-16,2021-04-04,2021-03-20,2021-03-21,2021,Oceania,,nan,,,137.56597756834987,False,True,False,1,True,21,7,1519,9.722,,0,,b09,0,0
GSbbffcd39ce87,groundsource,A,-88.24978,32.46749,-87.64964,33.0247,2020-02-15,2020-03-04,2020-02-19,2020-02-19,2020,NorthAmerica,,nan,,,1704.184572563526,False,True,False,1,True,9,3,883,5.651,,1,,b09,1,1
GSc0bcac8b77c5,groundsource,A,34.92004,-0.29862,34.96317,-0.20023,2020-03-22,2020-04-09,2020-03-26,2020-03-26,2020,Africa,,nan,,,43.466127153926294,False,True,True,2,True,17,8,323,2.067,,0,,b09,0,0
GSb36ad6cf69e5,groundsource,A,-53.43193,-30.42697,-52.87258,-29.84879,2023-08-31,2023-09-23,2023-09-04,2023-09-09,2023,SouthAmerica,,nan,,,832.8637679218556,False,True,True,2,True,10,6,48333,309.331,,5,,b09,5,1
GSe12ab1b7dac4,groundsource,A,71.40349,24.64972,71.84999,25.08396,2023-06-13,2023-07-02,2023-06-17,2023-06-18,2023,SouthAsia,,nan,,,1243.141717350113,False,True,False,1,True,13,7,1658,10.611,,3,,b09,3,1
GSbf5a23da4f2b,groundsource,A,15.32231,51.56783,16.13921,52.06766,2024-09-09,2024-09-27,2024-09-13,2024-09-13,2024,Europe,,nan,,,782.2567722067936,True,False,True,2,True,36,13,4218,26.995,,5,,b09,5,1
GS6a7fba785c86,groundsource,A,106.41449,17.21051,106.6736,17.50309,2020-10-29,2020-11-16,2020-11-02,2020-11-02,2020,SoutheastAsia,,nan,,,764.954643662706,False,True,True,2,True,71,18,1639,10.49,,2,,b09,2,1
GS88686ae5fb13,groundsource,A,-97.63216,19.17522,-97.36813,19.41588,2025-09-22,2025-10-12,2025-09-26,2025-09-28,2025,NorthAmerica,,nan,,,219.88659129266904,True,False,False,1,True,25,10,319,2.042,,0,,b09,0,0
GSa9a3500fd85c,groundsource,A,150.97567,-32.64754,151.1719,-32.51114,2021-03-16,2021-04-07,2021-03-20,2021-03-24,2021,Oceania,,nan,,,134.26736849938214,False,True,False,1,True,24,8,353,2.259,,0,,b09,0,0
GS60694ca244da,groundsource,A,-41.50333,-13.08841,-40.97028,-12.62343,2021-12-11,2021-12-29,2021-12-15,2021-12-15,2021,SouthAmerica,,nan,,,1589.66325971014,False,True,True,2,True,9,3,805,5.152,,0,,b09,0,0
GSb65cc826950d,groundsource,A,22.99066,49.4559,23.74703,49.64232,2020-06-18,2020-07-10,2020-06-22,2020-06-26,2020,Europe,,nan,,,953.1910133056106,False,True,True,2,True,78,22,855,5.472,,2,,b09,2,1
GSf36bb5c40557,groundsource,A,87.60371,25.16162,87.89203,25.51271,2022-06-20,2022-07-08,2022-06-24,2022-06-24,2022,SouthAsia,,nan,,,195.73092363224612,False,True,True,2,True,29,10,1376,8.806,,5,,b09,5,1
GS046b6e11f58a,groundsource,A,27.18753,55.26102,28.48036,55.84395,2023-03-31,2023-04-19,2023-04-04,2023-04-05,2023,Europe,,nan,,,1782.213691776387,True,False,True,2,True,39,8,3241,20.742,,5,,b09,5,1
GS8e8bf4913714,groundsource,A,101.47118,14.64567,101.8635,15.19133,2022-09-21,2022-10-09,2022-09-25,2022-09-25,2022,SoutheastAsia,,nan,,,1177.8991205091615,False,True,True,2,True,21,9,734,4.698,,2,,b09,2,1
GS6239a8aa866b,groundsource,A,81.57823,7.66855,81.66482,7.84307,2025-12-04,2025-12-22,2025-12-08,2025-12-08,2025,SouthAsia,,nan,,,24.669094816790782,True,False,True,2,True,9,3,327,2.093,,0,,b09,0,0
GS3480ef1d53ed,groundsource,A,-3.95875,39.84488,-3.10031,40.45201,2025-03-16,2025-04-04,2025-03-20,2025-03-21,2025,Europe,,nan,,,1368.5634269744721,True,False,False,1,True,33,14,3831,24.518,,5,,b09,5,1
GSc116b9bce04f,groundsource,A,175.97945,-37.81647,176.45916,-37.58331,2023-01-23,2023-02-12,2023-01-27,2023-01-29,2023,Oceania,,nan,,,136.06653407731295,False,True,False,1,True,12,7,486,3.11,,0,,b09,0,0
GS51758c42c8fc,groundsource,A,17.42023,43.09382,17.6896,43.24076,2026-01-08,2026-01-26,2026-01-12,2026-01-12,2026,Europe,,nan,,,11.895142440152087,True,False,True,2,True,66,16,772,4.941,,0,,b09,0,0
GS5195f55b84bf,groundsource,A,107.96704,-6.94911,108.48382,-6.46624,2021-01-03,2021-01-21,2021-01-07,2021-01-07,2021,SoutheastAsia,,nan,,,1345.3125415064994,False,True,True,2,True,14,8,13659,87.418,,5,,b09,5,1
GS2d56fe269e07,groundsource,A,90.13675,24.67338,90.64249,25.10213,2020-06-23,2020-07-11,2020-06-27,2020-06-27,2020,SouthAsia,,nan,,,580.6667336255229,False,True,True,2,True,13,5,7477,47.853,,5,,b09,5,1
GS31c0586584bf,groundsource,A,101.46895,14.64495,101.86156,15.04683,2022-10-08,2022-10-27,2022-10-12,2022-10-13,2022,SoutheastAsia,,nan,,,1177.8991205091615,False,True,True,2,True,21,9,872,5.581,,2,,b09,2,1
GSa28b4f5d6ff2,groundsource,A,-75.37084,7.97799,-74.70563,8.57359,2022-10-16,2022-11-03,2022-10-20,2022-10-20,2022,CentralAmericaCaribbean,,nan,,,1925.9299723074262,False,True,False,1,True,20,5,9546,61.094,,0,,b09,0,0
GS63d01838b61f,groundsource,A,6.61273,6.02883,6.79941,6.57487,2022-10-08,2022-10-26,2022-10-12,2022-10-12,2022,Africa,,nan,,,496.9797944887608,False,True,True,2,True,15,5,10885,69.664,,5,,b09,5,1
GSe1ed1057ae99,groundsource,A,-41.34523,-12.89664,-41.08586,-12.62485,2021-12-25,2022-01-14,2021-12-29,2021-12-31,2021,SouthAmerica,,nan,,,1589.66325971014,False,True,True,2,True,11,4,526,3.366,,0,,b09,0,0
GSaa41e36eff47,groundsource,A,92.64383,26.54051,92.95306,26.81254,2022-06-25,2022-07-17,2022-06-29,2022-07-03,2022,SouthAsia,,nan,,,165.40406455391795,False,True,True,2,True,28,8,6178,39.539,,2,,b10,2,1
GS5b10dbbf6bcf,groundsource,A,-87.33443,39.03828,-86.72628,39.24388,2021-06-14,2021-07-03,2021-06-18,2021-06-19,2021,NorthAmerica,,nan,,,1407.7421768850397,False,True,False,1,True,13,5,2535,16.224,,5,,b10,5,1
GS677bdb145345,groundsource,A,21.798,39.4667,22.11909,39.60195,2023-09-15,2023-10-03,2023-09-19,2023-09-19,2023,Europe,,nan,,,1659.0052746227736,True,False,True,2,True,25,10,5414,34.65,,3,,b10,3,1
GSc6906eb6b1cd,groundsource,A,105.95574,17.4381,106.39403,17.72699,2020-10-03,2020-10-23,2020-10-07,2020-10-09,2020,SoutheastAsia,,nan,,,734.4839879417848,False,True,True,2,True,56,15,2357,15.085,,3,,b10,3,1
GSae7ea61b437f,groundsource,A,-87.96278,32.4363,-87.37484,33.0672,2020-02-06,2020-02-26,2020-02-10,2020-02-12,2020,NorthAmerica,,nan,,,1697.7126799691432,False,True,False,1,True,15,5,1577,10.093,,0,,b10,0,0
GS3c07c0a97ad8,groundsource,A,90.27431,26.06529,90.94935,26.6126,2023-06-08,2023-06-26,2023-06-12,2023-06-12,2023,SouthAsia,,nan,,,1127.4478000523943,False,True,False,1,True,16,6,22723,145.427,,5,,b10,5,1
GS334efc87a85f,groundsource,A,17.10652,43.6188,17.36843,43.80877,2025-12-31,2026-01-20,2026-01-04,2026-01-06,2026,Europe,,nan,,,10.513482302382164,True,False,True,2,True,68,17,1068,6.835,,2,,b10,2,1
GSe6e4fcbffdff,groundsource,A,102.24692,17.43468,102.81001,17.99288,2022-09-30,2022-10-19,2022-10-04,2022-10-05,2022,SoutheastAsia,,nan,,,1168.3312019908649,False,True,True,2,True,20,7,4167,26.669,,5,,b10,5,1
GS9dfd1b0a010a,groundsource,A,-75.37084,7.97871,-74.72163,8.5736,2022-11-05,2022-11-24,2022-11-09,2022-11-10,2022,CentralAmericaCaribbean,,nan,,,1925.9299723074262,False,True,False,1,True,17,5,6334,40.538,,0,,b10,0,0
GS70b46d86a4d5,groundsource,A,114.282,35.23725,115.07467,35.78051,2021-08-04,2021-08-23,2021-08-08,2021-08-09,2021,EastAsia,,nan,,,1781.348388339671,False,True,False,1,True,12,6,15512,99.277,,5,,b10,5,1
GS2e48a30b0138,groundsource,A,5.93192,51.19532,6.35775,51.58877,2021-07-10,2021-07-31,2021-07-14,2021-07-17,2021,Europe,,nan,,,129.89774870887928,False,True,True,2,True,156,22,2435,15.584,,4,,b10,4,1
GSd66797ae8836,groundsource,A,6.69747,7.63256,6.8339,7.93046,2020-09-29,2020-10-18,2020-10-03,2020-10-04,2020,Africa,,nan,,,36.51685519971182,False,True,True,2,True,20,6,1971,12.614,,3,,b10,3,1
GS5a18c657ca70,groundsource,A,-71.7907,-34.12531,-71.35934,-33.74892,2023-08-18,2023-09-06,2023-08-22,2023-08-23,2023,SouthAmerica,,nan,,,793.9037221894688,False,True,True,2,True,16,6,426,2.726,,0,,b10,0,0
GSca00648b7918,groundsource,A,91.96739,24.96757,92.31356,25.23468,2022-06-10,2022-07-01,2022-06-14,2022-06-17,2022,SouthAsia,,nan,,,137.43301421155095,False,True,True,2,True,49,10,49305,315.552,,5,,b10,5,1
GSc22956ce867f,groundsource,A,104.69547,21.5761,105.17796,22.12342,2024-09-05,2024-09-27,2024-09-09,2024-09-13,2024,EastAsia,,nan,,,764.4987232214544,True,False,False,1,True,50,10,1680,10.752,,1,,b10,1,1
GS39c62087a792,groundsource,A,-44.19586,-13.02793,-43.59259,-12.60446,2021-12-25,2022-01-13,2021-12-29,2021-12-30,2021,SouthAmerica,,nan,,,1573.542332739581,False,True,True,2,True,12,5,1251,8.006,,0,,b10,0,0
GSc86222f16ad4,groundsource,A,81.54887,7.11105,81.74767,7.29586,2025-11-16,2025-12-04,2025-11-20,2025-11-20,2025,SouthAsia,,nan,,,13.223086716120156,True,False,True,2,True,10,4,4397,28.141,,5,,b10,5,1
GS0cc2d55264fe,groundsource,A,21.76278,39.57082,22.60568,40.26533,2023-08-28,2023-09-15,2023-09-01,2023-09-01,2023,Europe,,nan,,,1570.6613010364185,True,False,True,2,True,54,14,16317,104.429,,5,,b10,5,1
GSb77e903c86f9,groundsource,A,-74.43177,6.55558,-73.83067,7.36709,2022-10-25,2022-11-13,2022-10-29,2022-10-30,2022,CentralAmericaCaribbean,,nan,,,1921.2318906606463,False,True,False,1,True,30,6,1229,7.866,,0,,b10,0,0
GSca0eaffa34df,groundsource,A,151.0331,-28.93864,151.26708,-28.77813,2021-03-20,2021-04-07,2021-03-24,2021-03-24,2021,Oceania,,nan,,,102.27364757781429,False,True,False,1,True,20,10,3225,20.64,,1,,b10,1,1
GS6f5ff56d4ae2,groundsource,A,90.27429,26.06529,90.94935,26.61332,2023-06-23,2023-07-12,2023-06-27,2023-06-28,2023,SouthAsia,,nan,,,1127.4478000523943,False,True,False,1,True,32,10,28787,184.237,,5,,b10,5,1
GS572da5cf7345,groundsource,A,105.69538,18.05164,105.80716,18.19812,2020-10-04,2020-10-24,2020-10-08,2020-10-10,2020,EastAsia,,nan,,,178.26908344444684,False,True,True,2,True,33,14,1264,8.09,,2,,b10,2,1
GSaa5798ed072f,groundsource,A,-1.37827,47.33991,-0.31031,47.87745,2025-01-23,2025-02-16,2025-01-27,2025-02-02,2025,Europe,,nan,,,1298.6173742737722,True,False,False,1,True,90,19,7056,45.158,,5,,b10,5,1
GScf7742c28086,groundsource,A,174.90422,-37.12139,175.08122,-36.91596,2023-01-23,2023-02-13,2023-01-27,2023-01-30,2023,Oceania,,nan,,,117.4128449064717,False,True,False,1,True,15,8,304,1.946,,0,,b10,0,0
GSb8c817063327,groundsource,A,6.69819,7.63256,6.8339,7.93046,2020-10-05,2020-10-23,2020-10-09,2020-10-09,2020,Africa,,nan,,,36.51685519971182,False,True,True,2,True,17,5,1649,10.554,,2,,b10,2,1
GS4a82ac8dd685,groundsource,A,89.42104,25.47692,89.92883,25.89884,2020-06-16,2020-07-04,2020-06-20,2020-06-20,2020,SouthAsia,,nan,,,463.8484880095581,False,True,True,2,True,49,11,29770,190.528,,5,,b10,5,1
GS99f8bcba194e,groundsource,A,-8.78716,40.68965,-8.25486,41.63654,2026-01-22,2026-02-10,2026-01-26,2026-01-27,2026,Europe,,nan,,,1945.5187486051502,True,False,False,1,True,54,10,2757,17.645,,2,,b10,2,1
GSd6022da7c70f,groundsource,A,102.51517,5.52789,102.76024,5.79788,2021-11-27,2021-12-20,2021-12-01,2021-12-06,2021,SoutheastAsia,,nan,,,1343.136013880776,False,True,True,2,True,9,8,1528,9.779,,4,,b10,4,1
GS079cc35250d6,groundsource,A,174.90422,-37.12182,175.10831,-36.90948,2023-02-09,2023-02-28,2023-02-13,2023-02-14,2023,Oceania,,nan,,,117.4128449064717,False,True,False,1,True,19,8,334,2.138,,0,,b10,0,0
GSdec5c3943519,groundsource,A,-52.83993,-32.0944,-52.27484,-31.60924,2023-09-02,2023-09-21,2023-09-06,2023-09-07,2023,SouthAmerica,,nan,,,793.4732606652212,False,True,True,2,True,20,5,32960,210.944,,5,,b10,5,1
GS8941072c7bbc,groundsource,A,81.01475,8.40339,81.18053,8.59736,2025-12-05,2025-12-24,2025-12-09,2025-12-10,2025,SouthAsia,,nan,,,10.317954308285557,True,False,True,2,True,10,3,734,4.698,,1,,b10,1,1
GS00a103993833,groundsource,A,16.14107,51.4027,16.95886,51.84903,2024-09-09,2024-09-27,2024-09-13,2024-09-13,2024,Europe,,nan,,,747.8810045485579,True,False,True,2,True,36,13,5898,37.747,,3,,b10,3,1
GS37d79481c3a6,groundsource,A,105.667,19.88353,106.04906,20.22945,2025-09-23,2025-10-14,2025-09-27,2025-09-30,2025,EastAsia,,nan,,,248.6246259993857,True,False,True,2,True,22,8,10640,68.096,,5,,b10,5,1
GScbbbb77c3001,groundsource,A,30.09528,50.12391,30.96,50.67933,2020-06-06,2020-06-24,2020-06-10,2020-06-10,2020,Europe,,nan,,,816.4168119992131,False,True,True,2,True,125,19,1783,11.411,,5,,b10,5,1
GS1d9e427766df,groundsource,A,121.24108,14.2041,121.46057,14.5035,2022-12-31,2023-01-19,2023-01-04,2023-01-05,2023,SoutheastAsia,,nan,,,1203.3767293756857,False,True,False,1,True,22,6,574,3.674,,1,,b10,1,1
GSee5f25d1b2d1,groundsource,A,174.23537,-35.60733,174.27975,-35.57248,2023-02-20,2023-03-10,2023-02-24,2023-02-24,2023,Oceania,,nan,,,115.35887735271474,False,True,False,1,True,10,8,313,2.003,,0,,b10,0,0
GSca5f34553720,groundsource,A,17.33483,42.5422,18.66986,43.2813,2026-01-01,2026-01-20,2026-01-05,2026-01-06,2026,Europe,,nan,,,1743.6484000709413,True,False,False,1,True,68,17,7442,47.629,,3,,b10,3,1
GSa116924e0a31,groundsource,A,100.88721,14.94555,101.37016,15.45746,2022-10-09,2022-10-27,2022-10-13,2022-10-13,2022,SoutheastAsia,,nan,,,1129.8454374868359,False,True,True,2,True,21,9,3123,19.987,,5,,b10,5,1
GS229697117b49,groundsource,A,109.6202,34.52371,110.34009,35.10527,2021-09-13,2021-10-03,2021-09-17,2021-09-19,2021,EastAsia,,nan,,,1690.8182438088818,False,True,False,1,True,27,7,7550,48.32,,5,,b10,5,1
GS90647462b188,groundsource,A,-69.40261,18.47697,-68.69916,19.08811,2022-09-14,2022-10-05,2022-09-18,2022-09-21,2022,NorthAmerica,,nan,,,1785.7497215424828,False,True,False,1,True,20,8,922,5.901,,0,,b10,0,0
GS1dee8e6c9080,groundsource,A,16.14107,51.4027,16.95886,51.84903,2024-09-12,2024-09-30,2024-09-16,2024-09-16,2024,Europe,,nan,,,747.8810045485579,True,False,True,2,True,36,12,5915,37.856,,3,,b10,3,1
GS20b57dcd57ec,groundsource,A,-88.89712,13.33184,-88.71692,13.4329,2020-05-26,2020-06-15,2020-05-30,2020-06-01,2020,NorthAmerica,,nan,,,1661.7851854057521,False,True,False,1,True,24,11,529,3.386,,0,,b10,0,0
GSb2bc315c1c31,groundsource,A,88.4737,26.79108,88.58168,27.15032,2023-09-27,2023-10-21,2023-10-01,2023-10-07,2023,SouthAsia,,nan,,,1091.4869887913817,False,True,False,1,True,34,12,1060,6.784,,1,,b10,1,1
GS5ecc118a79d8,groundsource,A,105.49055,20.71968,105.83957,21.03762,2025-09-19,2025-10-07,2025-09-23,2025-09-23,2025,EastAsia,,nan,,,243.2894095785458,True,False,True,2,True,20,7,5341,34.182,,5,,b10,5,1
GSf0189ed8e2fb,groundsource,A,82.70107,26.20485,83.22016,26.61398,2020-07-08,2020-07-27,2020-07-12,2020-07-13,2020,SouthAsia,,nan,,,461.4497513833486,False,True,True,2,True,21,10,50912,325.837,,5,,b10,5,1
GSe2b59261d3f8,groundsource,A,7.83396,60.9075,8.86805,61.52205,2023-08-03,2023-08-25,2023-08-07,2023-08-11,2023,Europe,,nan,,,1519.9537654317378,True,False,True,2,True,65,14,2181,13.958,,0,,b10,0,0
GSeb118e157cc6,groundsource,A,103.19992,14.61315,103.74995,15.21764,2022-10-09,2022-10-27,2022-10-13,2022-10-13,2022,SoutheastAsia,,nan,,,1109.866691573554,False,True,True,2,True,45,12,3941,25.222,,5,,b10,5,1
GS46fcd2ac0c22,groundsource,A,91.80368,24.09336,92.01999,24.33618,2022-05-13,2022-06-01,2022-05-17,2022-05-18,2022,SouthAsia,,nan,,,86.24312945076143,False,True,True,2,True,23,9,1755,11.232,,5,,b10,5,1
GS59bdab373d94,groundsource,A,105.77963,18.10197,106.08257,18.31165,2020-10-25,2020-11-14,2020-10-29,2020-10-31,2020,EastAsia,,nan,,,166.35374226903104,False,True,True,2,True,40,16,5198,33.267,,5,,b10,5,1
GS1c6100b2417d,groundsource,A,174.18946,-35.64975,174.28044,-35.54183,2023-02-08,2023-03-04,2023-02-12,2023-02-18,2023,Oceania,,nan,,,73.61938405867282,False,True,False,1,True,12,9,3010,19.264,,0,,b10,0,0
GSe50539a7f39b,groundsource,A,86.45806,25.75958,86.72237,25.99148,2022-06-17,2022-07-05,2022-06-21,2022-06-21,2022,SouthAsia,,nan,,,79.5463742939739,False,True,True,2,True,21,9,472,3.021,,0,,b11,0,0
GSdd472f513d91,groundsource,A,92.10799,24.83288,92.40252,25.0583,2022-05-16,2022-06-03,2022-05-20,2022-05-20,2022,SouthAsia,,nan,,,71.66731233525964,False,True,True,2,True,20,8,55180,353.152,,5,,b11,5,1
GSd83bf38fb59e,groundsource,A,94.05648,26.72904,94.34756,26.86365,2022-06-27,2022-07-15,2022-07-01,2022-07-01,2022,SouthAsia,,nan,,,70.59677311671028,False,True,True,2,True,25,7,930,5.952,,2,,b11,2,1
GS7c412ba557c4,groundsource,A,88.81928,26.2803,89.10806,26.5311,2022-06-25,2022-07-13,2022-06-29,2022-06-29,2022,SouthAsia,,nan,,,69.1510517383455,False,True,True,2,True,25,9,5994,38.362,,5,,b11,5,1
GSbcf294a3e4a2,groundsource,A,88.4737,26.79108,88.58168,27.15032,2023-10-06,2023-10-25,2023-10-10,2023-10-11,2023,SouthAsia,,nan,,,1091.4869887913817,False,True,False,1,True,25,9,1070,6.848,,1,,b11,1,1
GS0c0ea122abce,groundsource,A,86.83805,25.23211,87.14572,25.34194,2022-06-17,2022-07-05,2022-06-21,2022-06-21,2022,SouthAsia,,nan,,,58.66464200583666,False,True,True,2,True,30,11,1339,8.57,,3,,b11,3,1
GS9d790ac4d659,groundsource,A,88.54966,26.33988,88.81349,26.55884,2022-06-23,2022-07-13,2022-06-27,2022-06-29,2022,SouthAsia,,nan,,,47.10969794772148,False,True,True,2,True,28,10,1537,9.837,,2,,b11,2,1
GS00a8c359ff8b,groundsource,A,101.61728,17.07001,102.04797,17.5108,2022-09-27,2022-10-17,2022-10-01,2022-10-03,2022,SoutheastAsia,,nan,,,1109.833737797765,False,True,True,2,True,22,8,441,2.822,,2,,b11,2,1
GS6acf332c4f89,groundsource,A,91.12586,26.05839,91.67169,26.64782,2023-06-28,2023-07-16,2023-07-02,2023-07-02,2023,SouthAsia,,nan,,,1053.5408391123103,False,True,False,1,True,24,7,28395,181.728,,5,,b11,5,1
GSd13dcfd09911,groundsource,A,-8.81445,38.10489,-8.03393,38.61767,2026-01-19,2026-02-06,2026-01-23,2026-01-23,2026,Europe,,nan,,,1505.0413669158706,True,False,False,1,True,51,12,7175,45.92,,4,,b11,4,1
GS7ee26f3f9901,groundsource,A,92.96278,26.5189,93.55342,26.92518,2023-06-12,2023-07-02,2023-06-16,2023-06-18,2023,SouthAsia,,nan,,,1026.0238806324196,False,True,False,1,True,21,6,9321,59.654,,5,,b11,5,1
GS1cd720a39e95,groundsource,A,15.62449,51.0335,16.60192,51.46413,2024-09-09,2024-09-27,2024-09-13,2024-09-13,2024,Europe,,nan,,,741.6577996700378,True,False,True,2,True,36,13,3762,24.077,,0,,b11,0,0
GSd65403fbc28d,groundsource,A,101.76585,14.49848,102.15226,14.72005,2022-09-21,2022-10-13,2022-09-25,2022-09-29,2022,SoutheastAsia,,nan,,,1072.4307489798643,False,True,True,2,True,28,12,563,3.603,,2,,b11,2,1
GS5bdadc203634,groundsource,A,71.16542,29.70389,71.90911,30.54006,2025-08-27,2025-09-14,2025-08-31,2025-08-31,2025,SouthAsia,,nan,,,1667.5350253237157,True,False,False,1,True,29,10,61653,394.579,,5,,b11,5,1
GS784f6abfe56a,groundsource,A,92.96278,26.52034,93.55342,26.92518,2023-06-19,2023-07-07,2023-06-23,2023-06-23,2023,SouthAsia,,nan,,,1026.0238806324196,False,True,False,1,True,27,7,6577,42.093,,5,,b11,5,1
GS9797435598ad,groundsource,A,18.81749,42.98268,19.64815,43.35103,2026-01-03,2026-01-21,2026-01-07,2026-01-07,2026,Europe,,nan,,,1374.4501581442307,True,False,False,1,True,57,13,708,4.531,,0,,b11,0,0
GSf3c3eba2dbf8,groundsource,A,101.31423,13.3724,101.82841,13.85171,2022-09-26,2022-10-14,2022-09-30,2022-09-30,2022,SoutheastAsia,,nan,,,1054.2087631239447,False,True,True,2,True,16,7,3734,23.898,,5,,b11,5,1
GSfc9512828ca1,groundsource,A,82.70107,26.20485,83.22016,26.61398,2020-07-28,2020-08-17,2020-08-01,2020-08-03,2020,SouthAsia,,nan,,,461.4497513833486,False,True,True,2,True,27,11,34929,223.546,,5,,b11,5,1
GSbcbf5046508f,groundsource,A,-52.55357,-29.84228,-51.87077,-29.57764,2023-08-31,2023-09-24,2023-09-04,2023-09-10,2023,SouthAmerica,,nan,,,767.4255246837123,False,True,True,2,True,19,8,6394,40.922,,0,,b11,0,0
GSa0dea6ae4c33,groundsource,A,90.5232,26.46102,90.66081,26.59825,2022-06-23,2022-07-17,2022-06-27,2022-07-03,2022,SouthAsia,,nan,,,42.27646179484268,False,True,True,2,True,34,10,596,3.814,,1,,b11,1,1
GSeee586276992,groundsource,A,15.62449,51.0335,16.60192,51.46413,2024-09-12,2024-10-01,2024-09-16,2024-09-17,2024,Europe,,nan,,,741.6577996700378,True,False,True,2,True,36,12,3762,24.077,,5,,b11,5,1
GS9f69d5b73803,groundsource,A,71.24637,29.03992,72.07798,29.63465,2025-08-21,2025-09-09,2025-08-25,2025-08-26,2025,SouthAsia,,nan,,,1416.514519048948,True,False,False,1,True,31,11,49111,314.31,,5,,b11,5,1
GSd57a7c14b909,groundsource,A,104.80977,15.34921,105.10463,15.66027,2022-09-14,2022-10-05,2022-09-18,2022-09-21,2022,SoutheastAsia,,nan,,,1014.2944384555566,False,True,True,2,True,30,11,5299,33.914,,5,,b11,5,1
GS87286ce1b484,groundsource,A,94.705,26.83894,95.41817,27.30978,2023-07-02,2023-07-24,2023-07-06,2023-07-10,2023,SouthAsia,,nan,,,998.8556371141887,False,True,False,1,True,30,8,14571,93.254,,5,,b11,5,1
GS1881bb63435a,groundsource,A,90.20172,23.93558,90.63462,24.41915,2020-06-24,2020-07-12,2020-06-28,2020-06-28,2020,SouthAsia,,nan,,,460.39253140855624,False,True,True,2,True,13,5,780,4.992,,2,,b11,2,1
GS18a41b8f154f,groundsource,A,19.96652,42.17964,20.76404,42.73441,2025-12-31,2026-01-20,2026-01-04,2026-01-06,2026,Europe,,nan,,,1226.923298359025,True,False,False,1,True,57,13,853,5.459,,1,,b11,1,1
GSdd706cd9ad40,groundsource,A,91.81965,24.78901,92.09172,25.02567,2022-05-13,2022-06-02,2022-05-17,2022-05-19,2022,SouthAsia,,nan,,,39.90505499831474,False,True,True,2,True,23,9,35046,224.294,,5,,b11,5,1
GS08865083ce68,groundsource,A,-52.55357,-29.84228,-51.87071,-29.57115,2023-09-08,2023-09-28,2023-09-12,2023-09-14,2023,SouthAmerica,,nan,,,767.4255246837123,False,True,True,2,True,20,6,6657,42.605,,5,,b11,5,1
GS39bba2b7b832,groundsource,A,70.85171,28.95182,71.54683,29.471,2025-08-28,2025-09-15,2025-09-01,2025-09-01,2025,SouthAsia,,nan,,,1395.4294185233125,True,False,False,1,True,50,14,84124,538.394,,5,,b11,5,1
GSd86fae04ba59,groundsource,A,104.81062,15.34921,105.10457,15.54745,2022-10-09,2022-10-27,2022-10-13,2022-10-13,2022,SoutheastAsia,,nan,,,1014.2944384555566,False,True,True,2,True,24,9,3691,23.622,,5,,b11,5,1
GS1f6630fc57a4,groundsource,A,8.9222,61.82664,10.10373,62.41902,2023-08-04,2023-08-24,2023-08-08,2023-08-10,2023,Europe,,nan,,,1344.9115569103049,True,False,True,2,True,109,15,860,5.504,,0,,b11,0,0
GSee829416c15d,groundsource,A,93.49504,26.63331,93.74559,26.72685,2022-06-29,2022-07-17,2022-07-03,2022-07-03,2022,SouthAsia,,nan,,,38.937022498288826,False,True,True,2,True,25,7,4265,27.296,,2,,b11,2,1
GS36aa3cf020ba,groundsource,A,19.96652,42.17964,20.76404,42.73441,2026-01-04,2026-01-23,2026-01-08,2026-01-09,2026,Europe,,nan,,,1226.923298359025,True,False,False,1,True,66,14,855,5.472,,1,,b11,1,1
GS13e0939bb21e,groundsource,A,99.21683,16.45218,99.83739,16.98382,2022-09-18,2022-10-12,2022-09-22,2022-09-28,2022,SoutheastAsia,,nan,,,1013.6470945580704,False,True,True,2,True,52,12,8614,55.13,,5,,b11,5,1
GS881f2fa41fae,groundsource,A,70.85171,28.95182,71.54683,29.471,2025-09-08,2025-09-26,2025-09-12,2025-09-12,2025,SouthAsia,,nan,,,1395.4294185233125,True,False,False,1,True,53,15,83286,533.03,,5,,b11,5,1
GS0d59a3e9b836,groundsource,A,-51.61454,-30.57767,-51.11181,-30.16985,2023-09-02,2023-09-20,2023-09-06,2023-09-06,2023,SouthAmerica,,nan,,,725.9986044199012,False,True,True,2,True,7,3,1059,6.778,,1,,b11,1,1
GSed9daed437f7,groundsource,A,95.94661,5.18033,96.41616,5.36822,2023-01-25,2023-02-13,2023-01-29,2023-01-30,2023,SouthAsia,,nan,,,959.6927953595955,False,True,False,1,True,5,2,348,2.227,,1,,b11,1,1
GS4ff8a2d78e93,groundsource,A,8.32064,61.32017,9.55487,62.04027,2023-08-03,2023-08-22,2023-08-07,2023-08-08,2023,Europe,,nan,,,1342.355789901187,True,False,True,2,True,59,12,2215,14.176,,0,,b11,0,0
GS014be7a225d3,groundsource,A,99.21698,16.5874,99.83739,16.98382,2022-09-30,2022-10-18,2022-10-04,2022-10-04,2022,SoutheastAsia,,nan,,,1013.6470945580704,False,True,True,2,True,36,9,5039,32.25,,4,,b11,4,1
GSe5ee1684b7d8,groundsource,A,70.44597,28.93485,71.16002,29.62125,2025-08-16,2025-09-07,2025-08-20,2025-08-24,2025,SouthAsia,,nan,,,1216.1811828662096,True,False,False,1,True,63,17,94069,602.042,,5,,b11,5,1
GS575ec922328a,groundsource,A,19.30061,42.88672,20.16857,43.32617,2026-01-01,2026-01-20,2026-01-05,2026-01-06,2026,Europe,,nan,,,952.7904655152992,True,False,False,1,True,54,12,535,3.424,,0,,b11,0,0
GS79277e0ebf89,groundsource,A,-72.0288,-34.65721,-71.66368,-34.27287,2023-08-19,2023-09-06,2023-08-23,2023-08-23,2023,SouthAmerica,,nan,,,715.6811173319488,False,True,True,2,True,30,5,400,2.56,,0,,b11,0,0
GSb38bb27116ba,groundsource,A,16.99293,51.53877,17.82408,51.98293,2024-09-11,2024-09-30,2024-09-15,2024-09-16,2024,Europe,,nan,,,715.1068807559777,True,False,True,2,True,77,15,588,3.763,,0,,b11,0,0
GScb4bed995771,groundsource,A,89.42272,24.66096,89.83832,25.12498,2020-07-05,2020-07-24,2020-07-09,2020-07-10,2020,SouthAsia,,nan,,,438.5627427464347,False,True,True,2,True,62,18,49176,314.726,,5,,b11,5,1
GSc94e1e5f5a6f,groundsource,A,105.57856,20.49178,105.89241,20.90295,2025-09-19,2025-10-07,2025-09-23,2025-09-23,2025,EastAsia,,nan,,,221.9400649297711,True,False,True,2,True,20,7,5703,36.499,,5,,b11,5,1
GS055c1ddce44f,groundsource,A,91.52169,24.92924,91.75337,25.16175,2022-05-27,2022-06-14,2022-05-31,2022-05-31,2022,SouthAsia,,nan,,,36.28656618082227,False,True,True,2,True,20,8,26862,171.917,,5,,b11,5,1
GS5e32375555cd,groundsource,A,10.88059,61.09192,11.40774,61.5777,2023-08-03,2023-08-24,2023-08-07,2023-08-10,2023,Europe,,nan,,,1341.7082485467063,True,False,True,2,True,62,15,319,2.042,,0,,b11,0,0
GS8a12492d1d3b,groundsource,A,6.3567,5.55186,6.77315,6.03085,2022-10-02,2022-10-20,2022-10-06,2022-10-06,2022,Africa,,nan,,,431.18231194520456,False,True,True,2,True,28,7,5367,34.349,,2,,b11,2,1
GS328e5d2698c7,groundsource,A,70.62332,29.3222,71.24145,29.87729,2025-08-16,2025-09-04,2025-08-20,2025-08-21,2025,SouthAsia,,nan,,,1047.6353440573293,True,False,False,1,True,55,15,36178,231.539,,5,,b11,5,1
GSa709685e5c2a,groundsource,A,77.10878,28.52358,77.78639,29.0118,2023-07-06,2023-07-24,2023-07-10,2023-07-10,2023,SouthAsia,,nan,,,915.9326769867347,False,True,False,1,True,44,11,14431,92.358,,5,,b11,5,1
GSfa40a0816108,groundsource,A,84.2658,25.59528,84.72256,26.0151,2020-07-10,2020-07-28,2020-07-14,2020-07-14,2020,SouthAsia,,nan,,,427.2776157831465,False,True,True,2,True,29,12,30819,197.242,,5,,b12,5,1
GS523501af1dee,groundsource,A,92.10649,26.08785,92.35792,26.22787,2022-06-18,2022-07-06,2022-06-22,2022-06-22,2022,SouthAsia,,nan,,,35.88855366596971,False,True,True,2,True,27,8,14418,92.275,,5,,b12,5,1
GSf7428f882e88,groundsource,A,105.80166,21.1537,106.1202,21.50603,2025-09-26,2025-10-14,2025-09-30,2025-09-30,2025,EastAsia,,nan,,,207.20454989723598,True,False,True,2,True,20,7,7761,49.67,,5,,b12,5,1
GS7470b71aa358,groundsource,A,70.91964,29.33282,71.50962,29.82586,2025-08-29,2025-09-17,2025-09-02,2025-09-03,2025,SouthAsia,,nan,,,888.2512298195975,True,False,False,1,True,51,14,97398,623.347,,5,,b12,5,1
GS0949621705f2,groundsource,A,99.46544,14.31529,99.90983,14.87568,2022-09-28,2022-10-17,2022-10-02,2022-10-03,2022,SoutheastAsia,,nan,,,983.9134633026939,False,True,True,2,True,18,6,527,3.373,,0,,b12,0,0
GS2952627f6df3,groundsource,A,84.22884,27.48726,84.58675,27.76367,2021-06-26,2021-07-15,2021-06-30,2021-07-01,2021,SouthAsia,,nan,,,240.89574335060772,False,True,True,2,True,53,10,756,4.838,,0,,b12,0,0
GSe31214e70b4c,groundsource,A,77.11209,28.52886,77.62886,29.01175,2023-07-21,2023-08-10,2023-07-25,2023-07-27,2023,SouthAsia,,nan,,,915.9326769867347,False,True,False,1,True,46,12,6399,40.954,,0,,b12,0,0
GS67205d68b5e6,groundsource,A,-8.4528,39.15664,-7.8401,39.54167,2026-01-20,2026-02-10,2026-01-24,2026-01-27,2026,Europe,,nan,,,725.6454912848604,True,False,False,1,True,137,16,1860,11.904,,2,,b12,2,1
GSc1f961eac5e3,groundsource,A,107.77308,15.64202,108.23299,16.02316,2020-10-24,2020-11-14,2020-10-28,2020-10-31,2020,SoutheastAsia,,nan,,,587.9811386368032,False,True,True,2,True,43,14,12553,80.339,,5,,b12,5,1
GScb5f34d1049c,groundsource,A,76.77235,28.23064,77.15783,28.55944,2020-07-15,2020-08-05,2020-07-19,2020-07-22,2020,SouthAsia,,nan,,,413.45824878768,False,True,True,2,True,20,8,653,4.179,,2,,b12,2,1
GS75a9a6a8fd97,groundsource,A,6.33066,51.53417,6.69283,51.80241,2021-07-10,2021-07-29,2021-07-14,2021-07-15,2021,Europe,,nan,,,119.84265309717459,False,True,True,2,True,69,20,3574,22.874,,5,,b12,5,1
GS96d51cbb5e9f,groundsource,A,-54.93181,-29.69129,-54.71484,-29.46199,2023-09-06,2023-09-24,2023-09-10,2023-09-10,2023,SouthAmerica,,nan,,,673.5835948044291,False,True,True,2,True,9,5,613,3.923,,1,,b12,1,1
GS609b6832d1a1,groundsource,A,105.14578,20.97519,105.42307,21.32839,2024-09-03,2024-09-25,2024-09-07,2024-09-11,2024,EastAsia,,nan,,,618.3959447427293,True,False,False,1,True,29,10,2189,14.01,,5,,b12,5,1
GS3d86919bd184,groundsource,A,16.20658,50.90952,17.0255,51.33553,2024-09-09,2024-10-01,2024-09-13,2024-09-17,2024,Europe,,nan,,,708.7183718700677,True,False,True,2,True,43,15,3058,19.571,,5,,b12,5,1
GS20c7f454c962,groundsource,A,102.15183,16.83909,102.6751,17.46262,2022-09-30,2022-10-18,2022-10-04,2022-10-04,2022,SoutheastAsia,,nan,,,979.9497997492746,False,True,True,2,True,20,7,9040,57.856,,5,,b12,5,1
GSd566a20f5623,groundsource,A,-39.67426,-17.75913,-39.15909,-17.18101,2021-11-27,2021-12-15,2021-12-01,2021-12-01,2021,SouthAmerica,,nan,,,1485.0335041328326,False,True,True,2,True,26,10,1781,11.398,,0,,b12,0,0
GSf64354da1959,groundsource,A,70.91964,29.33282,71.50962,29.82586,2025-09-05,2025-09-23,2025-09-09,2025-09-09,2025,SouthAsia,,nan,,,888.2512298195975,True,False,False,1,True,51,14,104670,669.888,,5,,b12,5,1
GS8c45f83332ee,groundsource,A,105.80166,21.1537,106.12009,21.49085,2025-10-14,2025-11-01,2025-10-18,2025-10-18,2025,EastAsia,,nan,,,207.20454989723598,True,False,True,2,True,17,6,3536,22.63,,5,,b12,5,1
GS040edc8f9ed6,groundsource,A,1.00878,51.85843,1.76161,52.60742,2023-10-15,2023-11-08,2023-10-19,2023-10-25,2023,Europe,,nan,,,1253.7652334477987,True,True,False,2,True,33,12,2194,14.042,,0,,b12,0,0
GS816de3d809d2,groundsource,A,108.41654,15.23187,108.81854,15.66394,2020-10-24,2020-11-11,2020-10-28,2020-10-28,2020,SoutheastAsia,,nan,,,558.548312914025,False,True,True,2,True,57,13,6858,43.891,,5,,b12,5,1
GS9131c60781c1,groundsource,A,-70.37124,19.03263,-69.71593,19.32187,2020-08-18,2020-09-07,2020-08-22,2020-08-24,2020,NorthAmerica,,nan,,,1640.6262701336293,False,True,False,1,True,10,6,2007,12.845,,3,,b12,3,1
GS07a8d0e2f88f,groundsource,A,89.18754,26.45674,89.7211,26.71842,2023-06-30,2023-07-18,2023-07-04,2023-07-04,2023,SouthAsia,,nan,,,902.59084816667,False,True,False,1,True,52,12,3526,22.566,,5,,b12,5,1
GS7ccf5abb590e,groundsource,A,89.31128,24.11828,89.72775,24.51198,2020-06-23,2020-07-14,2020-06-27,2020-06-30,2020,SouthAsia,,nan,,,412.61250151465487,False,True,True,2,True,32,12,58514,374.49,,5,,b12,5,1
GS75122e3e842c,groundsource,A,-8.24887,38.86291,-7.59967,39.29625,2026-01-19,2026-02-06,2026-01-23,2026-01-23,2026,Europe,,nan,,,613.4319699771864,True,False,False,1,True,51,12,321,2.054,,0,,b12,0,0
GS86ab82de09e8,groundsource,A,102.16236,16.83924,102.6751,17.46262,2022-10-06,2022-10-24,2022-10-10,2022-10-10,2022,SoutheastAsia,,nan,,,979.9497997492746,False,True,True,2,True,19,7,8994,57.562,,5,,b12,5,1
GS87fea6bca924,groundsource,A,86.01368,25.32301,86.24863,25.48259,2022-06-20,2022-07-14,2022-06-24,2022-06-30,2022,SouthAsia,,nan,,,27.234719717076928,False,True,True,2,True,29,13,308,1.971,,0,,b12,0,0
GS6bc870170079,groundsource,A,16.20772,50.90952,17.0255,51.33552,2024-09-16,2024-10-05,2024-09-20,2024-09-21,2024,Europe,,nan,,,708.7183718700677,True,False,True,2,True,39,13,2598,16.627,,4,,b12,4,1
GS430f9301410b,groundsource,A,-74.32776,10.60131,-74.22315,10.90251,2022-10-20,2022-11-08,2022-10-24,2022-10-25,2022,CentralAmericaCaribbean,,nan,,,1741.6425654713587,False,True,False,1,True,38,7,763,4.883,,0,,b12,0,0
GS38ee55c4ec43,groundsource,A,32.30146,-28.29443,32.55144,-27.82112,2022-04-10,2022-04-28,2022-04-14,2022-04-14,2022,Africa,,nan,,,324.5074085593391,False,True,True,2,True,11,6,4328,27.699,,0,,b12,0,0
GS640f60c89fc1,groundsource,A,24.40484,48.73257,25.09583,49.17783,2020-06-17,2020-07-11,2020-06-21,2020-06-27,2020,Europe,,nan,,,752.3749429422741,False,True,True,2,True,83,24,4457,28.525,,5,,b12,5,1
GS1b44c48d1690,groundsource,A,108.52315,14.45577,109.05707,14.97543,2021-11-08,2021-11-27,2021-11-12,2021-11-13,2021,SoutheastAsia,,nan,,,1113.1640894021698,False,True,True,2,True,31,9,4784,30.618,,5,,b12,5,1
GS2e81e7de7205,groundsource,A,-84.23458,43.39145,-83.57977,44.08277,2020-05-12,2020-06-05,2020-05-16,2020-05-22,2020,NorthAmerica,,nan,,,1628.733572896574,False,True,False,1,True,19,9,2570,16.448,,5,,b12,5,1
GSf5c1e0202fc5,groundsource,A,1.02059,51.86078,1.70347,52.60678,2023-10-29,2023-11-16,2023-11-02,2023-11-02,2023,Europe,,nan,,,1253.7652334477987,True,True,False,2,True,32,11,1775,11.36,,0,,b12,0,0
GSf0b11578e49a,groundsource,A,107.88878,15.846,108.05979,16.29031,2022-09-20,2022-10-13,2022-09-24,2022-09-29,2022,SoutheastAsia,,nan,,,977.7566337995677,False,True,True,2,True,49,14,306,1.958,,0,,b12,0,0
GS41de8519d0c4,groundsource,A,-51.18432,-30.04427,-50.79264,-29.72801,2024-05-05,2024-05-24,2024-05-09,2024-05-10,2024,SouthAmerica,,nan,,,236.10696908123,True,False,True,2,True,7,3,11359,72.698,,1,,b12,1,1
GS890ac48bc83a,groundsource,A,78.98645,28.78722,79.34113,29.12758,2020-07-03,2020-07-21,2020-07-07,2020-07-07,2020,SouthAsia,,nan,,,409.2004049533183,False,True,True,2,True,28,10,534,3.418,,0,,b12,0,0
GSacf864411bd0,groundsource,A,105.38101,18.1488,105.71775,18.38113,2020-10-03,2020-10-23,2020-10-07,2020-10-09,2020,EastAsia,,nan,,,161.06928015133676,False,True,True,2,True,32,14,4923,31.507,,2,,b12,2,1
GS4439c30f4371,groundsource,A,8.45094,45.4848,9.09751,46.16217,2025-04-19,2025-05-08,2025-04-23,2025-04-24,2025,Europe,,nan,,,1195.9261454498399,True,False,False,1,True,34,12,3274,20.954,,4,,b12,4,1
GS70a7cc2190b8,groundsource,A,-9.06193,39.57403,-8.62871,40.03808,2026-01-21,2026-02-08,2026-01-25,2026-01-25,2026,Europe,,nan,,,575.2988604400896,True,False,False,1,True,56,10,1246,7.974,,0,,b12,0,0
GS17616d15f5c8,groundsource,A,151.86372,-32.13494,152.07903,-31.8893,2021-03-12,2021-04-03,2021-03-16,2021-03-20,2021,Oceania,,nan,,,59.687602265967264,False,True,False,1,True,27,9,1352,8.653,,0,,b12,0,0
GS2bdf7c006bb2,groundsource,A,71.58799,29.4166,72.20775,29.85747,2025-08-20,2025-09-07,2025-08-24,2025-08-24,2025,SouthAsia,,nan,,,723.2656613387848,True,False,False,1,True,28,10,18976,121.446,,5,,b12,5,1
GS9df31e15cf35,groundsource,A,117.1417,28.0066,117.72086,28.82584,2021-06-23,2021-07-16,2021-06-27,2021-07-02,2021,EastAsia,,nan,,,1574.973432558748,False,True,False,1,True,21,9,2187,13.997,,5,,b12,5,1
GS79333b24207f,groundsource,A,5.89149,51.53131,6.3616,51.83045,2021-07-09,2021-07-29,2021-07-13,2021-07-15,2021,Europe,,nan,,,110.83275681760337,False,True,True,2,True,73,21,4299,27.514,,5,,b12,5,1
GS7e8b50d67852,groundsource,A,108.46889,14.4552,109.05707,14.97543,2021-11-24,2021-12-14,2021-11-28,2021-11-30,2021,SoutheastAsia,,nan,,,1113.1640894021698,False,True,True,2,True,36,10,2313,14.803,,5,,b12,5,1
GSadd75398342c,groundsource,A,-70.33412,19.02784,-69.73415,19.43891,2022-09-15,2022-10-04,2022-09-19,2022-09-20,2022,NorthAmerica,,nan,,,1640.6262701336293,False,True,False,1,True,10,5,484,3.098,,0,,b12,0,0
GS918aa4c08889,groundsource,A,-50.55017,-30.17837,-49.98115,-29.65112,2023-08-29,2023-09-20,2023-09-02,2023-09-06,2023,SouthAmerica,,nan,,,651.996584746561,False,True,True,2,True,7,3,3450,22.08,,5,,b12,5,1
GS7d2f7adc3b0b,groundsource,A,103.54462,14.26136,104.12738,14.82325,2022-09-24,2022-10-17,2022-09-28,2022-10-03,2022,SoutheastAsia,,nan,,,977.2835517649548,False,True,True,2,True,32,12,6557,41.965,,5,,b12,5,1
GS389a03558d37,groundsource,A,-91.27252,31.99341,-90.47114,32.70404,2020-02-19,2020-03-08,2020-02-23,2020-02-23,2020,NorthAmerica,,nan,,,1591.6742231150195,False,True,False,1,True,19,4,37600,240.64,,5,,b12,5,1
GS8109900dd174,groundsource,A,21.84238,-28.89263,22.05213,-28.72078,2021-01-31,2021-02-20,2021-02-04,2021-02-06,2021,Africa,,nan,,,252.92792205793003,False,True,False,1,True,20,10,340,2.176,,0,,b12,0,0
GS6327ac826201,groundsource,A,24.65434,48.91255,25.08919,49.16489,2020-06-25,2020-07-14,2020-06-29,2020-06-30,2020,Europe,,nan,,,752.3749429422741,False,True,True,2,True,67,19,590,3.776,,1,,b12,1,1
GS75eb66b761ae,groundsource,A,88.50621,24.54456,88.93725,24.95387,2020-06-23,2020-07-11,2020-06-27,2020-06-27,2020,SouthAsia,,nan,,,407.76660203424035,False,True,True,2,True,26,9,43854,280.666,,5,,b13,5,1
GSbf1419e24115,groundsource,A,1.02059,51.86078,1.77549,52.60757,2023-10-31,2023-11-18,2023-11-04,2023-11-04,2023,Europe,,nan,,,1253.7652334477987,True,True,False,2,True,34,11,1851,11.846,,0,,b13,0,0
GS96e82f3467fc,groundsource,A,107.24822,16.18761,107.70731,16.67849,2020-10-22,2020-11-09,2020-10-26,2020-10-26,2020,SoutheastAsia,,nan,,,513.8674372764217,False,True,True,2,True,39,19,19627,125.613,,0,,b13,0,0
GS210275cb3752,groundsource,A,6.73813,6.68235,7.0106,7.09287,2022-09-29,2022-10-20,2022-10-03,2022-10-06,2022,Africa,,nan,,,294.2106249077285,False,True,True,2,True,15,6,31348,200.627,,5,,b13,5,1
GS43b1a78cf21d,groundsource,A,92.58738,26.70969,92.80528,26.91601,2022-06-13,2022-07-01,2022-06-17,2022-06-17,2022,SouthAsia,,nan,,,20.864041843939876,False,True,True,2,True,49,10,4415,28.256,,5,,b13,5,1
GS9afcdaf927a7,groundsource,A,48.30641,-17.91491,48.4534,-17.71072,2020-01-22,2020-02-09,2020-01-26,2020-01-26,2020,Africa,,nan,,,24.884988393187303,False,True,True,2,True,12,4,6896,44.134,,5,,b13,5,1
GSd6dc3f3c9384,groundsource,A,69.43193,27.95452,69.9457,28.39685,2025-08-21,2025-09-08,2025-08-25,2025-08-25,2025,SouthAsia,,nan,,,645.4546946546459,True,False,False,1,True,27,11,8971,57.414,,5,,b13,5,1
GSfc869069e233,groundsource,A,-8.97648,39.09553,-8.46064,39.53001,2026-01-19,2026-02-11,2026-01-23,2026-01-28,2026,Europe,,nan,,,549.2641252644935,True,False,False,1,True,137,16,25527,163.373,,5,,b13,5,1
GSe8c766b1ef97,groundsource,A,5.89149,51.53131,6.3616,51.83045,2021-07-14,2021-08-01,2021-07-18,2021-07-18,2021,Europe,,nan,,,110.83275681760337,False,True,True,2,True,67,19,4299,27.514,,5,,b13,5,1
GSd5e3e96066b2,groundsource,A,-72.55841,8.1265,-72.45182,8.34404,2020-11-03,2020-11-21,2020-11-07,2020-11-07,2020,CentralAmericaCaribbean,,nan,,,515.8508705780636,False,True,True,2,True,25,6,608,3.891,,1,,b13,1,1
GS1ca2b73746ff,groundsource,A,101.94935,5.68695,102.23887,5.98912,2020-12-22,2021-01-09,2020-12-26,2020-12-26,2020,SoutheastAsia,,nan,,,507.12419300893686,False,True,True,2,True,20,5,521,3.334,,0,,b13,0,0
GSb8222c525dfa,groundsource,A,29.96566,-27.90212,30.28655,-27.62583,2022-04-04,2022-04-26,2022-04-08,2022-04-12,2022,Africa,,nan,,,283.66794545586015,False,True,True,2,True,17,7,1584,10.138,,1,,b13,1,1
GSd71ad745b035,groundsource,A,-39.27045,-16.44774,-39.14735,-16.19666,2021-11-27,2021-12-15,2021-12-01,2021-12-01,2021,SouthAmerica,,nan,,,1464.824310923935,False,True,True,2,True,15,8,397,2.541,,0,,b13,0,0
GSb62a7f781a7c,groundsource,A,89.45868,24.47074,89.88785,24.86292,2020-06-14,2020-07-05,2020-06-18,2020-06-21,2020,SouthAsia,,nan,,,370.74201329389064,False,True,True,2,True,50,14,17799,113.914,,5,,b13,5,1
GSd157b56d0c94,groundsource,A,25.08988,48.47262,25.33834,48.92581,2020-06-17,2020-07-11,2020-06-21,2020-06-27,2020,Europe,,nan,,,744.0378255971677,False,True,True,2,True,83,24,316,2.022,,0,,b13,0,0
GSef1b416eeed4,groundsource,A,-74.89938,7.54161,-74.72427,8.0685,2022-10-18,2022-11-06,2022-10-22,2022-10-23,2022,CentralAmericaCaribbean,,nan,,,1575.0153418105022,False,True,False,1,True,16,4,1518,9.715,,0,,b13,0,0
GSbc0c4b49f0a2,groundsource,A,152.83421,-29.87588,153.0231,-29.74004,2021-03-18,2021-04-09,2021-03-22,2021-03-26,2021,Oceania,,nan,,,56.99313374342389,False,True,False,1,True,12,5,1155,7.392,,0,,b13,0,0
GSe23f3b2ac338,groundsource,A,92.58738,26.70969,92.7908,26.91599,2022-06-24,2022-07-12,2022-06-28,2022-06-28,2022,SouthAsia,,nan,,,20.864041843939876,False,True,True,2,True,44,9,905,5.792,,0,,b13,0,0
GS9c69836bd2be,groundsource,A,103.1708,14.40771,103.70487,14.85088,2022-09-24,2022-10-12,2022-09-28,2022-09-28,2022,SoutheastAsia,,nan,,,970.5766278371241,False,True,True,2,True,48,13,5777,36.973,,5,,b13,5,1
GS44b426613455,groundsource,A,-88.75293,33.22097,-88.3892,33.81474,2021-06-06,2021-06-26,2021-06-10,2021-06-12,2021,NorthAmerica,,nan,,,1337.5831738593754,False,True,False,1,True,15,6,550,3.52,,1,,b13,1,1
GS84c6f70082c1,groundsource,A,69.97758,28.65134,70.40154,29.02178,2025-09-09,2025-09-28,2025-09-13,2025-09-14,2025,SouthAsia,,nan,,,274.8509932288887,True,False,False,1,True,25,12,26477,169.453,,5,,b13,5,1
GS188e37390f15,groundsource,A,105.63634,18.09229,105.96726,18.32792,2020-10-02,2020-10-23,2020-10-06,2020-10-09,2020,EastAsia,,nan,,,111.80625801451966,False,True,True,2,True,34,15,9145,58.528,,5,,b13,5,1
GS476d80320ba4,groundsource,A,102.47442,2.02139,102.87929,2.54418,2023-02-27,2023-03-17,2023-03-03,2023-03-03,2023,SoutheastAsia,,nan,,,990.5347912422557,False,True,False,1,True,28,8,736,4.71,,0,,b13,0,0
GS1ddabfbea98a,groundsource,A,-87.73045,13.17815,-87.28725,13.51468,2022-10-09,2022-10-28,2022-10-13,2022-10-14,2022,NorthAmerica,,nan,,,1586.5400927943992,False,True,False,1,True,18,5,332,2.125,,0,,b13,0,0
GS73de18ae2e69,groundsource,A,150.73287,-33.5261,150.86671,-33.40192,2021-03-14,2021-04-07,2021-03-18,2021-03-24,2021,Oceania,,nan,,,55.20861175424539,False,True,False,1,True,42,9,498,3.187,,0,,b13,0,0
GSf1e30cb9cf9a,groundsource,A,112.77878,28.38898,113.42846,29.145,2022-05-29,2022-06-17,2022-06-02,2022-06-03,2022,EastAsia,,nan,,,1649.6044038405873,False,True,False,1,True,19,5,21263,136.083,,5,,b13,5,1
GS5e5c9fc52621,groundsource,A,18.84364,42.41987,19.29228,42.83981,2025-12-30,2026-01-23,2026-01-03,2026-01-09,2026,Europe,,nan,,,524.7458596008105,True,False,False,1,True,78,17,3077,19.693,,1,,b13,1,1
GS4caf6aa7ab7d,groundsource,A,-74.89938,7.54161,-74.72427,8.0685,2022-10-21,2022-11-14,2022-10-25,2022-10-31,2022,CentralAmericaCaribbean,,nan,,,1575.0153418105022,False,True,False,1,True,27,7,1643,10.515,,0,,b13,0,0
GS930d30a7f100,groundsource,A,95.8641,5.2519,96.05778,5.34679,2023-01-12,2023-01-31,2023-01-16,2023-01-17,2023,SouthAsia,,nan,,,786.2658197802677,False,True,False,1,True,7,3,341,2.182,,2,,b13,2,1
GS8fcebfa4df6a,groundsource,A,114.12112,33.04553,114.82636,33.55122,2021-07-16,2021-08-03,2021-07-20,2021-07-20,2021,EastAsia,,nan,,,1511.4344751649355,False,True,False,1,True,9,3,2523,16.147,,4,,b13,4,1
GS7053fe2e7111,groundsource,A,109.7446,-7.93349,110.18704,-7.68713,2021-01-08,2021-01-26,2021-01-12,2021-01-12,2021,SoutheastAsia,,nan,,,1101.3067859790594,False,True,True,2,True,16,8,1317,8.429,,3,,b13,3,1
GS9eae71ed4d18,groundsource,A,151.89656,-28.2357,152.12281,-28.08461,2021-03-17,2021-04-05,2021-03-21,2021-03-22,2021,Oceania,,nan,,,48.46121347334037,False,True,False,1,True,36,12,612,3.917,,2,,b13,2,1
GS757dbca5cd59,groundsource,A,-56.62828,-29.2436,-55.99437,-28.77323,2023-09-03,2023-09-22,2023-09-07,2023-09-08,2023,SouthAmerica,,nan,,,613.9473365581774,False,True,True,2,True,20,5,37856,242.278,,5,,b13,5,1
GS9a010d69f78d,groundsource,A,90.4348,23.96088,90.78021,24.34664,2020-06-22,2020-07-10,2020-06-26,2020-06-26,2020,SouthAsia,,nan,,,367.1943725858331,False,True,True,2,True,13,5,638,4.083,,1,,b13,1,1
GSe6f9202b13ab,groundsource,A,-0.63273,39.19675,-0.22411,39.68428,2024-10-24,2024-11-17,2024-10-28,2024-11-03,2024,Europe,,nan,,,629.9989292521464,True,False,True,2,True,41,15,13027,83.373,,5,,b13,5,1
GSe9bf8e62e1e6,groundsource,A,103.18938,14.50184,103.68725,14.85079,2022-10-06,2022-10-24,2022-10-10,2022-10-10,2022,SoutheastAsia,,nan,,,970.5766278371241,False,True,True,2,True,45,12,3319,21.242,,5,,b13,5,1
GS36d280d4758a,groundsource,A,27.82455,8.86805,28.06336,9.18266,2021-09-25,2021-10-13,2021-09-29,2021-09-29,2021,Africa,,nan,,,167.74229137513385,False,True,False,1,True,11,7,582,3.725,,0,,b13,0,0
GS37a09fc4f848,groundsource,A,87.32591,26.05895,87.56822,26.22223,2022-06-11,2022-06-30,2022-06-15,2022-06-16,2022,SouthAsia,,nan,,,20.65224389043947,False,True,True,2,True,25,9,2231,14.278,,5,,b13,5,1
GS880bc4e05d09,groundsource,A,80.35632,8.61134,80.61708,8.89099,2025-12-07,2025-12-28,2025-12-11,2025-12-14,2025,SouthAsia,,nan,,,149.63841858967538,True,False,False,1,True,12,4,1638,10.483,,0,,b13,0,0
GSf0d17ba7ea49,groundsource,A,109.7446,-7.93349,110.18704,-7.68713,2021-01-14,2021-02-01,2021-01-18,2021-01-18,2021,SoutheastAsia,,nan,,,1101.3067859790594,False,True,True,2,True,16,8,1317,8.429,,3,,b13,3,1
GS2c03c8747bf9,groundsource,A,95.8641,5.2519,96.05778,5.34679,2023-01-25,2023-02-13,2023-01-29,2023-01-30,2023,SouthAsia,,nan,,,786.2658197802677,False,True,False,1,True,5,2,329,2.106,,2,,b13,2,1
GS841b32297456,groundsource,A,-9.06097,38.65884,-8.55766,39.10302,2026-01-21,2026-02-11,2026-01-25,2026-01-28,2026,Europe,,nan,,,516.2049466479432,True,False,False,1,True,125,15,34628,221.619,,5,,b13,5,1
GSbcd81ba11ce5,groundsource,A,99.40096,15.31878,99.60515,15.82912,2022-09-25,2022-10-14,2022-09-29,2022-09-30,2022,SoutheastAsia,,nan,,,968.3923486173679,False,True,True,2,True,18,6,1240,7.936,,3,,b13,3,1
GSf880a56693e7,groundsource,A,-67.4259,-18.57211,-66.99479,-17.90398,2025-03-22,2025-04-10,2025-03-26,2025-03-27,2025,SouthAmerica,,nan,,,1197.3746898167908,True,False,False,1,True,26,8,15333,98.131,,5,,b13,5,1
GS191dc0fefea1,groundsource,A,67.32976,26.68798,67.71053,27.058,2020-08-05,2020-08-23,2020-08-09,2020-08-09,2020,SouthAsia,,nan,,,350.79293569777775,False,True,True,2,True,52,11,2803,17.939,,3,,b13,3,1
GS326608ec2f3e,groundsource,A,88.83825,26.19815,89.06679,26.40841,2022-06-06,2022-06-25,2022-06-10,2022-06-11,2022,SouthAsia,,nan,,,19.07637746545482,False,True,True,2,True,27,10,6216,39.782,,5,,b13,5,1
GS1440de31b3ed,groundsource,A,106.95653,16.73157,107.27279,17.09035,2020-10-22,2020-11-12,2020-10-26,2020-10-29,2020,SoutheastAsia,,nan,,,478.86916511653993,False,True,True,2,True,45,22,20272,129.741,,5,,b13,5,1
GSf1ea97cad5a9,groundsource,A,-70.22531,19.12793,-69.73397,19.4385,2022-09-15,2022-10-04,2022-09-19,2022-09-20,2022,NorthAmerica,,nan,,,1209.611815893863,False,True,False,1,True,10,5,335,2.144,,0,,b13,0,0
GSeca3828f36d3,groundsource,A,9.15291,61.11608,10.42403,61.49247,2023-08-03,2023-08-23,2023-08-07,2023-08-09,2023,Europe,,nan,,,1190.3250634483445,True,False,True,2,True,107,15,407,2.605,,0,,b13,0,0
GSe50a36049ef8,groundsource,A,102.44916,14.18595,102.76599,14.69139,2022-09-21,2022-10-09,2022-09-25,2022-09-25,2022,SoutheastAsia,,nan,,,951.613398067256,False,True,True,2,True,21,9,1092,6.989,,3,,b13,3,1
GS44c8841ea8a3,groundsource,A,70.35033,22.79829,71.14177,23.2418,2023-06-25,2023-07-13,2023-06-29,2023-06-29,2023,SouthAsia,,nan,,,747.867086019004,False,True,False,1,True,12,7,8455,54.112,,5,,b14,5,1
GS3e1c7a4870da,groundsource,A,32.31983,-26.06006,32.55467,-25.92118,2023-02-02,2023-02-26,2023-02-06,2023-02-12,2023,Africa,,nan,,,58.73037526616931,False,True,True,2,True,26,10,1659,10.618,,0,,b14,0,0
GS40b69de9c39f,groundsource,A,90.55779,24.68079,90.92788,25.10355,2020-06-24,2020-07-12,2020-06-28,2020-06-28,2020,SouthAsia,,nan,,,334.3542776157486,False,True,True,2,True,13,5,27773,177.747,,5,,b14,5,1
GSef3263bd6b5d,groundsource,A,20.49114,41.56998,20.96142,41.95011,2026-01-01,2026-01-22,2026-01-05,2026-01-08,2026,Europe,,nan,,,505.3374923511737,True,False,False,1,True,129,14,1130,7.232,,0,,b14,0,0
GS0f652eb61137,groundsource,A,107.79685,15.58141,108.24647,15.84318,2020-10-02,2020-10-26,2020-10-06,2020-10-12,2020,SoutheastAsia,,nan,,,475.08034574909374,False,True,True,2,True,32,13,1073,6.867,,0,,b14,0,0
DFO5045,dfo,C,148.22337,-35.35481,153.18647,-26.25837,2021-03-14,2021-04-05,2021-03-18,2021-03-22,2021,Oceania,Australia,2.0,Heavy rain,,200686.66640801,,,,,True,227,15,1292530,8272.192,DFO Severity 2,5,,b14,5,1
GS7065ae7359ae,groundsource,A,92.36538,26.6122,92.60422,26.79219,2022-06-13,2022-07-03,2022-06-17,2022-06-19,2022,SouthAsia,,nan,,,18.71111349456675,False,True,True,2,True,26,9,4675,29.92,,5,,b14,5,1
GS4139af615537,groundsource,A,110.4057,-7.49655,110.88436,-7.06705,2021-03-24,2021-04-11,2021-03-28,2021-03-28,2021,SoutheastAsia,,nan,,,1079.5513329200799,False,True,True,2,True,17,9,1263,8.083,,2,,b14,2,1
DFO5035,dfo,C,150.72991,-32.37833,153.53828,-28.1028,2021-02-20,2021-03-14,2021-02-24,2021-02-28,2021,Oceania,Australia,1.5,Heavy rain,,82784.000620797,,,,,True,61,11,10584,67.738,DFO Severity 1.5,5,,b14,5,1
GS8a8b0313422e,groundsource,A,49.63785,-15.41841,49.83356,-15.34427,2020-03-12,2020-03-30,2020-03-16,2020-03-16,2020,Africa,,nan,,,16.389901061874696,False,True,True,2,True,8,3,388,2.483,,0,,b14,0,0
GSc5982c9bc362,groundsource,A,-53.38258,-30.18083,-53.16238,-29.78691,2023-09-13,2023-10-01,2023-09-17,2023-09-17,2023,SouthAmerica,,nan,,,578.8921187801993,False,True,True,2,True,10,5,18043,115.475,,5,,b14,5,1
GS4d9667c145a0,groundsource,A,69.66758,28.20194,69.95941,28.47877,2025-08-11,2025-08-30,2025-08-15,2025-08-16,2025,SouthAsia,,nan,,,93.79794419483522,True,False,False,1,True,28,12,2614,16.73,,5,,b14,5,1
GSc38baae5cf39,groundsource,A,16.73096,50.55259,17.49236,51.00528,2024-09-09,2024-09-27,2024-09-13,2024-09-13,2024,Europe,,nan,,,622.5872388444648,True,False,True,2,True,38,13,4623,29.587,,5,,b14,5,1
GSee6f7fb37e07,groundsource,A,14.89794,11.98839,15.1701,12.25032,2021-07-18,2021-08-05,2021-07-22,2021-07-22,2021,Africa,,nan,,,157.12103319586424,False,True,False,1,True,18,6,437,2.797,,0,,b14,0,0
GS7553ff60086a,groundsource,A,-44.40524,-12.66571,-43.99312,-12.20009,2021-12-22,2022-01-09,2021-12-26,2021-12-26,2021,SouthAmerica,,nan,,,1452.3355703101222,False,True,True,2,True,25,5,1703,10.899,,0,,b14,0,0
GS67e93c99a15a,groundsource,A,24.78337,48.59565,25.28045,49.08211,2020-06-17,2020-07-11,2020-06-21,2020-06-27,2020,Europe,,nan,,,668.2719559785999,False,True,True,2,True,83,24,3661,23.43,,5,,b14,5,1
GSf3901606629a,groundsource,A,-80.97841,35.67899,-80.60053,36.11098,2020-11-04,2020-11-23,2020-11-08,2020-11-09,2020,NorthAmerica,,nan,,,1543.3235343429517,False,True,False,1,True,10,5,599,3.834,,1,,b14,1,1
GS249e6bf01d3e,groundsource,A,32.31983,-26.06006,32.55467,-25.92118,2023-02-11,2023-03-02,2023-02-15,2023-02-16,2023,Africa,,nan,,,58.73037526616931,False,True,True,2,True,24,9,1326,8.486,,0,,b14,0,0
GS6f5d4deafede,groundsource,A,9.1371,60.39532,10.15165,60.92871,2023-08-03,2023-08-22,2023-08-07,2023-08-08,2023,Europe,,nan,,,1106.5971690149156,True,False,True,2,True,52,10,423,2.707,,0,,b14,0,0
GS5677687a2c5c,groundsource,A,108.89354,14.28109,109.16064,14.70114,2020-10-24,2020-11-12,2020-10-28,2020-10-29,2020,SoutheastAsia,,nan,,,428.48302391907566,False,True,True,2,True,20,7,2526,16.166,,5,,b14,5,1
GSf2f83d6d6a9f,groundsource,A,89.42945,23.98137,89.85141,24.34656,2020-06-14,2020-07-05,2020-06-18,2020-06-21,2020,SouthAsia,,nan,,,330.1423079958213,False,True,True,2,True,50,14,41937,268.397,,5,,b14,5,1
GS55c1808c9241,groundsource,A,106.14352,18.05706,106.38432,18.21406,2020-10-15,2020-11-02,2020-10-19,2020-10-19,2020,EastAsia,,nan,,,26.70354385115103,False,True,True,2,True,71,17,3361,21.51,,5,,b14,5,1
GS8ce731b50162,groundsource,A,20.48796,38.8782,21.06909,39.22821,2025-11-01,2025-11-19,2025-11-05,2025-11-05,2025,Europe,,nan,,,1045.6005213820083,True,False,False,1,True,108,13,762,4.877,,0,,b14,0,0
GS44497101e38d,groundsource,A,92.36553,26.6122,92.60422,26.76546,2022-06-25,2022-07-13,2022-06-29,2022-06-29,2022,SouthAsia,,nan,,,18.71111349456675,False,True,True,2,True,21,7,1549,9.914,,4,,b14,4,1
GS08b8ac5b20f0,groundsource,A,102.5262,13.78053,102.99479,14.24235,2022-10-08,2022-10-26,2022-10-12,2022-10-12,2022,SoutheastAsia,,nan,,,950.2305272936355,False,True,True,2,True,32,8,638,4.083,,2,,b14,2,1
GS1098d29f8570,groundsource,A,-88.98981,33.66521,-88.62344,34.07142,2021-06-04,2021-06-22,2021-06-08,2021-06-08,2021,NorthAmerica,,nan,,,1302.1287135632122,False,True,False,1,True,12,5,552,3.533,,1,,b14,1,1
GS2ed46752c0eb,groundsource,A,69.32194,28.25288,69.60563,28.5203,2025-08-14,2025-09-01,2025-08-18,2025-08-18,2025,SouthAsia,,nan,,,78.4595637862611,True,False,False,1,True,24,11,3364,21.53,,1,,b14,1,1
GS957978e60578,groundsource,A,113.67815,34.36078,114.29706,35.03684,2021-07-28,2021-08-16,2021-08-01,2021-08-02,2021,EastAsia,,nan,,,1415.430225976325,False,True,False,1,True,13,6,1423,9.107,,3,,b14,3,1
GS19c1278f566a,groundsource,A,-68.88766,18.21927,-68.65461,18.60494,2022-09-14,2022-10-03,2022-09-18,2022-09-19,2022,NorthAmerica,,nan,,,965.6141202420049,False,True,False,1,True,10,7,500,3.2,,0,,b14,0,0
GS29e5e19ad077,groundsource,A,105.35069,20.58546,105.76431,21.01977,2024-08-25,2024-09-13,2024-08-29,2024-08-30,2024,EastAsia,,nan,,,355.30948782281024,True,False,False,1,True,22,8,6726,43.046,,5,,b14,5,1
GS70c2fd4221cf,groundsource,A,15.70162,51.58714,16.44363,51.98073,2024-09-09,2024-09-27,2024-09-13,2024-09-13,2024,Europe,,nan,,,621.2248964080578,True,False,True,2,True,36,13,6625,42.4,,5,,b14,5,1
GS021b09f92ebd,groundsource,A,106.63885,17.11758,106.93021,17.23652,2020-10-02,2020-10-24,2020-10-06,2020-10-10,2020,SoutheastAsia,,nan,,,418.34161305505006,False,True,True,2,True,28,15,4925,31.52,,5,,b14,5,1
GS38f7b5f831ac,groundsource,A,6.62365,6.67662,6.92217,6.93326,2022-10-21,2022-11-08,2022-10-25,2022-10-25,2022,Africa,,nan,,,156.25571589828317,False,True,True,2,True,14,4,21419,137.082,,5,,b14,5,1
GSa6b84f2be0e6,groundsource,A,-44.40524,-12.8075,-43.8739,-12.19964,2021-12-25,2022-01-13,2021-12-29,2021-12-30,2021,SouthAmerica,,nan,,,1452.3355703101222,False,True,True,2,True,25,5,1766,11.302,,0,,b14,0,0
GSd141fdb8dc3d,groundsource,A,24.7834,48.85671,25.1723,49.07985,2020-06-25,2020-07-14,2020-06-29,2020-06-30,2020,Europe,,nan,,,668.2719559785999,False,True,True,2,True,67,19,810,5.184,,2,,b14,2,1
GS0b39fd52f7e3,groundsource,A,89.34726,25.14057,89.83654,25.52577,2020-06-16,2020-07-04,2020-06-20,2020-06-20,2020,SouthAsia,,nan,,,322.2996300658364,False,True,True,2,True,92,11,15278,97.779,,5,,b14,5,1
GS8c7c821b1615,groundsource,A,23.42567,-28.34305,23.70639,-28.07602,2021-01-23,2021-02-12,2021-01-27,2021-01-29,2021,Africa,,nan,,,122.73150130793887,False,True,False,1,True,18,7,660,4.224,,0,,b14,0,0
GS3d44d03336c2,groundsource,A,87.38862,26.16118,87.61863,26.36785,2022-06-24,2022-07-14,2022-06-28,2022-06-30,2022,SouthAsia,,nan,,,18.70207361582478,False,True,True,2,True,25,9,10980,70.272,,5,,b14,5,1
GS97a7c4ab8a8f,groundsource,A,106.14352,18.05706,106.38432,18.21406,2020-10-24,2020-11-11,2020-10-28,2020-10-28,2020,EastAsia,,nan,,,26.70354385115103,False,True,True,2,True,81,19,2749,17.594,,5,,b14,5,1
GS96ae921c674e,groundsource,A,20.45356,38.87806,21.08516,39.48123,2025-11-04,2025-11-25,2025-11-08,2025-11-11,2025,Europe,,nan,,,1045.6005213820083,True,False,False,1,True,127,16,1923,12.307,,1,,b14,1,1
GS2c9722f22925,groundsource,A,-75.02642,7.6968,-74.63632,8.27153,2022-10-24,2022-11-11,2022-10-28,2022-10-28,2022,CentralAmericaCaribbean,,nan,,,951.8166100522384,False,True,False,1,True,17,5,1715,10.976,,0,,b14,0,0
GS69a168d9f8ab,groundsource,A,31.83029,-25.4825,32.07095,-25.33344,2023-02-06,2023-02-24,2023-02-10,2023-02-10,2023,Africa,,nan,,,50.26792549568724,False,True,True,2,True,20,8,452,2.893,,0,,b14,0,0
GS5a8a91a5cff2,groundsource,A,106.98359,16.29888,107.42881,16.66269,2020-10-03,2020-10-23,2020-10-07,2020-10-09,2020,SoutheastAsia,,nan,,,401.45734630444684,False,True,True,2,True,24,13,4017,25.709,,3,,b14,3,1
GS8c0273c9f40c,groundsource,A,108.62511,13.17299,109.26839,13.62495,2021-11-10,2021-11-28,2021-11-14,2021-11-14,2021,SoutheastAsia,,nan,,,1029.9007896619742,False,True,True,2,True,20,5,1311,8.39,,2,,b14,2,1
GSf2b909657a59,groundsource,A,-70.7211,-34.12183,-70.27697,-33.81933,2023-06-20,2023-07-08,2023-06-24,2023-06-24,2023,SouthAmerica,,nan,,,537.53493883104,False,True,True,2,True,31,8,896,5.734,,0,,b14,0,0
GS500bebae7bff,groundsource,A,91.32103,26.37247,91.79374,26.74331,2023-06-06,2023-06-24,2023-06-10,2023-06-10,2023,SouthAsia,,nan,,,611.3882864319297,False,True,False,1,True,18,6,13897,88.941,,5,,b14,5,1
GSdb5f5ecf02e0,groundsource,A,15.70162,51.58691,16.46508,52.06703,2024-09-24,2024-10-12,2024-09-28,2024-09-28,2024,Europe,,nan,,,621.2248964080578,True,False,True,2,True,35,11,3424,21.914,,4,,b14,4,1
GSd0edacf2c0d7,groundsource,A,30.52854,-26.92453,32.7925,-26.11787,2021-01-21,2021-02-08,2021-01-25,2021-01-25,2021,Africa,,nan,,,118.06389370765838,False,True,False,1,True,105,14,6752,43.213,,1,,b14,1,1
GS279cde19a284,groundsource,A,89.98353,24.9387,90.39253,25.2934,2020-07-05,2020-07-23,2020-07-09,2020-07-09,2020,SouthAsia,,nan,,,319.89198281344096,False,True,True,2,True,53,11,27894,178.522,,5,,b14,5,1
GScbc2178ba83d,groundsource,A,102.5546,3.40195,102.91851,3.59303,2023-01-18,2023-02-05,2023-01-22,2023-01-22,2023,SoutheastAsia,,nan,,,865.7392122943266,False,True,False,1,True,18,7,343,2.195,,0,,b14,0,0
GS54c6ddbc22a5,groundsource,A,91.9525,26.09037,92.16216,26.28025,2022-06-18,2022-07-06,2022-06-22,2022-06-22,2022,SouthAsia,,nan,,,18.220164145104484,False,True,True,2,True,27,8,15542,99.469,,5,,b15,5,1
GS448f089be710,groundsource,A,91.73738,26.19426,91.97267,26.26402,2022-06-23,2022-07-12,2022-06-27,2022-06-28,2022,SouthAsia,,nan,,,17.009512481702032,False,True,True,2,True,26,8,1456,9.318,,2,,b15,2,1
GS8f615971f468,groundsource,A,91.92727,26.34843,92.14068,26.54125,2022-06-25,2022-07-13,2022-06-29,2022-06-29,2022,SouthAsia,,nan,,,16.564878016220586,False,True,True,2,True,21,7,3172,20.301,,5,,b15,5,1
GS0a6d1b9eb859,groundsource,A,94.32091,26.82532,94.44686,26.92041,2022-06-13,2022-07-02,2022-06-17,2022-06-18,2022,SouthAsia,,nan,,,16.185054772978262,False,True,True,2,True,28,8,1598,10.227,,4,,b15,4,1
GS5a7171fc1399,groundsource,A,88.96844,23.26517,89.34519,23.53678,2020-06-20,2020-07-13,2020-06-24,2020-06-29,2020,SouthAsia,,nan,,,317.3433827539821,False,True,True,2,True,35,13,1864,11.93,,5,,b15,5,1
GSa51f24072255,groundsource,A,90.54699,26.23887,90.77107,26.43156,2022-06-25,2022-07-13,2022-06-29,2022-06-29,2022,SouthAsia,,nan,,,15.927773881007099,False,True,True,2,True,21,7,4479,28.666,,5,,b15,5,1
GS5d6c68e6ae9c,groundsource,A,70.61524,29.2357,70.96745,29.45617,2025-09-06,2025-09-24,2025-09-10,2025-09-10,2025,SouthAsia,,nan,,,63.06676138740738,True,False,False,1,True,27,12,22313,142.803,,5,,b15,5,1
GS2cd5823f6a3c,groundsource,A,88.95573,23.19713,89.35709,23.54559,2020-07-05,2020-07-26,2020-07-09,2020-07-12,2020,SouthAsia,,nan,,,317.3433827539821,False,True,True,2,True,41,14,8174,52.314,,5,,b15,5,1
GS7936394ad391,groundsource,A,70.79716,29.10538,71.08875,29.42705,2025-09-04,2025-09-23,2025-09-08,2025-09-09,2025,SouthAsia,,nan,,,58.153676508801624,True,False,False,1,True,56,15,43010,275.264,,5,,b15,5,1
GSdf822763c054,groundsource,A,104.17502,14.49105,104.60979,14.82272,2022-09-17,2022-10-09,2022-09-21,2022-09-25,2022,SoutheastAsia,,nan,,,935.9766795488142,False,True,True,2,True,30,11,3897,24.941,,5,,b15,5,1
GS84dcf0a68be3,groundsource,A,80.74934,26.66168,81.13569,27.03526,2020-07-08,2020-07-27,2020-07-12,2020-07-13,2020,SouthAsia,,nan,,,315.46803433351994,False,True,True,2,True,40,12,1178,7.539,,5,,b15,5,1
GS022ebc46852b,groundsource,A,90.10524,26.13681,90.34247,26.32746,2022-06-13,2022-07-02,2022-06-17,2022-06-18,2022,SouthAsia,,nan,,,14.167275414982628,False,True,True,2,True,23,8,7700,49.28,,5,,b15,5,1
GSc099efd36a11,groundsource,A,104.17502,14.49105,104.60979,14.82272,2022-09-23,2022-10-16,2022-09-27,2022-10-02,2022,SoutheastAsia,,nan,,,935.9766795488142,False,True,True,2,True,32,12,3417,21.869,,5,,b15,5,1
GS3b5bb09af713,groundsource,A,80.79128,26.66174,81.13488,27.03598,2020-07-29,2020-08-17,2020-08-02,2020-08-03,2020,SouthAsia,,nan,,,315.46803433351994,False,True,True,2,True,43,11,363,2.323,,0,,b15,0,0
GS169b6035721f,groundsource,A,87.86596,26.12024,88.08124,26.30153,2022-06-23,2022-07-14,2022-06-27,2022-06-30,2022,SouthAsia,,nan,,,13.254858887837567,False,True,True,2,True,28,10,1467,9.389,,1,,b15,1,1
GS09399894a534,groundsource,A,104.35633,15.66122,104.80011,16.02007,2022-09-24,2022-10-14,2022-09-28,2022-09-30,2022,SoutheastAsia,,nan,,,911.3957663807191,False,True,True,2,True,29,11,4808,30.771,,5,,b15,5,1
GS915abd5aa950,groundsource,A,83.81281,25.84347,84.21981,26.19148,2020-07-03,2020-07-21,2020-07-07,2020-07-07,2020,SouthAsia,,nan,,,311.8417535105204,False,True,True,2,True,45,13,12900,82.56,,5,,b15,5,1
GS94944df81087,groundsource,A,86.79682,25.41463,86.99907,25.53469,2022-06-27,2022-07-15,2022-07-01,2022-07-01,2022,SouthAsia,,nan,,,13.062690360526888,False,True,True,2,True,46,14,962,6.157,,4,,b15,4,1
GSd5352500399a,groundsource,A,69.45283,28.34201,69.71877,28.56267,2025-08-25,2025-09-13,2025-08-29,2025-08-30,2025,SouthAsia,,nan,,,49.233908240171694,True,False,False,1,True,27,12,2160,13.824,,3,,b15,3,1
GS9c7bbcdb4bbb,groundsource,A,93.99927,27.13641,94.41588,27.59488,2023-06-10,2023-07-01,2023-06-14,2023-06-17,2023,SouthAsia,,nan,,,516.2878919887312,False,True,False,1,True,21,6,7723,49.427,,5,,b15,5,1
GS42b3eae1c788,groundsource,A,81.5917,25.22616,81.9654,25.58282,2020-07-08,2020-07-28,2020-07-12,2020-07-14,2020,SouthAsia,,nan,,,308.20122782286603,False,True,True,2,True,23,11,1248,7.987,,2,,b15,2,1
GS4d2c72126af1,groundsource,A,104.29556,15.15226,104.78568,15.64146,2022-09-19,2022-10-07,2022-09-23,2022-09-23,2022,SoutheastAsia,,nan,,,861.7162155689429,False,True,True,2,True,24,9,28755,184.032,,5,,b15,5,1
GS26f3f11ea6a9,groundsource,A,-51.8339,-31.18767,-51.39946,-30.69117,2023-09-07,2023-09-28,2023-09-11,2023-09-14,2023,SouthAmerica,,nan,,,534.9899603645833,False,True,True,2,True,21,7,4354,27.866,,5,,b15,5,1
GS4613aab3482c,groundsource,A,80.95391,7.82213,81.13107,8.04792,2025-12-09,2025-12-27,2025-12-13,2025-12-13,2025,SouthAsia,,nan,,,37.24659412628782,True,False,False,1,True,6,3,2624,16.794,,2,,b15,2,1
GSce262d135b3f,groundsource,A,93.9686,27.13638,94.41686,27.48173,2023-06-30,2023-07-22,2023-07-04,2023-07-08,2023,SouthAsia,,nan,,,516.2878919887312,False,True,False,1,True,30,8,8042,51.469,,5,,b15,5,1
GS85fb396a8564,groundsource,A,102.06171,16.73312,102.48733,17.25591,2022-10-01,2022-10-19,2022-10-05,2022-10-05,2022,SoutheastAsia,,nan,,,859.4029643866669,False,True,True,2,True,40,9,13608,87.091,,5,,b15,5,1
GS517261b58f2c,groundsource,A,87.7086,25.20671,87.89177,25.39118,2022-06-25,2022-07-13,2022-06-29,2022-06-29,2022,SouthAsia,,nan,,,11.893862435642797,False,True,True,2,True,25,9,596,3.814,,2,,b15,2,1
GS232ce44dbe6f,groundsource,A,-8.67509,40.37058,-8.40086,40.58643,2026-01-23,2026-02-10,2026-01-27,2026-01-27,2026,Europe,,nan,,,220.70469389660866,True,False,False,1,True,50,9,625,4.0,,0,,b15,0,0
GSa8fd8fb2e7b2,groundsource,A,15.81515,50.79243,16.60958,51.2292,2024-09-09,2024-09-27,2024-09-13,2024-09-13,2024,Europe,,nan,,,585.3406333386222,True,False,True,2,True,36,13,659,4.218,,2,,b15,2,1
GSccc4b18aea4f,groundsource,A,102.29756,16.73629,102.48733,17.06013,2022-10-12,2022-11-03,2022-10-16,2022-10-20,2022,SoutheastAsia,,nan,,,859.4029643866669,False,True,True,2,True,45,10,8457,54.125,,5,,b15,5,1
GS107169515c3a,groundsource,A,88.55626,26.20103,88.94078,26.75147,2023-09-30,2023-10-20,2023-10-04,2023-10-06,2023,SouthAsia,,nan,,,509.87050977459603,False,True,False,1,True,31,11,4479,28.666,,0,,b15,0,0
GS932a2c6edbc6,groundsource,A,106.98359,16.29888,107.42881,16.66269,2020-10-18,2020-11-05,2020-10-22,2020-10-22,2020,SoutheastAsia,,nan,,,401.45734630444684,False,True,True,2,True,36,18,3175,20.32,,3,,b15,3,1
GSb5b97e7f3667,groundsource,A,90.5304,26.08155,90.73314,26.26165,2022-06-29,2022-07-18,2022-07-03,2022-07-04,2022,SouthAsia,,nan,,,11.84798520599197,False,True,True,2,True,26,8,2332,14.925,,5,,b15,5,1
GS5309dc547b71,groundsource,A,71.13598,29.04039,71.35296,29.16231,2025-08-14,2025-09-01,2025-08-18,2025-08-18,2025,SouthAsia,,nan,,,22.67334781705726,True,False,False,1,True,26,9,473,3.027,,1,,b15,1,1
GS6c6b0e52d1c2,groundsource,A,103.56225,15.35969,104.04559,15.85256,2022-09-22,2022-10-10,2022-09-26,2022-09-26,2022,SoutheastAsia,,nan,,,851.8769816664418,False,True,True,2,True,26,10,33832,216.525,,5,,b15,5,1
GSdc7ec7458adb,groundsource,A,-52.14604,-30.04791,-51.63092,-29.67342,2023-09-11,2023-09-29,2023-09-15,2023-09-15,2023,SouthAmerica,,nan,,,510.3451611190097,False,True,True,2,True,17,5,6621,42.374,,5,,b15,5,1
GSfe8f0f2b2289,groundsource,A,105.98,17.56223,106.19404,17.78897,2020-10-21,2020-11-08,2020-10-25,2020-10-25,2020,SoutheastAsia,,nan,,,370.8809073290775,False,True,True,2,True,40,16,740,4.736,,0,,b15,0,0
GS16067ca3e647,groundsource,A,88.91103,23.8796,89.27551,24.24699,2020-06-30,2020-07-18,2020-07-04,2020-07-04,2020,SouthAsia,,nan,,,283.42102644799485,False,True,True,2,True,29,11,3479,22.266,,5,,b15,5,1
GSfb0872f4bca0,groundsource,A,105.94844,17.56224,106.19413,17.78914,2020-10-02,2020-10-26,2020-10-06,2020-10-12,2020,SoutheastAsia,,nan,,,352.8144213390893,False,True,True,2,True,39,17,895,5.728,,0,,b15,0,0
GS27e2f4e77a7e,groundsource,A,-52.5327,-31.00309,-52.01558,-30.74111,2023-09-09,2023-09-28,2023-09-13,2023-09-14,2023,SouthAmerica,,nan,,,503.3934653877016,False,True,True,2,True,11,5,2342,14.989,,3,,b15,3,1
GSf1d310cd7d2b,groundsource,A,83.72342,25.18713,84.14652,25.51936,2020-07-09,2020-07-27,2020-07-13,2020-07-13,2020,SouthAsia,,nan,,,280.7439609594128,False,True,True,2,True,48,13,7064,45.21,,5,,b15,5,1
GSd26b701ec171,groundsource,A,100.1369,14.97642,100.69918,15.52947,2022-09-22,2022-10-10,2022-09-26,2022-09-26,2022,SoutheastAsia,,nan,,,845.0983686804757,False,True,True,2,True,18,6,12831,82.118,,5,,b15,5,1
GSc9c34ea49032,groundsource,A,70.42691,28.82247,70.53228,28.91024,2025-09-02,2025-09-21,2025-09-06,2025-09-07,2025,SouthAsia,,nan,,,11.573668702539074,True,False,False,1,True,28,12,1198,7.667,,2,,b15,2,1
GS567b4da7ded2,groundsource,A,107.86467,15.95697,108.1573,16.29037,2020-10-02,2020-10-25,2020-10-06,2020-10-11,2020,SoutheastAsia,,nan,,,339.76414236600135,False,True,True,2,True,63,20,1291,8.262,,1,,b15,1,1
GS8d71d9a6b989,groundsource,A,110.40476,-7.49687,110.73423,-7.00665,2021-03-28,2021-04-16,2021-04-01,2021-04-02,2021,SoutheastAsia,,nan,,,1025.6269353707437,False,True,True,2,True,18,9,1940,12.416,,5,,b15,5,1
GSf68db3fca6c3,groundsource,A,72.37027,22.83144,72.68927,23.13957,2023-06-23,2023-07-16,2023-06-27,2023-07-02,2023,SouthAsia,,nan,,,484.9172116731257,False,True,False,1,True,61,9,1593,10.195,,4,,b15,4,1
GSc2c1fa506f85,groundsource,A,17.59812,42.78841,18.08185,42.95926,2026-01-02,2026-01-20,2026-01-06,2026-01-06,2026,Europe,,nan,,,182.99802405013344,True,False,False,1,True,66,16,616,3.942,,0,,b15,0,0
GSb705c2e99264,groundsource,A,100.1369,14.97643,100.69762,15.42968,2022-10-09,2022-10-27,2022-10-13,2022-10-13,2022,SoutheastAsia,,nan,,,845.0983686804757,False,True,True,2,True,15,5,18094,115.802,,5,,b15,5,1
GS02bb05adb9dc,groundsource,A,89.48474,25.66853,89.92256,25.99549,2020-07-04,2020-07-22,2020-07-08,2020-07-08,2020,SouthAsia,,nan,,,273.70768018985666,False,True,True,2,True,58,15,27236,174.31,,5,,b15,5,1
GS51092fe81237,groundsource,A,6.56322,6.56672,6.87835,6.83211,2022-09-29,2022-10-20,2022-10-03,2022-10-06,2022,Africa,,nan,,,131.80918385447498,False,True,True,2,True,15,6,31030,198.592,,5,,b15,5,1
GSd755b4532232,groundsource,A,-40.65359,-17.25396,-40.19871,-16.94353,2021-11-27,2021-12-15,2021-12-01,2021-12-01,2021,SouthAmerica,,nan,,,1398.0397777402027,False,True,True,2,True,15,8,352,2.253,,0,,b16,0,0
GSa027fdcb6edf,groundsource,A,-85.99787,12.06292,-85.75007,12.40461,2022-10-05,2022-10-23,2022-10-09,2022-10-09,2022,NorthAmerica,,nan,,,859.4969957425676,False,True,False,1,True,23,4,3452,22.093,,5,,b16,5,1
GS289fd1740a8a,groundsource,A,89.505,25.76952,89.97504,26.15275,2023-07-02,2023-07-22,2023-07-06,2023-07-08,2023,SouthAsia,,nan,,,417.58334147369874,False,True,False,1,True,55,14,11062,70.797,,0,,b16,0,0
GS924541497d0d,groundsource,A,-85.19181,43.38197,-84.51619,43.76727,2020-05-12,2020-06-05,2020-05-16,2020-05-22,2020,NorthAmerica,,nan,,,1499.9334685383924,False,True,False,1,True,39,13,361,2.31,,0,,b16,0,0
GSea5babfdf7b5,groundsource,A,89.57698,25.02994,89.9338,25.51411,2020-06-21,2020-07-15,2020-06-25,2020-07-01,2020,SouthAsia,,nan,,,272.8392216690181,False,True,True,2,True,130,17,39257,251.245,,0,,b16,0,0
GSf86d7bf4b818,groundsource,A,114.91511,30.12473,115.62183,30.84902,2020-07-15,2020-08-04,2020-07-19,2020-07-21,2020,EastAsia,,nan,,,1965.7727276352982,False,True,False,1,True,14,6,2299,14.714,,5,,b16,5,1
GSdacf8d52775d,groundsource,A,20.45262,38.87806,21.08516,39.48123,2025-11-23,2025-12-12,2025-11-27,2025-11-28,2025,Europe,,nan,,,1045.6005213820083,True,False,False,1,True,117,14,2475,15.84,,0,,b16,0,0
GS8474c43f4cd8,groundsource,A,90.53303,25.09888,90.67038,25.15089,2022-06-23,2022-07-11,2022-06-27,2022-06-27,2022,SouthAsia,,nan,,,10.692617541309342,False,True,True,2,True,39,8,453,2.899,,1,,b16,1,1
GS03841d7e9618,groundsource,A,107.43493,16.18646,107.76873,16.42823,2020-10-14,2020-11-01,2020-10-18,2020-10-18,2020,SoutheastAsia,,nan,,,268.4684318255747,False,True,True,2,True,64,18,3924,25.114,,2,,b16,2,1
GS36390d7f6f48,groundsource,A,6.56395,6.56673,6.87835,6.83211,2022-10-21,2022-11-09,2022-10-25,2022-10-26,2022,Africa,,nan,,,131.80918385447498,False,True,True,2,True,14,4,21920,140.288,,5,,b16,5,1
GS09ad002e44c1,groundsource,A,110.53988,-7.09797,110.9116,-6.64112,2021-01-14,2021-02-02,2021-01-18,2021-01-19,2021,SoutheastAsia,,nan,,,1002.6835779345868,False,True,True,2,True,16,8,4433,28.371,,5,,b16,5,1
GSbc98e5dbdd5a,groundsource,A,89.52174,25.76952,89.97504,26.15245,2023-09-30,2023-10-20,2023-10-04,2023-10-06,2023,SouthAsia,,nan,,,417.58334147369874,False,True,False,1,True,55,13,4048,25.907,,4,,b16,4,1
GS4d9f523dd7a2,groundsource,A,-0.3526,38.85567,-0.03072,39.20511,2024-10-24,2024-11-17,2024-10-28,2024-11-03,2024,Europe,,nan,,,434.5229606637632,True,False,True,2,True,59,16,2569,16.442,,4,,b16,4,1
GSd16ad5970532,groundsource,A,102.83344,14.67763,103.28959,15.21855,2022-09-17,2022-10-06,2022-09-21,2022-09-22,2022,SoutheastAsia,,nan,,,839.7810294030077,False,True,True,2,True,26,11,7387,47.277,,5,,b16,5,1
GSd59d4df5e9cd,groundsource,A,89.24769,25.70961,89.66375,26.07956,2020-06-21,2020-07-14,2020-06-25,2020-06-30,2020,SouthAsia,,nan,,,261.07482508511083,False,True,True,2,True,36,13,15375,98.4,,5,,b16,5,1
GS13f559b376a0,groundsource,A,-90.22388,13.72952,-90.04039,14.12328,2020-05-27,2020-06-16,2020-05-31,2020-06-02,2020,NorthAmerica,,nan,,,1493.087175713421,False,True,False,1,True,25,11,587,3.757,,0,,b16,0,0
GS7f9db92df635,groundsource,A,86.27806,25.72555,86.2993,25.80872,2022-06-11,2022-06-29,2022-06-15,2022-06-15,2022,SouthAsia,,nan,,,10.675226402346759,False,True,True,2,True,21,9,650,4.16,,0,,b16,0,0
GS748f6654b1c8,groundsource,A,114.91511,30.12473,115.62183,30.84902,2020-07-19,2020-08-06,2020-07-23,2020-07-23,2020,EastAsia,,nan,,,1965.7727276352982,False,True,False,1,True,15,6,2370,15.168,,5,,b16,5,1
GS0f3ff31ec5aa,groundsource,A,89.53369,25.76952,89.97504,26.15224,2023-10-11,2023-10-29,2023-10-15,2023-10-15,2023,SouthAsia,,nan,,,417.58334147369874,False,True,False,1,True,49,13,3772,24.141,,3,,b16,3,1
GS447cea10939e,groundsource,A,-9.26935,39.09538,-8.882,39.38182,2026-01-19,2026-02-07,2026-01-23,2026-01-24,2026,Europe,,nan,,,175.6863152511558,True,False,False,1,True,113,13,334,2.138,,0,,b16,0,0
GS9b9cae227937,groundsource,A,102.83344,14.67763,103.28959,15.21855,2022-09-24,2022-10-18,2022-09-28,2022-10-04,2022,SoutheastAsia,,nan,,,839.7810294030077,False,True,True,2,True,28,12,7566,48.422,,5,,b16,5,1
GSacd2ad49402a,groundsource,A,89.24769,25.70961,89.66375,26.07956,2020-07-05,2020-07-27,2020-07-09,2020-07-13,2020,SouthAsia,,nan,,,261.07482508511083,False,True,True,2,True,44,16,21433,137.171,,5,,b16,5,1
GS730e7d16548c,groundsource,A,-69.84982,19.00307,-69.22246,19.35987,2022-09-15,2022-10-04,2022-09-19,2022-09-20,2022,NorthAmerica,,nan,,,849.5351135829778,False,True,False,1,True,10,5,704,4.506,,0,,b16,0,0
GS55d589563d46,groundsource,A,86.19219,25.7251,86.2993,25.88023,2022-06-26,2022-07-14,2022-06-30,2022-06-30,2022,SouthAsia,,nan,,,10.675226402346759,False,True,True,2,True,23,10,1387,8.877,,3,,b16,3,1
GScb1c8573c49c,groundsource,A,105.65848,20.29263,105.93594,20.69289,2024-09-02,2024-09-26,2024-09-06,2024-09-12,2024,EastAsia,,nan,,,321.9444086320854,True,False,False,1,True,29,10,9851,63.046,,5,,b16,5,1
GS3b91f8d275ca,groundsource,A,-84.96089,43.03509,-84.2471,43.53834,2020-05-12,2020-06-05,2020-05-16,2020-05-22,2020,NorthAmerica,,nan,,,1481.5539311467144,False,True,False,1,True,39,13,628,4.019,,0,,b16,0,0
GS01b59953ed29,groundsource,A,106.51579,20.69453,106.75226,20.89258,2025-10-10,2025-10-28,2025-10-14,2025-10-14,2025,EastAsia,,nan,,,25.282945897520857,True,False,True,2,True,38,7,798,5.107,,3,,b16,3,1
GS1c1b7c1eaa23,groundsource,A,31.99251,48.38156,32.43975,48.65587,2020-06-18,2020-07-07,2020-06-22,2020-06-23,2020,Europe,,nan,,,109.98551652567414,False,True,True,2,True,56,20,470,3.008,,1,,b16,1,1
GS03e89004a1be,groundsource,A,26.87735,-6.12357,26.92437,-5.94047,2020-04-14,2020-05-02,2020-04-18,2020-04-18,2020,Africa,,nan,,,14.642358213581986,False,True,True,2,True,12,5,1779,11.386,,0,,b16,0,0
GSf60fec97569d,groundsource,A,100.2092,15.36735,100.6972,15.90197,2022-09-18,2022-10-06,2022-09-22,2022-09-22,2022,SoutheastAsia,,nan,,,839.042987920082,False,True,True,2,True,18,6,66692,426.829,,5,,b16,5,1
GScccc8a245c1e,groundsource,A,90.31582,24.93345,90.69479,25.25659,2020-06-14,2020-07-04,2020-06-18,2020-06-20,2020,SouthAsia,,nan,,,257.70523047683236,False,True,True,2,True,44,8,25125,160.8,,5,,b16,5,1
GS041f74798869,groundsource,A,15.95271,8.46022,16.19817,8.64611,2022-08-08,2022-08-26,2022-08-12,2022-08-12,2022,Africa,,nan,,,86.5245383061825,False,True,True,2,True,29,5,3974,25.434,,4,,b16,4,1
GS715c7c5b94ea,groundsource,A,-68.28123,-19.1228,-67.81948,-18.74164,2025-03-16,2025-04-03,2025-03-20,2025-03-20,2025,SouthAmerica,,nan,,,598.0218573022038,True,False,False,1,True,16,8,6336,40.55,,0,,b16,0,0
GS6ece1aaa0413,groundsource,A,103.17979,3.82688,103.35166,4.35027,2020-12-30,2021-01-17,2021-01-03,2021-01-03,2021,SoutheastAsia,,nan,,,945.3311309137495,False,True,True,2,True,13,7,618,3.955,,0,,b16,0,0
GSe4186045c98a,groundsource,A,-80.10936,36.18727,-79.5914,36.55058,2020-11-08,2020-11-27,2020-11-12,2020-11-13,2020,NorthAmerica,,nan,,,1480.2766227647078,False,True,False,1,True,14,6,356,2.278,,0,,b16,0,0
GSec633dba8956,groundsource,A,-51.90844,-31.30093,-51.54645,-30.91203,2023-09-11,2023-10-02,2023-09-15,2023-09-18,2023,SouthAmerica,,nan,,,480.0561280062421,False,True,True,2,True,18,6,4298,27.507,,2,,b16,2,1
GS05194d14a24f,groundsource,A,76.77379,28.46709,76.9831,28.52555,2023-07-18,2023-08-05,2023-07-22,2023-07-22,2023,SouthAsia,,nan,,,413.45824878768,False,True,False,1,True,15,6,997,6.381,,2,,b16,2,1
GSe76b01760be7,groundsource,A,103.35142,15.35145,103.7727,15.67158,2022-10-16,2022-11-05,2022-10-20,2022-10-22,2022,SoutheastAsia,,nan,,,831.3524257336335,False,True,True,2,True,52,14,2770,17.728,,4,,b16,4,1
GS7b292be70e70,groundsource,A,-39.11807,-15.69945,-38.98592,-15.57863,2021-11-26,2021-12-15,2021-11-30,2021-12-01,2021,SouthAmerica,,nan,,,1325.5700534432558,False,True,True,2,True,17,9,365,2.336,,0,,b16,0,0
GSf6e36340720e,groundsource,A,88.7615,24.55971,89.23585,24.86706,2020-07-06,2020-07-26,2020-07-10,2020-07-12,2020,SouthAsia,,nan,,,249.5013195050132,False,True,True,2,True,41,14,82548,528.307,,5,,b16,5,1
GS7c2214524fc9,groundsource,A,87.85068,26.23919,88.05423,26.43121,2022-06-05,2022-06-23,2022-06-09,2022-06-09,2022,SouthAsia,,nan,,,10.360767894712879,False,True,True,2,True,30,11,1194,7.642,,3,,b16,3,1
GS2d9e48a357bf,groundsource,A,-0.5438,39.10862,-0.23473,39.38321,2025-02-26,2025-03-19,2025-03-02,2025-03-05,2025,Europe,,nan,,,975.7619890400947,True,False,False,1,True,59,15,713,4.563,,0,,b16,0,0
GS654d0c93b03c,groundsource,A,108.67664,12.93361,109.23379,13.47661,2021-11-15,2021-12-05,2021-11-19,2021-11-21,2021,SoutheastAsia,,nan,,,933.6355862508718,False,True,True,2,True,25,7,2956,18.918,,3,,b16,3,1
GS29adb2a52bdd,groundsource,A,99.37487,19.54889,100.10234,20.21114,2022-08-03,2022-08-22,2022-08-07,2022-08-08,2022,EastAsia,,nan,,,1592.3982731818287,False,True,False,1,True,47,10,5541,35.462,,5,,b16,5,1
GS2e29ddba4e89,groundsource,A,20.65691,41.81924,21.07278,42.07624,2026-01-01,2026-01-21,2026-01-05,2026-01-07,2026,Europe,,nan,,,147.5141610776581,True,False,False,1,True,118,13,485,3.104,,0,,b16,0,0
GS5d551603973c,groundsource,A,99.87416,16.83791,100.36249,17.29753,2022-09-22,2022-10-10,2022-09-26,2022-09-26,2022,SoutheastAsia,,nan,,,827.7289985154914,False,True,True,2,True,39,9,38988,249.523,,0,,b16,0,0
GS984d82b13aa2,groundsource,A,67.34304,26.47642,67.67939,26.82433,2020-08-04,2020-08-24,2020-08-08,2020-08-10,2020,SouthAsia,,nan,,,249.14291745077477,False,True,True,2,True,27,11,10352,66.253,,5,,b16,5,1
GS7718254489c6,groundsource,A,113.87078,34.11238,114.35752,34.67896,2021-07-22,2021-08-12,2021-07-26,2021-07-29,2021,EastAsia,,nan,,,1308.558704277537,False,True,False,1,True,14,6,4267,27.309,,5,,b16,5,1
GS997577a66238,groundsource,A,40.11345,-2.34681,40.22365,-2.17739,2023-11-15,2023-12-03,2023-11-19,2023-11-19,2023,Africa,,nan,,,42.73591791883508,False,True,True,2,True,15,7,1114,7.13,,0,,b16,0,0
GS46c9cb5ce56e,groundsource,A,67.83546,28.68657,68.38824,29.42804,2022-08-08,2022-08-29,2022-08-12,2022-08-15,2022,SouthAsia,,nan,,,1996.063070653431,False,True,False,1,True,62,15,91142,583.309,,5,,b16,5,1
GS6350e0b7d5d8,groundsource,A,-39.33327,-17.96956,-39.16,-17.70108,2021-11-27,2021-12-15,2021-12-01,2021-12-01,2021,SouthAmerica,,nan,,,1318.1760634371924,False,True,True,2,True,11,8,460,2.944,,0,,b17,0,0
GS0bf215c67f76,groundsource,A,102.41086,2.92133,102.86676,3.45533,2020-12-29,2021-01-17,2021-01-02,2021-01-03,2021,SoutheastAsia,,nan,,,893.8540997906437,False,True,True,2,True,17,7,1513,9.683,,0,,b17,0,0
GS0ec272a466ec,groundsource,A,-72.11222,11.01853,-71.87358,11.24705,2022-11-04,2022-11-23,2022-11-08,2022-11-09,2022,CentralAmericaCaribbean,,nan,,,458.6164652986306,False,True,False,1,True,22,5,546,3.494,,0,,b17,0,0
GS019a065cf817,groundsource,A,6.67498,7.36884,7.41586,8.12075,2020-09-15,2020-10-04,2020-09-19,2020-09-20,2020,Africa,,nan,,,1903.4579991911603,False,True,False,1,True,17,5,6597,42.221,,5,,b17,5,1
GS21d4a050c921,groundsource,A,72.61891,20.971,72.95012,21.34508,2023-06-23,2023-07-17,2023-06-27,2023-07-03,2023,SouthAsia,,nan,,,388.6717406229573,False,True,False,1,True,34,10,3123,19.987,,5,,b17,5,1
GSb0f06a3207cb,groundsource,A,100.98678,13.93445,101.50084,14.32157,2022-10-09,2022-10-27,2022-10-13,2022-10-13,2022,SoutheastAsia,,nan,,,825.0971906928414,False,True,True,2,True,37,9,14012,89.677,,5,,b17,5,1
GSc3744c1b9aca,groundsource,A,67.44113,26.27115,67.92846,26.59695,2020-08-23,2020-09-10,2020-08-27,2020-08-27,2020,SouthAsia,,nan,,,248.19989008305038,False,True,True,2,True,23,9,25088,160.563,,5,,b17,5,1
GSb27bd2e19892,groundsource,A,-82.16619,40.07688,-81.58627,40.52659,2020-03-15,2020-04-03,2020-03-19,2020-03-20,2020,NorthAmerica,,nan,,,1468.6157956215059,False,True,False,1,True,29,11,723,4.627,,0,,b17,0,0
GS81e49343619a,groundsource,A,-72.11222,11.01853,-71.87358,11.24705,2022-11-09,2022-11-29,2022-11-13,2022-11-15,2022,CentralAmericaCaribbean,,nan,,,458.6164652986306,False,True,False,1,True,26,6,507,3.245,,0,,b17,0,0
GS81e3f8d3a55d,groundsource,A,78.49379,27.48831,79.29612,28.11308,2022-08-20,2022-09-09,2022-08-24,2022-08-26,2022,SouthAsia,,nan,,,1971.2099909548785,False,True,False,1,True,22,8,2863,18.323,,0,,b17,0,0
GS5445fb332604,groundsource,A,99.37487,19.54889,100.10234,20.21114,2022-08-07,2022-08-30,2022-08-11,2022-08-16,2022,EastAsia,,nan,,,1592.3982731818287,False,True,False,1,True,59,12,5565,35.616,,5,,b17,5,1
GS428dee6c4d0f,groundsource,A,-8.25025,38.12541,-7.90767,38.39553,2026-01-19,2026-02-06,2026-01-23,2026-01-23,2026,Europe,,nan,,,134.80162354835198,True,False,False,1,True,51,12,874,5.594,,0,,b17,0,0
GSdb309be0015b,groundsource,A,113.49606,34.79299,114.35405,35.26932,2021-07-24,2021-08-11,2021-07-28,2021-07-28,2021,EastAsia,,nan,,,1277.1369096918806,False,True,False,1,True,12,5,1138,7.283,,3,,b17,3,1
GS1aa61eb51e3c,groundsource,A,102.41086,2.92133,102.86676,3.45533,2021-01-01,2021-01-20,2021-01-05,2021-01-06,2021,SoutheastAsia,,nan,,,893.8540997906437,False,True,True,2,True,21,9,1513,9.683,,0,,b17,0,0
GS234d68911b1e,groundsource,A,6.67498,7.36884,7.52021,8.12115,2020-09-26,2020-10-14,2020-09-30,2020-09-30,2020,Africa,,nan,,,1903.4579991911603,False,True,False,1,True,14,4,6871,43.974,,5,,b17,5,1
GScc5779bb06f0,groundsource,A,-52.42424,-31.8315,-51.99795,-31.40392,2023-09-13,2023-10-03,2023-09-17,2023-09-19,2023,SouthAmerica,,nan,,,475.7098123048275,False,True,True,2,True,22,5,14881,95.238,,5,,b17,5,1
GSd7e05ed6f17d,groundsource,A,90.66019,24.88001,91.06087,25.18821,2023-06-14,2023-07-02,2023-06-18,2023-06-18,2023,SouthAsia,,nan,,,383.35688514848175,False,True,False,1,True,38,9,35951,230.086,,5,,b17,5,1
GS58e7262ffc3a,groundsource,A,100.32547,15.66324,100.82562,16.1028,2022-09-22,2022-10-10,2022-09-26,2022-09-26,2022,SoutheastAsia,,nan,,,823.2008182680989,False,True,True,2,True,38,13,31121,199.174,,0,,b17,0,0
GS434e001d25d9,groundsource,A,-74.9299,8.57572,-74.46556,8.93355,2020-10-07,2020-10-25,2020-10-11,2020-10-11,2020,CentralAmericaCaribbean,,nan,,,1112.8644727548683,False,True,False,1,True,52,10,424,2.714,,0,,b17,0,0
GSc547b72baa1e,groundsource,A,-39.52372,-17.98686,-39.22043,-17.75851,2021-12-19,2022-01-10,2021-12-23,2021-12-27,2021,SouthAmerica,,nan,,,1318.1760634371924,False,True,True,2,True,8,6,361,2.31,,0,,b17,0,0
GS17f4316701b5,groundsource,A,89.9328,23.48948,90.37085,23.82579,2020-06-21,2020-07-10,2020-06-25,2020-06-26,2020,SouthAsia,,nan,,,239.84950562886561,False,True,True,2,True,16,6,10631,68.038,,5,,b17,5,1
GS388f7e5f2135,groundsource,A,106.31574,20.12185,107.76358,21.10963,2025-09-26,2025-10-15,2025-09-30,2025-10-01,2025,EastAsia,,nan,,,1403.29969939492,True,False,False,1,True,36,7,4713,30.163,,5,,b17,5,1
GS14fa3f5b6feb,groundsource,A,90.63026,23.54951,91.30497,24.34539,2022-04-22,2022-05-10,2022-04-26,2022-04-26,2022,SouthAsia,,nan,,,1932.996727253528,False,True,False,1,True,17,7,4677,29.933,,5,,b17,5,1
GS89f37155d094,groundsource,A,-80.56801,35.4314,-79.95209,36.10229,2020-11-08,2020-11-27,2020-11-12,2020-11-13,2020,NorthAmerica,,nan,,,1462.8894838919691,False,True,False,1,True,7,4,1411,9.03,,3,,b17,3,1
GS9c9c2eb2ff25,groundsource,A,-69.26877,11.01422,-68.90224,11.29649,2020-11-10,2020-11-30,2020-11-14,2020-11-16,2020,CentralAmericaCaribbean,,nan,,,1023.4405682415315,False,True,False,1,True,37,13,967,6.189,,0,,b17,0,0
GS022efef4fdfc,groundsource,A,6.62444,6.77407,6.87591,7.01171,2022-09-29,2022-10-20,2022-10-03,2022-10-06,2022,Africa,,nan,,,67.58390183317819,False,True,True,2,True,15,6,19479,124.666,,5,,b17,5,1
GS052fd77aad73,groundsource,A,109.42997,-7.2089,109.83881,-6.80402,2021-01-14,2021-02-04,2021-01-18,2021-01-21,2021,SoutheastAsia,,nan,,,892.554102628549,False,True,True,2,True,20,10,2107,13.485,,5,,b17,5,1
GS6fddf248b004,groundsource,A,92.50676,25.89175,92.85906,26.29849,2023-06-14,2023-07-04,2023-06-18,2023-06-20,2023,SouthAsia,,nan,,,377.0474665307248,False,True,False,1,True,42,9,12957,82.925,,5,,b17,5,1
GSe09182027286,groundsource,A,-8.98628,39.68052,-8.82059,39.89906,2026-01-24,2026-02-12,2026-01-28,2026-01-29,2026,Europe,,nan,,,132.87104728660907,True,False,False,1,True,50,9,950,6.08,,0,,b17,0,0
GSb16c527dc733,groundsource,A,-79.96593,-2.23107,-79.55709,-1.80384,2025-02-28,2025-03-20,2025-03-04,2025-03-06,2025,SouthAmerica,,nan,,,373.00619651214055,True,False,False,1,True,39,10,30180,193.152,,5,,b17,5,1
GSbeddd445b20a,groundsource,A,89.9328,23.48948,90.37241,23.82581,2020-07-06,2020-07-24,2020-07-10,2020-07-10,2020,SouthAsia,,nan,,,239.84950562886561,False,True,True,2,True,25,9,27191,174.022,,5,,b17,5,1
GSd69ebbe2df25,groundsource,A,-74.51731,10.54031,-74.22337,10.83536,2022-10-21,2022-11-08,2022-10-25,2022-10-25,2022,CentralAmericaCaribbean,,nan,,,284.8590918666008,False,True,False,1,True,38,7,639,4.09,,0,,b17,0,0
GSb471523daf8a,groundsource,A,-73.00206,-38.16246,-72.88762,-38.01353,2023-06-18,2023-07-09,2023-06-22,2023-06-25,2023,SouthAmerica,,nan,,,468.17587291171014,False,True,True,2,True,26,6,339,2.17,,1,,b17,1,1
GS419faba00f40,groundsource,A,90.02578,25.85531,91.18695,26.30241,2022-05-26,2022-06-13,2022-05-30,2022-05-30,2022,SouthAsia,,nan,,,1911.2845069440355,False,True,False,1,True,23,7,18092,115.789,,5,,b17,5,1
GS0882ecfb8290,groundsource,A,105.95156,21.34652,106.36829,21.69844,2024-09-03,2024-09-26,2024-09-07,2024-09-12,2024,EastAsia,,nan,,,306.5607227165095,True,False,False,1,True,29,10,572,3.661,,1,,b17,1,1
GS3b11a7605906,groundsource,A,-78.15961,35.1028,-77.687,35.67614,2020-11-08,2020-11-30,2020-11-12,2020-11-16,2020,NorthAmerica,,nan,,,1456.2876196347981,False,True,False,1,True,12,5,1177,7.533,,5,,b17,5,1
GSa94c43cdc615,groundsource,A,-39.52372,-17.98686,-39.22043,-17.75851,2021-12-25,2022-01-14,2021-12-29,2021-12-31,2021,SouthAmerica,,nan,,,1318.1760634371924,False,True,True,2,True,6,4,330,2.112,,0,,b17,0,0
GS1fa5c8b63e2b,groundsource,A,106.31569,20.11535,107.76358,21.10963,2025-10-10,2025-10-28,2025-10-14,2025-10-14,2025,EastAsia,,nan,,,1403.29969939492,True,False,False,1,True,38,7,4384,28.058,,5,,b17,5,1
GSdcec08577700,groundsource,A,108.20503,13.28532,108.61397,13.68623,2021-11-23,2021-12-16,2021-11-27,2021-12-02,2021,SoutheastAsia,,nan,,,871.3083840575616,False,True,True,2,True,82,12,1381,8.838,,5,,b17,5,1
GS37a84876f3f1,groundsource,A,89.6168,24.76813,89.99366,25.16113,2020-06-24,2020-07-13,2020-06-28,2020-06-29,2020,SouthAsia,,nan,,,236.61888847679649,False,True,True,2,True,45,14,35908,229.811,,5,,b17,5,1
GSc055fbc22a96,groundsource,A,103.04887,3.53411,103.42522,4.08901,2023-01-28,2023-02-17,2023-02-01,2023-02-03,2023,SoutheastAsia,,nan,,,786.741532758442,False,True,False,1,True,16,9,2001,12.806,,1,,b17,1,1
GS6aebc4ae30ce,groundsource,A,67.84686,27.04826,68.58201,28.01572,2022-07-28,2022-08-15,2022-08-01,2022-08-01,2022,SouthAsia,,nan,,,1905.6521355623058,False,True,False,1,True,98,12,145538,931.443,,0,,b17,0,0
GSf6d474190748,groundsource,A,106.18537,17.60131,106.54421,17.87054,2020-10-06,2020-10-24,2020-10-10,2020-10-10,2020,SoutheastAsia,,nan,,,159.9626033504619,False,True,True,2,True,56,14,6563,42.003,,5,,b17,5,1
GS350795633c10,groundsource,A,6.70407,6.02599,6.80545,6.25276,2022-10-03,2022-10-21,2022-10-07,2022-10-07,2022,Africa,,nan,,,61.34837901105722,False,True,True,2,True,14,5,2869,18.362,,5,,b17,5,1
GSbe87538115b9,groundsource,A,96.73554,5.1487,97.06343,5.26261,2023-01-17,2023-02-06,2023-01-21,2023-01-23,2023,SouthAsia,,nan,,,356.4184646755091,False,True,False,1,True,15,7,1933,12.371,,5,,b17,5,1
GS4a82f68bb603,groundsource,A,106.35176,20.36954,106.67658,20.71488,2024-09-02,2024-09-26,2024-09-06,2024-09-12,2024,EastAsia,,nan,,,299.2798011430962,True,False,False,1,True,49,10,2054,13.146,,5,,b17,5,1
GS3b905fbcebbe,groundsource,A,14.1311,52.88707,14.49544,53.21273,2024-09-20,2024-10-14,2024-09-24,2024-09-30,2024,Europe,,nan,,,349.4865755225982,True,False,True,2,True,49,15,3584,22.938,,0,,b17,0,0
GSffc6df2a9814,groundsource,A,102.64843,14.75918,103.09905,15.28303,2022-10-09,2022-10-27,2022-10-13,2022-10-13,2022,SoutheastAsia,,nan,,,812.3619111464006,False,True,True,2,True,21,9,7852,50.253,,5,,b17,5,1
GS61dcde986b19,groundsource,A,-87.45901,39.53992,-87.35437,40.01889,2021-06-28,2021-07-16,2021-07-02,2021-07-02,2021,NorthAmerica,,nan,,,1169.3170665271307,False,True,False,1,True,23,7,1388,8.883,,3,,b17,3,1
GS53b33a22ac8b,groundsource,A,-41.45225,-12.76675,-41.15796,-12.08697,2021-12-06,2021-12-25,2021-12-10,2021-12-11,2021,SouthAmerica,,nan,,,1287.0765186283866,False,True,True,2,True,22,5,631,4.038,,0,,b17,0,0
GSb472f342b3af,groundsource,A,83.39444,24.86953,83.79265,25.09796,2020-07-16,2020-08-05,2020-07-20,2020-07-22,2020,SouthAsia,,nan,,,236.21197339321583,False,True,True,2,True,27,11,4598,29.427,,5,,b18,5,1
GSe7e63bf826c1,groundsource,A,106.5932,21.90421,107.08502,22.34817,2025-09-25,2025-10-17,2025-09-29,2025-10-03,2025,EastAsia,,nan,,,649.4052480411792,True,False,False,1,True,33,8,680,4.352,,0,,b18,0,0
GS2e4ec898ddce,groundsource,A,103.04893,3.53411,103.42594,4.06296,2023-02-25,2023-03-18,2023-03-01,2023-03-04,2023,SoutheastAsia,,nan,,,786.741532758442,False,True,False,1,True,15,8,1526,9.766,,1,,b18,1,1
GSa0890c1c9a76,groundsource,A,-66.54982,18.4226,-66.51348,18.47652,2022-09-12,2022-10-05,2022-09-16,2022-09-21,2022,NorthAmerica,,nan,,,325.2273558953587,False,True,False,1,True,10,7,305,1.952,,0,,b18,0,0
GS1f3588e77de3,groundsource,A,67.84686,27.04826,68.58201,28.01572,2022-08-12,2022-09-04,2022-08-16,2022-08-21,2022,SouthAsia,,nan,,,1905.6521355623058,False,True,False,1,True,126,16,585908,3749.811,,5,,b18,5,1
GS2779886d6b81,groundsource,A,126.20567,36.51719,126.57839,37.10559,2023-07-18,2023-08-06,2023-07-22,2023-07-23,2023,EastAsia,,nan,,,740.9866874593116,False,True,False,1,True,25,5,5390,34.496,,0,,b18,0,0
GS494e0e68c7ed,groundsource,A,6.70407,6.02599,6.80545,6.25276,2022-10-07,2022-10-25,2022-10-11,2022-10-11,2022,Africa,,nan,,,61.34837901105722,False,True,True,2,True,15,5,2909,18.618,,5,,b18,5,1
GSd8475b59b91e,groundsource,A,86.94229,26.63363,87.12336,26.77525,2021-06-10,2021-06-28,2021-06-14,2021-06-14,2021,SouthAsia,,nan,,,54.022028774763996,False,True,True,2,True,31,11,386,2.47,,0,,b18,0,0
GS8c9436e2af7e,groundsource,A,7.76768,45.29872,8.43415,45.8302,2025-04-12,2025-05-02,2025-04-16,2025-04-18,2025,Europe,,nan,,,905.0982184576092,True,False,False,1,True,36,13,4866,31.142,,5,,b18,5,1
GSa66ec7512c16,groundsource,A,71.66658,22.01941,72.12584,22.35083,2023-06-26,2023-07-14,2023-06-30,2023-06-30,2023,SouthAsia,,nan,,,344.85939452623415,False,True,False,1,True,8,3,55343,354.195,,5,,b18,5,1
GS49fd6c9f7f69,groundsource,A,-8.77391,39.96911,-8.5345,40.18605,2026-01-17,2026-02-04,2026-01-21,2026-01-21,2026,Europe,,nan,,,89.78548545267962,True,False,False,1,True,50,9,6338,40.563,,4,,b18,4,1
GSb539ceed0b1e,groundsource,A,100.85587,14.27171,101.23634,14.8858,2022-09-24,2022-10-14,2022-09-28,2022-09-30,2022,SoutheastAsia,,nan,,,805.688348807221,False,True,True,2,True,24,10,1116,7.142,,3,,b18,3,1
GSc92a320549ca,groundsource,A,-79.72096,-2.10163,-79.37265,-1.80829,2025-02-28,2025-03-19,2025-03-04,2025-03-05,2025,SouthAmerica,,nan,,,217.32205120515312,True,False,False,1,True,21,9,13155,84.192,,5,,b18,5,1
GSd8a2153b23ce,groundsource,A,88.71882,25.31263,89.07464,25.63775,2020-07-05,2020-07-25,2020-07-09,2020-07-11,2020,SouthAsia,,nan,,,229.84360180609002,False,True,True,2,True,37,14,34535,221.024,,5,,b18,5,1
GS31aa3402d2d5,groundsource,A,114.04401,34.42567,114.76806,34.98988,2021-07-12,2021-08-05,2021-07-16,2021-07-22,2021,EastAsia,,nan,,,1251.4561004889258,False,True,False,1,True,14,6,3012,19.277,,5,,b18,5,1
GS979a902678c4,groundsource,A,-68.77142,18.50444,-68.56741,18.86197,2022-09-15,2022-10-03,2022-09-19,2022-09-19,2022,NorthAmerica,,nan,,,322.77682536978597,False,True,False,1,True,9,6,1663,10.643,,0,,b18,0,0
GS80714f6c84cc,groundsource,A,67.84686,27.04826,68.58201,28.01572,2022-08-28,2022-09-16,2022-09-01,2022-09-02,2022,SouthAsia,,nan,,,1905.6521355623058,False,True,False,1,True,106,13,423755,2712.032,,5,,b18,5,1
GS60a0d3f2c43d,groundsource,A,106.35176,20.36954,106.67658,20.71488,2024-09-11,2024-09-29,2024-09-15,2024-09-15,2024,EastAsia,,nan,,,299.2798011430962,True,False,False,1,True,40,8,1628,10.419,,5,,b18,5,1
GSb6aea9750e0d,groundsource,A,102.02289,5.71258,102.25593,5.97975,2020-12-13,2021-01-02,2020-12-17,2020-12-19,2020,SoutheastAsia,,nan,,,140.94024197940647,False,True,True,2,True,21,6,481,3.078,,0,,b18,0,0
GSea0fdd393e74,groundsource,A,-41.34399,-12.76498,-41.28604,-12.62498,2021-12-19,2022-01-10,2021-12-23,2021-12-27,2021,SouthAmerica,,nan,,,1287.0765186283866,False,True,True,2,True,28,6,497,3.181,,0,,b18,0,0
GSb5d454ff8174,groundsource,A,4.28144,10.49968,4.74564,11.02992,2020-09-04,2020-09-22,2020-09-08,2020-09-08,2020,Africa,,nan,,,1553.3227855685188,False,True,False,1,True,26,5,4165,26.656,,3,,b18,3,1
GS5322803ff8a9,groundsource,A,91.4461,25.99217,91.95507,26.29355,2023-06-24,2023-07-13,2023-06-28,2023-06-29,2023,SouthAsia,,nan,,,336.26146894743516,False,True,False,1,True,29,9,12399,79.354,,5,,b18,5,1
GS962fce40c9be,groundsource,A,7.96383,60.71588,8.6768,61.14315,2023-08-01,2023-08-25,2023-08-05,2023-08-11,2023,Europe,,nan,,,752.5202728026633,True,False,True,2,True,67,15,387,2.477,,0,,b18,0,0
GS6846cb8eb1e7,groundsource,A,105.20462,14.84039,105.67008,15.31502,2022-09-22,2022-10-10,2022-09-26,2022-09-26,2022,SoutheastAsia,,nan,,,784.0626166595011,False,True,True,2,True,26,10,714,4.57,,0,,b18,0,0
GSa55b1b8a772d,groundsource,A,89.1713,25.10751,89.61484,25.39107,2020-07-06,2020-07-26,2020-07-10,2020-07-12,2020,SouthAsia,,nan,,,196.47406236574048,False,True,True,2,True,81,15,29951,191.686,,0,,b18,0,0
GS2a4da8854b9a,groundsource,A,81.41512,27.78077,82.23536,28.08751,2022-08-22,2022-09-14,2022-08-26,2022-08-31,2022,SouthAsia,,nan,,,1875.6443753478334,False,True,False,1,True,24,9,1355,8.672,,4,,b18,4,1
GS5686ced194c6,groundsource,A,109.28837,34.42755,109.85925,34.85244,2021-09-28,2021-10-21,2021-10-02,2021-10-07,2021,EastAsia,,nan,,,1249.5103646333537,False,True,False,1,True,36,8,7608,48.691,,5,,b18,5,1
GSb2861bf15273,groundsource,A,106.21554,20.94804,106.57855,21.30653,2024-09-03,2024-09-22,2024-09-07,2024-09-08,2024,EastAsia,,nan,,,288.4014466135371,True,False,False,1,True,26,9,11715,74.976,,5,,b18,5,1
GS20a2fa996ce5,groundsource,A,0.10427,10.0489,0.754,10.75591,2020-09-17,2020-10-05,2020-09-21,2020-09-21,2020,Africa,,nan,,,1527.2544757272494,False,True,False,1,True,49,11,21023,134.547,,5,,b18,5,1
GSc93851804a78,groundsource,A,-70.7177,-33.94719,-70.3085,-33.66814,2023-06-16,2023-07-10,2023-06-20,2023-06-26,2023,SouthAmerica,,nan,,,442.90437682187724,False,True,True,2,True,38,11,431,2.758,,0,,b18,0,0
GS825cb2621c4e,groundsource,A,88.7777,25.99211,89.18478,26.3651,2023-06-28,2023-07-20,2023-07-02,2023-07-06,2023,SouthAsia,,nan,,,329.4814154348417,False,True,False,1,True,34,12,12529,80.186,,5,,b18,5,1
GSf0673dcbe54a,groundsource,A,29.70112,9.20558,29.83726,9.31215,2021-07-21,2021-08-08,2021-07-25,2021-07-25,2021,Africa,,nan,,,43.881662819407566,False,True,False,1,True,11,5,407,2.605,,0,,b18,0,0
GS38be5955664b,groundsource,A,-41.34399,-12.76498,-41.28604,-12.62498,2021-12-25,2022-01-13,2021-12-29,2021-12-30,2021,SouthAmerica,,nan,,,1287.0765186283866,False,True,True,2,True,22,5,497,3.181,,0,,b18,0,0
GS8138a4b63ca1,groundsource,A,89.72462,24.40133,90.07929,24.73346,2020-07-03,2020-07-21,2020-07-07,2020-07-07,2020,SouthAsia,,nan,,,185.28733774582886,False,True,True,2,True,59,16,27151,173.766,,5,,b18,5,1
GS04d112ff55c6,groundsource,A,125.56239,8.6792,125.71893,8.92823,2023-02-14,2023-03-06,2023-02-18,2023-02-20,2023,SoutheastAsia,,nan,,,731.7589705751345,False,True,False,1,True,11,3,483,3.091,,2,,b18,2,1
GS757f9b784b99,groundsource,A,68.27073,24.28642,68.87392,24.99545,2022-08-31,2022-09-18,2022-09-04,2022-09-04,2022,SouthAsia,,nan,,,1872.860148644526,False,True,False,1,True,37,10,14333,91.731,,5,,b18,5,1
GS43449c467c43,groundsource,A,22.11318,39.17865,22.77307,39.50454,2023-09-16,2023-10-05,2023-09-20,2023-09-21,2023,Europe,,nan,,,740.0256939549784,True,False,True,2,True,74,15,3410,21.824,,3,,b18,3,1
GS5568b5494a4e,groundsource,A,-81.76914,39.90032,-81.13134,40.28045,2020-03-15,2020-04-05,2020-03-19,2020-03-22,2020,NorthAmerica,,nan,,,1369.800657125469,False,True,False,1,True,33,12,378,2.419,,1,,b18,1,1
GSb40c0a3e98f9,groundsource,A,-74.27268,10.82901,-74.24542,10.90287,2020-09-29,2020-10-19,2020-10-03,2020-10-05,2020,CentralAmericaCaribbean,,nan,,,445.399526153934,False,True,False,1,True,49,14,444,2.842,,0,,b18,0,0
GS6223a52e8228,groundsource,A,90.93784,24.9462,91.37538,25.20794,2023-06-27,2023-07-18,2023-07-01,2023-07-04,2023,SouthAsia,,nan,,,323.62961818025474,False,True,False,1,True,52,11,32031,204.998,,5,,b18,5,1
GSb2e38e9ee5fd,groundsource,A,105.54048,19.5214,105.83026,19.82685,2024-09-03,2024-09-22,2024-09-07,2024-09-08,2024,EastAsia,,nan,,,279.49219727231684,True,False,False,1,True,26,9,871,5.574,,2,,b18,2,1
GSe67efb94fa9d,groundsource,A,29.70112,9.20558,29.83726,9.31215,2021-07-28,2021-08-15,2021-08-01,2021-08-01,2021,Africa,,nan,,,43.881662819407566,False,True,False,1,True,12,7,408,2.611,,0,,b18,0,0
GS5abaca417183,groundsource,A,-80.84928,35.43325,-80.20001,35.93853,2020-11-08,2020-11-26,2020-11-12,2020-11-12,2020,NorthAmerica,,nan,,,1360.9711971955014,False,True,False,1,True,7,4,985,6.304,,1,,b18,1,1
GSabc03eeccc07,groundsource,A,6.23999,5.44169,6.44802,5.65516,2022-10-04,2022-10-23,2022-10-08,2022-10-09,2022,Africa,,nan,,,31.491566583332894,False,True,True,2,True,27,6,2971,19.014,,0,,b18,0,0
GSf730327db9e9,groundsource,A,78.32756,12.18423,78.95787,12.95951,2021-11-06,2021-11-24,2021-11-10,2021-11-10,2021,SouthAsia,,nan,,,1983.0986191681889,False,True,False,1,True,10,3,1202,7.693,,0,,b18,0,0
GS6af7609755bd,groundsource,A,47.71378,33.24358,48.31134,33.81609,2020-02-21,2020-03-11,2020-02-25,2020-02-26,2020,Africa,,nan,,,1440.0399281148304,False,True,False,1,True,90,17,817,5.229,,0,,b18,0,0
GS0b4c23f8aa92,groundsource,A,114.41096,33.54226,114.81449,34.05659,2021-07-22,2021-08-10,2021-07-26,2021-07-27,2021,EastAsia,,nan,,,1206.0504017714186,False,True,False,1,True,26,6,939,6.01,,4,,b18,4,1
GS8d396051a7a8,groundsource,A,99.88105,17.06481,100.25018,17.51864,2022-10-13,2022-10-31,2022-10-17,2022-10-17,2022,SoutheastAsia,,nan,,,762.2945554100794,False,True,True,2,True,21,9,924,5.914,,4,,b18,4,1
GS5bac29063707,groundsource,A,105.59044,21.25156,106.0232,21.62007,2024-08-25,2024-09-13,2024-08-29,2024-08-30,2024,EastAsia,,nan,,,253.21848087064888,True,False,False,1,True,22,8,3105,19.872,,5,,b18,5,1
GS3ad6b20ac701,groundsource,A,20.46542,40.42847,20.9208,40.76624,2025-11-17,2025-12-06,2025-11-21,2025-11-22,2025,Europe,,nan,,,800.3955698437658,True,False,False,1,True,70,14,1217,7.789,,3,,b18,3,1
GSbf35c41b4cc5,groundsource,A,16.53046,50.28121,16.93834,50.51873,2024-09-11,2024-09-30,2024-09-15,2024-09-16,2024,Europe,,nan,,,244.82592065417617,True,False,True,2,True,40,14,367,2.349,,1,,b19,1,1
GS2dbf1bfeb0e8,groundsource,A,91.94253,24.54896,92.37761,24.91043,2023-06-24,2023-07-18,2023-06-28,2023-07-04,2023,SouthAsia,,nan,,,317.759347220583,False,True,False,1,True,26,10,20507,131.245,,5,,b19,5,1
GSbdaabd130412,groundsource,A,102.38773,13.39339,102.73325,13.86939,2022-09-26,2022-10-14,2022-09-30,2022-09-30,2022,SoutheastAsia,,nan,,,742.4703274356774,False,True,True,2,True,16,7,767,4.909,,2,,b19,2,1
GS4f7536432b43,groundsource,A,-89.11438,15.16844,-88.41626,15.67999,2020-11-16,2020-12-04,2020-11-20,2020-11-20,2020,NorthAmerica,,nan,,,1324.8392698120608,False,True,False,1,True,46,13,966,6.182,,0,,b19,0,0
GSab3c79e1082a,groundsource,A,9.20631,44.98335,10.01266,45.54134,2025-04-12,2025-05-01,2025-04-16,2025-04-17,2025,Europe,,nan,,,779.680884467266,True,False,False,1,True,33,12,1948,12.467,,5,,b19,5,1
GSf851db069f34,groundsource,A,4.16552,10.61393,4.90609,11.29821,2020-08-29,2020-09-17,2020-09-02,2020-09-03,2020,Africa,,nan,,,1371.0587376142346,False,True,False,1,True,29,6,13173,84.307,,0,,b19,0,0
GS8e35cae741a3,groundsource,A,78.32683,12.18422,78.95787,12.95951,2021-11-15,2021-12-05,2021-11-19,2021-11-21,2021,SouthAsia,,nan,,,1983.0986191681889,False,True,False,1,True,14,4,1797,11.501,,0,,b19,0,0
GS1c0c9cc680bb,groundsource,A,89.43784,26.07275,89.82652,26.4903,2023-06-16,2023-07-07,2023-06-20,2023-06-23,2023,SouthAsia,,nan,,,310.57116683129465,False,True,False,1,True,58,15,3686,23.59,,5,,b19,5,1
GS6b3651f0f425,groundsource,A,106.25299,17.43272,106.49108,17.72352,2020-10-24,2020-11-12,2020-10-28,2020-10-29,2020,SoutheastAsia,,nan,,,102.62733338967288,False,True,True,2,True,83,20,3100,19.84,,4,,b19,4,1
GS42a46008fb6a,groundsource,A,6.08354,5.30037,6.29204,5.47337,2022-10-04,2022-10-24,2022-10-08,2022-10-10,2022,Africa,,nan,,,28.446637547559448,False,True,True,2,True,13,6,4352,27.853,,0,,b19,0,0
GS43408cab2d7f,groundsource,A,89.3645,25.63875,89.71497,25.96591,2020-06-22,2020-07-12,2020-06-26,2020-06-28,2020,SouthAsia,,nan,,,165.01217779555557,False,True,True,2,True,45,12,10685,68.384,,5,,b19,5,1
GS6abb66ef860d,groundsource,A,-69.14425,9.43343,-68.90436,9.63098,2020-11-03,2020-11-25,2020-11-07,2020-11-11,2020,CentralAmericaCaribbean,,nan,,,234.1571756544519,False,True,False,1,True,39,13,456,2.918,,0,,b19,0,0
GS6d3502e2ffa1,groundsource,A,12.34899,51.73848,12.90878,52.09507,2024-09-13,2024-10-02,2024-09-17,2024-09-18,2024,Europe,,nan,,,238.05266955906274,True,False,True,2,True,39,13,9981,63.878,,5,,b19,5,1
GS2fa0f2aabfaf,groundsource,A,81.06682,25.2171,81.89908,25.85698,2022-08-20,2022-09-11,2022-08-24,2022-08-28,2022,SouthAsia,,nan,,,1799.0888058821788,False,True,False,1,True,22,10,26415,169.056,,5,,b19,5,1
GSf03ccb9eedb5,groundsource,A,103.74609,15.72821,104.24832,16.29168,2022-09-22,2022-10-10,2022-09-26,2022-09-26,2022,SoutheastAsia,,nan,,,738.941193968223,False,True,True,2,True,26,10,18717,119.789,,5,,b19,5,1
GS288e93a2ee7c,groundsource,A,105.56125,20.72409,105.82409,21.02295,2024-08-23,2024-09-10,2024-08-27,2024-08-27,2024,EastAsia,,nan,,,243.2894095785458,True,False,False,1,True,21,8,1116,7.142,,4,,b19,4,1
GSafc45462a389,groundsource,A,-97.8331,27.38481,-96.92785,28.00674,2020-07-19,2020-08-06,2020-07-23,2020-07-23,2020,NorthAmerica,,nan,,,1313.2682072383188,False,True,False,1,True,19,8,1080,6.912,,2,,b19,2,1
GS80e5dff402be,groundsource,A,-0.01905,9.8606,0.4958,10.44306,2020-09-04,2020-09-22,2020-09-08,2020-09-08,2020,Africa,,nan,,,1368.3953685098663,False,True,False,1,True,23,10,19721,126.214,,5,,b19,5,1
GSbbd51884ef64,groundsource,A,78.32683,12.18422,78.95787,12.95951,2021-11-25,2021-12-14,2021-11-29,2021-11-30,2021,SouthAsia,,nan,,,1983.0986191681889,False,True,False,1,True,11,3,1753,11.219,,0,,b19,0,0
GS3f827567e911,groundsource,A,103.04887,3.53411,103.4137,4.08898,2021-12-06,2021-12-24,2021-12-10,2021-12-10,2021,SoutheastAsia,,nan,,,786.741532758442,False,True,True,2,True,11,7,2784,17.818,,1,,b19,1,1
GSb3b417c037fa,groundsource,A,88.74033,26.16404,89.15036,26.62361,2023-09-30,2023-10-18,2023-10-04,2023-10-04,2023,SouthAsia,,nan,,,308.7194979651372,False,True,False,1,True,28,10,3876,24.806,,5,,b19,5,1
GS07ceb4b24fd1,groundsource,A,106.92684,16.61604,107.24314,16.8736,2020-10-04,2020-10-22,2020-10-08,2020-10-08,2020,SoutheastAsia,,nan,,,101.63286987847793,False,True,True,2,True,21,11,14502,92.813,,5,,b19,5,1
GS7f154364c544,groundsource,A,-86.77431,38.91738,-86.2729,39.40311,2021-06-14,2021-07-05,2021-06-18,2021-06-21,2021,NorthAmerica,,nan,,,1062.9279470203012,False,True,False,1,True,13,5,1875,12.0,,2,,b19,2,1
GS93eca55dfc0d,groundsource,A,83.86137,26.88437,84.22,27.26175,2020-07-27,2020-08-14,2020-07-31,2020-07-31,2020,SouthAsia,,nan,,,157.66614827242506,False,True,True,2,True,23,10,4382,28.045,,5,,b19,5,1
GS2f748e153b4b,groundsource,A,81.06682,25.2171,81.89908,25.85698,2022-08-28,2022-09-15,2022-09-01,2022-09-01,2022,SouthAsia,,nan,,,1799.0888058821788,False,True,False,1,True,20,9,26428,169.139,,5,,b19,5,1
GS8a634e39d8b2,groundsource,A,103.68484,17.13954,104.14127,17.34878,2022-10-01,2022-10-19,2022-10-05,2022-10-05,2022,SoutheastAsia,,nan,,,736.8430325494733,False,True,True,2,True,20,7,480,3.072,,0,,b19,0,0
GS163246ebdd3d,groundsource,A,9.70245,11.19327,10.27586,11.78549,2020-08-22,2020-09-09,2020-08-26,2020-08-26,2020,Africa,,nan,,,1332.1458072583034,False,True,False,1,True,10,4,2049,13.114,,5,,b19,5,1
GS2d88481b4ca4,groundsource,A,-67.22313,-18.09101,-67.03401,-17.84205,2025-03-26,2025-04-16,2025-03-30,2025-04-02,2025,SouthAmerica,,nan,,,97.86475102268638,True,False,False,1,True,17,8,3339,21.37,,1,,b19,1,1
GS155d09d5c2db,groundsource,A,103.07594,4.34952,103.26622,4.8976,2020-12-30,2021-01-18,2021-01-03,2021-01-04,2021,SoutheastAsia,,nan,,,786.5565044149996,False,True,True,2,True,15,8,378,2.419,,0,,b19,0,0
GS55d2593b4c41,groundsource,A,105.40945,21.27578,105.70259,21.62079,2024-09-03,2024-09-22,2024-09-07,2024-09-08,2024,EastAsia,,nan,,,230.59292541194984,True,False,False,1,True,26,9,2598,16.627,,5,,b19,5,1
GS5b0e812e02c2,groundsource,A,16.95294,51.01972,17.45239,51.29126,2024-09-08,2024-09-26,2024-09-12,2024-09-12,2024,Europe,,nan,,,216.42024113875584,True,False,True,2,True,36,13,1508,9.651,,3,,b19,3,1
GS18d2c7501bde,groundsource,A,76.86589,28.75847,77.2975,29.1381,2023-06-22,2023-07-10,2023-06-26,2023-06-26,2023,SouthAsia,,nan,,,303.85916650957165,False,True,False,1,True,17,7,7263,46.483,,5,,b19,5,1
GS313962dcaf8e,groundsource,A,-86.72809,39.2661,-86.21623,39.67999,2021-06-14,2021-07-03,2021-06-18,2021-06-19,2021,NorthAmerica,,nan,,,1054.267451403593,False,True,False,1,True,13,5,1047,6.701,,2,,b19,2,1
GS5ad225dec31c,groundsource,A,26.43528,48.5873,26.69481,48.80633,2020-06-12,2020-06-30,2020-06-16,2020-06-16,2020,Europe,,nan,,,27.181269451135883,False,True,True,2,True,65,19,554,3.546,,2,,b19,2,1
GSae8f83a84c94,groundsource,A,6.66466,7.00754,6.79316,7.22944,2022-10-19,2022-11-07,2022-10-23,2022-10-24,2022,Africa,,nan,,,20.84080363901689,False,True,True,2,True,15,5,2487,15.917,,2,,b19,2,1
GS2683bda4ab35,groundsource,A,125.99192,8.89458,126.1095,8.96563,2023-02-14,2023-03-06,2023-02-18,2023-02-20,2023,SoutheastAsia,,nan,,,670.7860635238513,False,True,False,1,True,11,3,617,3.949,,1,,b19,1,1
GS703914935f9c,groundsource,A,85.93053,19.89156,86.72087,20.47719,2022-08-21,2022-09-08,2022-08-25,2022-08-25,2022,SouthAsia,,nan,,,1759.090756945831,False,True,False,1,True,14,6,42146,269.734,,5,,b19,5,1
GS4f45c56303bd,groundsource,A,99.81524,15.4853,100.4163,15.92367,2022-09-18,2022-10-06,2022-09-22,2022-09-22,2022,SoutheastAsia,,nan,,,718.0247592001758,False,True,True,2,True,18,6,73618,471.155,,5,,b19,5,1
GS1421e6b29323,groundsource,A,-88.90001,13.22372,-88.40727,13.74901,2020-05-27,2020-06-14,2020-05-31,2020-05-31,2020,NorthAmerica,,nan,,,1267.9384436190164,False,True,False,1,True,39,12,634,4.058,,0,,b19,0,0
GScf09a3ffbda5,groundsource,A,4.08909,11.09892,4.63571,11.79002,2020-08-26,2020-09-13,2020-08-30,2020-08-30,2020,Africa,,nan,,,1299.717584813945,False,True,False,1,True,11,4,42677,273.133,,5,,b19,5,1
GSc7097cf5f559,groundsource,A,-51.06841,-29.71967,-50.96584,-29.68572,2024-05-05,2024-05-27,2024-05-09,2024-05-13,2024,SouthAmerica,,nan,,,66.7688596882454,True,False,True,2,True,7,3,936,5.99,,0,,b19,0,0
GS3af064ccc6a2,groundsource,A,91.36324,24.88627,91.78743,25.17126,2023-06-12,2023-07-04,2023-06-16,2023-06-20,2023,SouthAsia,,nan,,,298.27710569019445,False,True,False,1,True,38,9,63058,403.571,,5,,b19,5,1
GS4c3007a38e8d,groundsource,A,105.24552,20.73167,105.54188,21.09667,2024-09-15,2024-10-03,2024-09-19,2024-09-19,2024,EastAsia,,nan,,,213.18111289072567,True,False,False,1,True,23,8,587,3.757,,1,,b19,1,1
GSf15c7eb3f1e2,groundsource,A,89.5981,23.59945,89.94968,23.91455,2020-06-22,2020-07-10,2020-06-26,2020-06-26,2020,SouthAsia,,nan,,,155.0021690820493,False,True,True,2,True,36,11,13723,87.827,,5,,b19,5,1
GSb6f69631680a,groundsource,A,16.95294,51.01979,17.44895,51.29126,2024-09-13,2024-10-02,2024-09-17,2024-09-18,2024,Europe,,nan,,,216.42024113875584,True,False,True,2,True,39,13,1499,9.594,,3,,b19,3,1
GSf2bc6c48e1d0,groundsource,A,104.35112,14.87715,104.81143,15.35463,2022-09-22,2022-10-10,2022-09-26,2022-09-26,2022,SoutheastAsia,,nan,,,717.7292816624514,False,True,True,2,True,26,10,33147,212.141,,5,,b19,5,1
GS448fab51794e,groundsource,A,126.32455,35.28519,126.85533,36.47482,2023-07-18,2023-08-06,2023-07-22,2023-07-23,2023,EastAsia,,nan,,,599.7681118527177,False,True,False,1,True,37,5,3196,20.454,,0,,b19,0,0
GSb80dd7420439,groundsource,A,4.08909,11.09893,4.63424,11.79002,2020-09-06,2020-09-26,2020-09-10,2020-09-12,2020,Africa,,nan,,,1299.717584813945,False,True,False,1,True,11,4,51127,327.213,,5,,b19,5,1
GS0914d214ada7,groundsource,A,81.54058,27.33276,82.29666,28.0259,2021-08-31,2021-09-18,2021-09-04,2021-09-04,2021,SouthAsia,,nan,,,1930.1453299649913,False,True,False,1,True,22,8,5548,35.507,,5,,b19,5,1
GS45352c130a97,groundsource,A,0.50945,51.86137,1.39243,52.2624,2023-10-15,2023-11-08,2023-10-19,2023-10-25,2023,Europe,,nan,,,596.2093814880659,True,True,False,2,True,33,12,1172,7.501,,0,,b19,0,0
GSc5414297a812,groundsource,A,77.15582,28.55978,77.64657,28.87716,2023-06-20,2023-07-09,2023-06-24,2023-06-25,2023,SouthAsia,,nan,,,293.8430458933097,False,True,False,1,True,45,12,673,4.307,,1,,b20,1,1
GSeb355413ac15,groundsource,A,106.78315,17.01035,107.06232,17.26088,2020-10-16,2020-11-03,2020-10-20,2020-10-20,2020,SoutheastAsia,,nan,,,90.36835205127394,False,True,True,2,True,33,17,7806,49.958,,4,,b20,4,1
GS72572806db6b,groundsource,A,14.92398,11.99104,15.11665,12.17626,2022-08-02,2022-08-20,2022-08-06,2022-08-06,2022,Africa,,nan,,,12.536393909578075,False,True,True,2,True,16,4,1538,9.843,,2,,b20,2,1
GS3186f70ccf58,groundsource,A,68.22783,25.22735,68.48714,25.54127,2020-09-01,2020-09-19,2020-09-05,2020-09-05,2020,SouthAsia,,nan,,,146.21859073244465,False,True,True,2,True,25,10,3220,20.608,,2,,b20,2,1
GSf202438f9429,groundsource,A,125.52899,8.67762,125.71896,8.92832,2023-02-14,2023-03-06,2023-02-18,2023-02-20,2023,SoutheastAsia,,nan,,,647.1940385964906,False,True,False,1,True,33,5,556,3.558,,2,,b20,2,1
GS13bc5b872284,groundsource,A,105.63388,19.56853,105.93291,19.84597,2024-09-18,2024-10-07,2024-09-22,2024-09-23,2024,EastAsia,,nan,,,205.50301668165858,True,False,False,1,True,22,8,571,3.654,,2,,b20,2,1
GSab75786b834d,groundsource,A,83.22705,25.71249,83.95605,26.36396,2022-08-14,2022-09-01,2022-08-18,2022-08-18,2022,SouthAsia,,nan,,,1726.5345122873996,False,True,False,1,True,39,11,1979,12.666,,3,,b20,3,1
GS97b1ada3dfc8,groundsource,A,102.39053,5.70084,102.64177,5.8704,2022-11-27,2022-12-15,2022-12-01,2022-12-01,2022,SoutheastAsia,,nan,,,714.0509830915222,False,True,True,2,True,19,5,418,2.675,,0,,b20,0,0
GS99fe97b208df,groundsource,A,99.18135,19.65503,99.72038,20.054,2022-08-05,2022-08-23,2022-08-09,2022-08-09,2022,EastAsia,,nan,,,1403.4187492346061,False,True,False,1,True,44,9,2420,15.488,,5,,b20,5,1
GS4acfb2a3b0c9,groundsource,A,6.07027,49.3716,6.29967,49.55087,2021-07-04,2021-07-22,2021-07-08,2021-07-08,2021,Europe,,nan,,,10.75956802334429,False,True,True,2,True,68,18,320,2.048,,0,,b20,0,0
GS6aac8f97694b,groundsource,A,78.8682,10.8108,79.5783,11.49402,2021-10-19,2021-11-06,2021-10-23,2021-10-23,2021,SouthAsia,,nan,,,1928.0144010417837,False,True,False,1,True,11,3,7493,47.955,,5,,b20,5,1
GS050880950770,groundsource,A,-73.17089,43.85646,-73.10675,43.96615,2023-07-20,2023-08-07,2023-07-24,2023-07-24,2023,NorthAmerica,,nan,,,129.8335955121081,False,True,False,1,True,23,7,527,3.373,,2,,b20,2,1
GS70f65d087028,groundsource,A,16.92767,50.33334,17.42577,50.59335,2024-09-10,2024-09-28,2024-09-14,2024-09-14,2024,Europe,,nan,,,190.45479226570367,True,False,True,2,True,36,13,1107,7.085,,3,,b20,3,1
GS8974ac81cdea,groundsource,A,90.50239,24.90598,90.88445,25.17244,2023-06-23,2023-07-11,2023-06-27,2023-06-27,2023,SouthAsia,,nan,,,285.6811949613941,False,True,False,1,True,49,10,17807,113.965,,5,,b20,5,1
GS9ac9222eb2ed,groundsource,A,-72.50404,-36.98221,-72.1922,-36.60885,2023-08-14,2023-09-04,2023-08-18,2023-08-21,2023,SouthAmerica,,nan,,,429.11799303174786,False,True,True,2,True,17,4,498,3.187,,1,,b20,1,1
GS6d51f9b63a33,groundsource,A,-87.14856,39.09308,-86.53506,39.53795,2021-06-14,2021-07-03,2021-06-18,2021-06-19,2021,NorthAmerica,,nan,,,1006.3279591932719,False,True,False,1,True,13,5,3377,21.613,,5,,b20,5,1
GS07da01589f4c,groundsource,A,14.92398,11.99104,15.11665,12.17626,2022-08-11,2022-08-29,2022-08-15,2022-08-15,2022,Africa,,nan,,,12.536393909578075,False,True,True,2,True,14,5,1168,7.475,,1,,b20,1,1
GS230bbe3950c1,groundsource,A,82.83769,25.1701,83.14362,25.47092,2020-07-02,2020-07-20,2020-07-06,2020-07-06,2020,SouthAsia,,nan,,,144.3923948614556,False,True,True,2,True,21,10,3164,20.25,,5,,b20,5,1
GS32cf89991fad,groundsource,A,113.20627,29.11053,113.83643,29.92348,2020-07-03,2020-07-23,2020-07-07,2020-07-09,2020,EastAsia,,nan,,,1749.2177811595038,False,True,False,1,True,11,6,1739,11.13,,5,,b20,5,1
GS4ba58d143b11,groundsource,A,0.50945,51.86137,1.39243,52.2624,2023-10-29,2023-11-16,2023-11-02,2023-11-02,2023,Europe,,nan,,,596.2093814880659,True,True,False,2,True,32,11,1001,6.406,,0,,b20,0,0
GSc0c6a179d79e,groundsource,A,32.53317,-25.11873,32.7659,-25.00042,2023-02-20,2023-03-10,2023-02-24,2023-02-24,2023,Africa,,nan,,,30.441495652018503,False,True,True,2,True,23,9,1552,9.933,,1,,b20,1,1
GSb643815f1092,groundsource,A,83.22147,25.71247,83.95685,26.36405,2022-08-22,2022-09-10,2022-08-26,2022-08-27,2022,SouthAsia,,nan,,,1726.5345122873996,False,True,False,1,True,42,12,4337,27.757,,5,,b20,5,1
GS456615d6b4a1,groundsource,A,102.38689,5.57792,102.64298,5.87619,2022-12-07,2022-12-25,2022-12-11,2022-12-11,2022,SoutheastAsia,,nan,,,714.0509830915222,False,True,True,2,True,19,5,808,5.171,,2,,b20,2,1
GSf1bb286fe1a2,groundsource,A,105.94557,19.91284,106.23156,20.22973,2024-09-06,2024-09-26,2024-09-10,2024-09-12,2024,EastAsia,,nan,,,198.29788880026604,True,False,False,1,True,24,8,2054,13.146,,5,,b20,5,1
GS81e738fb44ce,groundsource,A,78.8682,10.8108,79.5783,11.49402,2021-11-06,2021-11-27,2021-11-10,2021-11-13,2021,SouthAsia,,nan,,,1928.0144010417837,False,True,False,1,True,10,3,6701,42.886,,4,,b20,4,1
GS683945d94469,groundsource,A,82.83928,25.1701,83.14362,25.4709,2020-07-16,2020-08-03,2020-07-20,2020-07-20,2020,SouthAsia,,nan,,,144.3923948614556,False,True,True,2,True,24,10,756,4.838,,1,,b20,1,1
GS798a190a9b6c,groundsource,A,-80.26456,-0.85774,-80.16172,-0.69127,2025-03-01,2025-03-19,2025-03-05,2025-03-05,2025,SouthAmerica,,nan,,,24.922054486919492,True,False,False,1,True,7,4,607,3.885,,0,,b20,0,0
GS8df28044d6bd,groundsource,A,103.14696,1.92169,103.6004,2.29547,2023-01-20,2023-02-11,2023-01-24,2023-01-28,2023,SoutheastAsia,,nan,,,642.0225911504231,False,True,False,1,True,20,10,518,3.315,,0,,b20,0,0
GS840609c2ef44,groundsource,A,28.03399,46.13599,28.32206,46.44913,2024-09-10,2024-09-28,2024-09-14,2024-09-14,2024,Europe,,nan,,,147.51744679374087,True,False,True,2,True,34,13,1321,8.454,,4,,b20,4,1
GSd37e9b99eb2b,groundsource,A,40.15686,-2.5195,40.35271,-2.32901,2023-11-11,2023-11-30,2023-11-15,2023-11-16,2023,Africa,,nan,,,28.06452178127996,False,True,True,2,True,22,6,1019,6.522,,0,,b20,0,0
GS2fa1cb246f32,groundsource,A,83.67681,25.17584,84.48687,25.78689,2022-08-24,2022-09-13,2022-08-28,2022-08-30,2022,SouthAsia,,nan,,,1713.3838522365065,False,True,False,1,True,45,13,33996,217.574,,5,,b20,5,1
GS1f32b599dea8,groundsource,A,102.38761,5.57793,102.64298,5.87619,2022-12-22,2023-01-10,2022-12-26,2022-12-27,2022,SoutheastAsia,,nan,,,714.0509830915222,False,True,True,2,True,22,6,557,3.565,,0,,b20,0,0
GS22713be53453,groundsource,A,113.20828,29.12856,113.80167,29.92345,2020-07-22,2020-08-09,2020-07-26,2020-07-26,2020,EastAsia,,nan,,,1749.2177811595038,False,True,False,1,True,13,6,1121,7.174,,2,,b20,2,1
GS59631ba29b32,groundsource,A,-70.16657,19.12758,-69.71648,19.32146,2020-08-19,2020-09-07,2020-08-23,2020-08-24,2020,NorthAmerica,,nan,,,1209.611815893863,False,True,False,1,True,10,6,949,6.074,,0,,b20,0,0
GSa6a4d0c1e4eb,groundsource,A,78.8682,10.8108,79.5783,11.49402,2021-11-11,2021-11-29,2021-11-15,2021-11-15,2021,SouthAsia,,nan,,,1928.0144010417837,False,True,False,1,True,11,3,14653,93.779,,5,,b20,5,1
DFO4978,dfo,C,-75.42304,8.93013,-73.53211,11.04479,2020-10-16,2020-11-23,2020-10-20,2020-11-09,2020,CentralAmericaCaribbean,Colombia,1.5,Heavy rain,,37556.501862859994,,,,,True,95,25,2725,17.44,DFO Severity 1.5,0,,b20,0,0
GS8da146a77132,groundsource,A,105.83238,20.68338,106.12166,20.96039,2024-09-03,2024-09-21,2024-09-07,2024-09-07,2024,EastAsia,,nan,,,129.83946397714365,True,False,False,1,True,23,8,1351,8.646,,2,,b20,2,1
GScff831245eda,groundsource,A,108.50757,15.51355,108.55508,15.56104,2020-10-02,2020-10-23,2020-10-06,2020-10-09,2020,SoutheastAsia,,nan,,,71.90703705704843,False,True,True,2,True,27,11,838,5.363,,1,,b20,1,1
GS8de73ef0f399,groundsource,A,-94.20718,29.78919,-93.60161,30.31956,2021-05-12,2021-06-05,2021-05-16,2021-05-22,2021,NorthAmerica,,nan,,,977.6459211264423,False,True,False,1,True,22,8,17003,108.819,,0,,b20,0,0
GS0a8eb4cabbb0,groundsource,A,34.82647,-17.2072,35.37555,-16.23477,2022-03-12,2022-03-30,2022-03-16,2022-03-16,2022,Africa,,nan,,,1921.803389208612,False,True,False,1,True,10,4,15154,96.986,,5,,b20,5,1
GS3f3564d3a75c,groundsource,A,84.33593,26.25658,84.65507,26.56659,2020-07-19,2020-08-07,2020-07-23,2020-07-24,2020,SouthAsia,,nan,,,142.6486470005733,False,True,True,2,True,27,11,41736,267.11,,5,,b20,5,1
GSc4f5475a75a2,groundsource,A,-51.17738,-29.99953,-50.9501,-29.95105,2024-04-28,2024-05-17,2024-05-02,2024-05-03,2024,SouthAmerica,,nan,,,38.88443046212585,True,False,True,2,True,7,3,2617,16.749,,0,,b20,0,0
GS6714e6d977fc,groundsource,A,103.14696,1.81824,103.60192,2.29548,2023-02-24,2023-03-18,2023-02-28,2023-03-04,2023,SoutheastAsia,,nan,,,642.0225911504231,False,True,False,1,True,20,10,1456,9.318,,0,,b20,0,0
GS7cc7e32e8e82,groundsource,A,80.03921,28.47678,80.63858,29.14252,2022-09-11,2022-10-03,2022-09-15,2022-09-19,2022,SouthAsia,,nan,,,1617.9741018594711,False,True,False,1,True,52,13,5877,37.613,,5,,b20,5,1
GSc474b79d7d88,groundsource,A,109.00373,34.21181,109.55998,34.5772,2021-09-15,2021-10-04,2021-09-19,2021-09-20,2021,EastAsia,,nan,,,941.8603415460359,False,True,False,1,True,14,7,3868,24.755,,5,,b20,5,1
GSe9dd74681407,groundsource,A,32.11778,15.3167,32.38502,15.60398,2020-07-11,2020-07-29,2020-07-15,2020-07-15,2020,Africa,,nan,,,1220.8023286074267,False,True,False,1,True,10,4,336,2.15,,0,,b20,0,0
GSad9d311d3feb,groundsource,A,85.64682,25.17254,86.59662,25.85212,2021-08-07,2021-08-28,2021-08-11,2021-08-14,2021,SouthAsia,,nan,,,1918.0392493206607,False,True,False,1,True,26,11,213618,1367.155,,5,,b20,5,1
GSae980446ccd0,groundsource,A,89.57698,25.03128,89.86463,25.51411,2023-06-17,2023-07-05,2023-06-21,2023-06-21,2023,SouthAsia,,nan,,,272.8392216690181,False,True,False,1,True,82,14,5338,34.163,,5,,b20,5,1
GSf079e0e85820,groundsource,A,14.23054,11.82555,14.75006,12.44286,2022-09-20,2022-10-10,2022-09-24,2022-09-26,2022,Africa,,nan,,,1898.623474757975,False,True,False,1,True,18,5,8632,55.245,,4,,b20,4,1
GSf31671fa84da,groundsource,A,89.16839,25.92934,89.49357,26.24991,2020-07-25,2020-08-12,2020-07-29,2020-07-29,2020,SouthAsia,,nan,,,138.32713941544029,False,True,True,2,True,31,11,3989,25.53,,5,,b20,5,1
GS2ea2817a1544,groundsource,A,121.09853,18.46651,121.34325,18.61406,2022-10-12,2022-10-30,2022-10-16,2022-10-16,2022,EastAsia,,nan,,,1362.1954354624152,False,True,False,1,True,8,4,757,4.845,,3,,b21,3,1
GS82b1bda118ea,groundsource,A,108.80485,14.36039,109.04321,14.7716,2022-10-05,2022-10-26,2022-10-09,2022-10-12,2022,SoutheastAsia,,nan,,,698.2553939238014,False,True,True,2,True,28,9,488,3.123,,1,,b21,1,1
GSdca1447a321d,groundsource,A,4.09388,11.58567,4.61316,12.19424,2020-08-29,2020-09-17,2020-09-02,2020-09-03,2020,Africa,,nan,,,1048.3547291943091,False,True,False,1,True,16,6,48631,311.238,,5,,b21,5,1
GSf94f5c754e69,groundsource,A,85.64682,25.17254,86.59662,25.85212,2021-08-12,2021-09-02,2021-08-16,2021-08-19,2021,SouthAsia,,nan,,,1918.0392493206607,False,True,False,1,True,25,11,206085,1318.944,,5,,b21,5,1
DFO5322,dfo,C,-76.96081,5.40427,-71.05567,12.40316,2022-10-19,2022-11-13,2022-10-23,2022-10-30,2022,CentralAmericaCaribbean,Colombia,1.5,Heavy rain,,63612.0,,,,,True,146,10,140344,898.202,DFO Severity 1.5,3,,b21,3,1
GSb1bedd9dac94,groundsource,A,109.07312,34.41988,109.55644,34.62985,2021-10-02,2021-10-21,2021-10-06,2021-10-07,2021,EastAsia,,nan,,,941.8603415460359,False,True,False,1,True,13,6,969,6.202,,2,,b21,2,1
GS391fa2c417f1,groundsource,A,-73.25653,43.85849,-73.14976,44.06237,2023-07-05,2023-07-27,2023-07-09,2023-07-13,2023,NorthAmerica,,nan,,,121.30967769792008,False,True,False,1,True,19,7,1238,7.923,,0,,b21,0,0
GSe07b7aabcdf8,groundsource,A,88.67162,25.95557,88.98626,26.38185,2023-06-10,2023-06-28,2023-06-14,2023-06-14,2023,SouthAsia,,nan,,,260.4882676011259,False,True,False,1,True,19,7,3562,22.797,,5,,b21,5,1
GSa1b78e232081,groundsource,A,-5.96006,35.13291,-5.26703,35.72397,2021-02-25,2021-03-15,2021-03-01,2021-03-01,2021,Europe,,nan,,,1909.0163091000973,False,True,False,1,True,48,13,2277,14.573,,1,,b21,1,1
GS978b7ffaf683,groundsource,A,83.24116,26.61808,83.56797,26.91003,2020-07-05,2020-07-23,2020-07-09,2020-07-09,2020,SouthAsia,,nan,,,137.89860979497325,False,True,True,2,True,20,9,25188,161.203,,5,,b21,5,1
GSd953cbb1eab6,groundsource,A,16.53347,50.37673,16.66339,50.49137,2024-08-28,2024-09-15,2024-09-01,2024-09-01,2024,Europe,,nan,,,144.68946062576566,True,False,True,2,True,32,11,315,2.016,,0,,b21,0,0
GScb4d7d68234d,groundsource,A,68.17328,24.68397,68.83727,25.35949,2022-08-16,2022-09-05,2022-08-20,2022-08-22,2022,SouthAsia,,nan,,,1573.1766395154941,False,True,False,1,True,25,10,69102,442.253,,5,,b21,5,1
GSd300357d1f7c,groundsource,A,101.87289,16.36703,102.3914,16.92951,2022-09-16,2022-10-05,2022-09-20,2022-09-21,2022,SoutheastAsia,,nan,,,685.7194224010847,False,True,True,2,True,50,11,5656,36.198,,5,,b21,5,1
GSacc32b7f4ec7,groundsource,A,-70.37079,19.03251,-69.83552,19.23812,2020-08-18,2020-09-06,2020-08-22,2020-08-23,2020,NorthAmerica,,nan,,,1188.28399708201,False,True,False,1,True,10,6,1458,9.331,,3,,b21,3,1
GS0826b76c5fbd,groundsource,A,4.09388,11.58567,4.61316,12.19424,2020-09-06,2020-09-26,2020-09-10,2020-09-12,2020,Africa,,nan,,,1048.3547291943091,False,True,False,1,True,11,4,48609,311.098,,5,,b21,5,1
GS6a299d97127c,groundsource,A,79.09883,12.55269,79.86849,13.28679,2021-10-19,2021-11-06,2021-10-23,2021-10-23,2021,SouthAsia,,nan,,,1855.1265581501768,False,True,False,1,True,33,7,15881,101.638,,5,,b21,5,1
GS0f55fcb1f185,groundsource,A,108.80484,14.30112,109.05262,14.7724,2021-11-29,2021-12-17,2021-12-03,2021-12-03,2021,SoutheastAsia,,nan,,,698.2553939238014,False,True,True,2,True,35,10,2033,13.011,,2,,b21,2,1
GS9db582eb6f5a,groundsource,A,91.58315,24.89588,91.94036,25.17909,2023-06-15,2023-07-04,2023-06-19,2023-06-20,2023,SouthAsia,,nan,,,258.5787936699734,False,True,False,1,True,38,9,62910,402.624,,5,,b21,5,1
GS2cfbd26b84f4,groundsource,A,113.77505,35.26755,114.44125,35.68661,2021-08-07,2021-08-26,2021-08-11,2021-08-12,2021,EastAsia,,nan,,,869.4301575952238,False,True,False,1,True,14,6,6611,42.31,,5,,b21,5,1
GS947e0e01d537,groundsource,A,84.33139,25.95048,84.67148,26.23845,2020-07-22,2020-08-11,2020-07-26,2020-07-28,2020,SouthAsia,,nan,,,131.29545396754557,False,True,True,2,True,31,13,41184,263.578,,5,,b21,5,1
GS78258d37c367,groundsource,A,68.49034,25.13535,69.04828,25.82758,2022-08-12,2022-09-02,2022-08-16,2022-08-19,2022,SouthAsia,,nan,,,1572.6071640309904,False,True,False,1,True,51,12,37347,239.021,,5,,b21,5,1
GS0fc77a9a9729,groundsource,A,100.38309,16.60117,100.55226,16.84672,2022-09-19,2022-10-08,2022-09-23,2022-09-24,2022,SoutheastAsia,,nan,,,683.8012828468973,False,True,True,2,True,92,14,999,6.394,,3,,b21,3,1
GSbef926bf7d21,groundsource,A,-100.50657,50.12079,-99.86117,50.40495,2020-06-24,2020-07-17,2020-06-28,2020-07-03,2020,NorthAmerica,,nan,,,1161.371213131595,False,True,False,1,True,11,7,319,2.042,,0,,b21,0,0
GS4d3b7e113698,groundsource,A,4.84335,11.73242,5.35119,12.17721,2020-09-02,2020-09-20,2020-09-06,2020-09-06,2020,Africa,,nan,,,964.9899620834677,False,True,False,1,True,13,5,3869,24.762,,5,,b21,5,1
GS7eb518174c1a,groundsource,A,79.09883,12.55269,79.86849,13.28679,2021-11-22,2021-12-10,2021-11-26,2021-11-26,2021,SouthAsia,,nan,,,1855.1265581501768,False,True,False,1,True,33,7,29213,186.963,,5,,b21,5,1
GSe8d8f282d527,groundsource,A,108.78985,13.82555,109.24563,14.29771,2021-11-15,2021-12-07,2021-11-19,2021-11-23,2021,SoutheastAsia,,nan,,,687.3882795009146,False,True,True,2,True,12,6,19693,126.035,,5,,b21,5,1
GS43427d11703d,groundsource,A,16.53347,50.37673,16.66339,50.49137,2024-09-10,2024-10-03,2024-09-14,2024-09-19,2024,Europe,,nan,,,144.68946062576566,True,False,True,2,True,47,17,325,2.08,,0,,b21,0,0
GS2715501300fd,groundsource,A,89.50492,25.95283,89.88722,26.31556,2023-06-16,2023-07-06,2023-06-20,2023-06-22,2023,SouthAsia,,nan,,,236.56914728928206,False,True,False,1,True,55,14,4090,26.176,,5,,b21,5,1
GS86e368d78f87,groundsource,A,-72.53214,-36.95281,-72.3153,-36.59751,2023-06-16,2023-07-10,2023-06-20,2023-06-26,2023,SouthAmerica,,nan,,,401.7085243797342,False,True,True,2,True,51,6,467,2.989,,0,,b21,0,0
GS1883819c1a70,groundsource,A,7.27108,7.94766,7.82691,8.11889,2022-09-09,2022-09-27,2022-09-13,2022-09-13,2022,Africa,,nan,,,1675.5502665037748,False,True,False,1,True,16,5,7123,45.587,,5,,b21,5,1
GS02d9055010a9,groundsource,A,103.33096,2.26615,103.69827,2.66378,2023-03-01,2023-03-20,2023-03-05,2023-03-06,2023,SoutheastAsia,,nan,,,608.9443104565831,False,True,False,1,True,27,7,3725,23.84,,0,,b21,0,0
GS823190c78984,groundsource,A,113.93925,33.83254,114.42581,34.31031,2021-07-13,2021-07-31,2021-07-17,2021-07-17,2021,EastAsia,,nan,,,868.1876470297163,False,True,False,1,True,18,4,2042,13.069,,5,,b21,5,1
GS3709083fece4,groundsource,A,80.22288,28.20228,80.93905,28.71428,2022-08-12,2022-08-31,2022-08-16,2022-08-17,2022,SouthAsia,,nan,,,1535.5005499057147,False,True,False,1,True,44,11,5600,35.84,,5,,b21,5,1
GSacdb8d66cd31,groundsource,A,99.71936,14.14434,100.07114,14.7069,2022-10-04,2022-10-23,2022-10-08,2022-10-09,2022,SoutheastAsia,,nan,,,674.9478354390341,False,True,True,2,True,33,6,26694,170.842,,5,,b21,5,1
GS620edfd380b4,groundsource,A,35.70005,3.05711,35.75188,3.07532,2020-09-04,2020-09-22,2020-09-08,2020-09-08,2020,Africa,,nan,,,845.2555092392237,False,True,False,1,True,74,12,385,2.464,,0,,b21,0,0
GS68d4cd7a25a3,groundsource,A,79.09883,12.55269,79.86849,13.28679,2021-11-25,2021-12-13,2021-11-29,2021-11-29,2021,SouthAsia,,nan,,,1855.1265581501768,False,True,False,1,True,33,7,29213,186.963,,5,,b21,5,1
GS1a05ef6fb135,groundsource,A,18.84846,42.73378,19.10071,42.88647,2026-01-15,2026-02-02,2026-01-19,2026-01-19,2026,Europe,,nan,,,25.112002107556602,True,False,False,1,True,57,13,2250,14.4,,1,,b21,1,1
GS0228dacea305,groundsource,A,36.78918,-17.96207,37.00741,-17.75307,2021-01-15,2021-02-08,2021-01-19,2021-01-25,2021,Africa,,nan,,,25.64034875149642,False,True,False,1,True,22,7,930,5.952,,0,,b21,0,0
GSea045bf73bbd,groundsource,A,95.94733,5.25147,96.05748,5.36691,2023-01-16,2023-02-06,2023-01-20,2023-01-23,2023,SouthAsia,,nan,,,220.1970558198107,False,True,False,1,True,7,3,341,2.182,,1,,b21,1,1
GS5397697220e9,groundsource,A,82.57999,25.088,83.27754,25.63566,2022-08-21,2022-09-14,2022-08-25,2022-08-31,2022,SouthAsia,,nan,,,1532.6697160501662,False,True,False,1,True,26,12,24457,156.525,,5,,b21,5,1
GS13bd9395baf5,groundsource,A,99.71936,14.14434,100.07114,14.7069,2022-10-07,2022-10-26,2022-10-11,2022-10-12,2022,SoutheastAsia,,nan,,,674.9478354390341,False,True,True,2,True,27,5,26694,170.842,,5,,b21,5,1
GS6de58b7ce11e,groundsource,A,113.06302,34.82628,113.74158,35.26543,2021-07-25,2021-08-13,2021-07-29,2021-07-30,2021,EastAsia,,nan,,,828.5625993883335,False,True,False,1,True,14,6,1426,9.126,,0,,b21,0,0
GS658a034ad964,groundsource,A,86.53279,25.37288,87.20775,26.18979,2021-07-23,2021-08-10,2021-07-27,2021-07-27,2021,SouthAsia,,nan,,,1800.6708248602795,False,True,False,1,True,41,13,45414,290.65,,5,,b21,5,1
GSddfe5b41229d,groundsource,A,113.44404,29.57944,114.32609,30.07575,2020-06-24,2020-07-13,2020-06-28,2020-06-29,2020,EastAsia,,nan,,,1706.589217893736,False,True,False,1,True,25,8,6482,41.485,,5,,b21,5,1
GS0fc1eaefde5b,groundsource,A,-101.48375,20.18621,-101.03688,20.62532,2021-09-27,2021-10-15,2021-10-01,2021-10-01,2021,NorthAmerica,,nan,,,821.1061226648287,False,True,False,1,True,37,16,561,3.59,,1,,b21,1,1
GSe29c28adc1c6,groundsource,A,-51.18432,-30.04427,-50.79264,-29.94244,2024-05-13,2024-06-03,2024-05-17,2024-05-20,2024,SouthAmerica,,nan,,,236.10696908123,True,False,False,1,True,3,2,5944,38.042,,2,,b21,2,1
GS35e9a3a83a6b,groundsource,A,92.62057,25.75093,93.08931,26.27656,2022-05-13,2022-06-05,2022-05-17,2022-05-22,2022,SouthAsia,,nan,,,1451.4419913545191,False,True,False,1,True,64,13,49519,316.922,,5,,b21,5,1
GSb98cfd568934,groundsource,A,102.27499,15.99473,102.77419,16.44991,2022-10-15,2022-11-02,2022-10-19,2022-10-19,2022,SoutheastAsia,,nan,,,673.9367861344324,False,True,True,2,True,18,8,13962,89.357,,5,,b21,5,1
GS4a50f03c418d,groundsource,A,4.8854,8.79093,5.99155,9.58127,2020-09-24,2020-10-12,2020-09-28,2020-09-28,2020,Africa,,nan,,,801.4798987420414,False,True,False,1,True,23,8,51765,331.296,,5,,b21,5,1
GS35ce74b07ad0,groundsource,A,78.65864,10.98686,79.24532,11.59534,2021-11-05,2021-11-25,2021-11-09,2021-11-11,2021,SouthAsia,,nan,,,1759.3396272007517,False,True,False,1,True,10,3,826,5.286,,0,,b22,0,0
GSb20f14d6461c,groundsource,A,102.81044,3.51604,103.28492,3.85126,2021-01-03,2021-01-21,2021-01-07,2021-01-07,2021,SoutheastAsia,,nan,,,639.4576095215725,False,True,True,2,True,12,7,2488,15.923,,0,,b22,0,0
GSb01e50e5a2b4,groundsource,A,113.06302,34.8269,113.71313,35.25534,2021-07-29,2021-08-17,2021-08-02,2021-08-03,2021,EastAsia,,nan,,,828.5625993883335,False,True,False,1,True,13,6,1373,8.787,,1,,b22,1,1
GSe21a62f6ef42,groundsource,A,-41.02581,-14.25478,-40.30806,-13.82977,2021-12-19,2022-01-10,2021-12-23,2021-12-27,2021,SouthAmerica,,nan,,,1181.1148236019196,False,True,True,2,True,12,4,2941,18.822,,0,,b22,0,0
GS602c709107fc,groundsource,A,106.75021,17.05384,106.96796,17.25531,2020-10-15,2020-11-02,2020-10-19,2020-10-19,2020,SoutheastAsia,,nan,,,53.631937761113186,False,True,True,2,True,34,17,4937,31.597,,4,,b22,4,1
GS5e8f46c66624,groundsource,A,113.44404,29.57944,114.32609,30.07575,2020-07-07,2020-07-27,2020-07-11,2020-07-13,2020,EastAsia,,nan,,,1706.589217893736,False,True,False,1,True,32,11,6505,41.632,,0,,b22,0,0
GS88c144d6e8cb,groundsource,A,-102.14593,20.46051,-101.59376,20.90708,2021-09-28,2021-10-19,2021-10-02,2021-10-05,2021,NorthAmerica,,nan,,,819.3155402958076,False,True,False,1,True,70,19,846,5.414,,0,,b22,0,0
GSad2dd472dae6,groundsource,A,68.39971,28.01028,69.01529,28.5077,2022-08-12,2022-09-04,2022-08-16,2022-08-21,2022,SouthAsia,,nan,,,1346.4710763004773,False,True,False,1,True,32,14,248831,1592.518,,5,,b22,5,1
GS42de9f523431,groundsource,A,103.72651,16.05767,104.1615,16.37148,2022-09-19,2022-10-08,2022-09-23,2022-09-24,2022,SoutheastAsia,,nan,,,671.9032796821899,False,True,True,2,True,27,10,7073,45.267,,5,,b22,5,1
GS3e260e32d4f3,groundsource,A,78.55745,10.97956,79.24536,11.59678,2021-11-24,2021-12-13,2021-11-28,2021-11-29,2021,SouthAsia,,nan,,,1759.3396272007517,False,True,False,1,True,11,3,2153,13.779,,0,,b22,0,0
GS0a6f5d0cb210,groundsource,A,102.81044,3.51604,103.28492,3.85126,2021-12-13,2022-01-04,2021-12-17,2021-12-21,2021,SoutheastAsia,,nan,,,639.4576095215725,False,True,True,2,True,17,10,2473,15.827,,0,,b22,0,0
GS683003a1a767,groundsource,A,107.22536,16.48125,107.46913,16.68919,2020-10-02,2020-10-26,2020-10-06,2020-10-12,2020,SoutheastAsia,,nan,,,48.010578244572635,False,True,True,2,True,32,17,11421,73.094,,5,,b22,5,1
GS459ca2f7b66c,groundsource,A,-5.93116,36.03682,-5.42112,36.28507,2021-03-02,2021-03-21,2021-03-06,2021-03-07,2021,Europe,,nan,,,1525.4718928670493,False,True,False,1,True,52,14,1370,8.768,,3,,b22,3,1
GSa5dc7817e0d6,groundsource,A,10.08426,11.84178,10.80449,12.59696,2022-07-28,2022-08-17,2022-08-01,2022-08-03,2022,Africa,,nan,,,1442.7602770354133,False,True,False,1,True,14,6,15663,100.243,,5,,b22,5,1
GSc637e1d7ee80,groundsource,A,83.05584,25.92072,83.32535,26.19254,2020-07-06,2020-07-25,2020-07-10,2020-07-11,2020,SouthAsia,,nan,,,92.82383464026294,False,True,True,2,True,23,10,8142,52.109,,5,,b22,5,1
GSfaeb3b53bfb6,groundsource,A,68.39971,28.01028,69.01529,28.5077,2022-08-27,2022-09-14,2022-08-31,2022-08-31,2022,SouthAsia,,nan,,,1346.4710763004773,False,True,False,1,True,24,11,173705,1111.712,,5,,b22,5,1
GSb4f97350fe0e,groundsource,A,103.72665,16.05767,104.1615,16.35051,2022-10-14,2022-11-02,2022-10-18,2022-10-19,2022,SoutheastAsia,,nan,,,671.9032796821899,False,True,True,2,True,24,9,8206,52.518,,5,,b22,5,1
GS71d70d75eef7,groundsource,A,32.37026,15.1259,32.79682,15.59826,2020-08-29,2020-09-16,2020-09-02,2020-09-02,2020,Africa,,nan,,,784.1717864585603,False,True,False,1,True,11,5,4587,29.357,,5,,b22,5,1
GSdb1332e13175,groundsource,A,79.70723,28.86826,80.26995,29.20745,2021-10-11,2021-11-04,2021-10-15,2021-10-21,2021,SouthAsia,,nan,,,1756.5880555904257,False,True,False,1,True,62,17,1582,10.125,,3,,b22,3,1
GS42b5c2aebe15,groundsource,A,102.81908,3.51606,103.28492,3.84909,2021-12-27,2022-01-16,2021-12-31,2022-01-02,2021,SoutheastAsia,,nan,,,639.4576095215725,False,True,True,2,True,15,8,2263,14.483,,0,,b22,0,0
GSa5165b5385c2,groundsource,A,107.22538,16.4827,107.46913,16.68919,2020-10-16,2020-11-03,2020-10-20,2020-10-20,2020,SoutheastAsia,,nan,,,48.010578244572635,False,True,True,2,True,33,17,8996,57.574,,5,,b22,5,1
GS60efa219c8fc,groundsource,A,83.05584,25.92072,83.32535,26.19254,2020-07-21,2020-08-09,2020-07-25,2020-07-26,2020,SouthAsia,,nan,,,92.82383464026294,False,True,True,2,True,25,11,1960,12.544,,3,,b22,3,1
GS6f6b41189660,groundsource,A,92.33511,24.27273,92.86047,24.95255,2022-05-09,2022-05-27,2022-05-13,2022-05-13,2022,SouthAsia,,nan,,,1326.2833777169847,False,True,False,1,True,45,9,80165,513.056,,5,,b22,5,1
GSd616762802a4,groundsource,A,102.29671,16.69434,102.75922,17.11818,2022-10-09,2022-10-27,2022-10-13,2022-10-13,2022,SoutheastAsia,,nan,,,671.0242697731785,False,True,True,2,True,43,9,18492,118.349,,5,,b22,5,1
GS0f732d0c20d8,groundsource,A,113.28422,30.36025,114.05138,30.94535,2020-06-23,2020-07-12,2020-06-27,2020-06-28,2020,EastAsia,,nan,,,1645.0514992851326,False,True,False,1,True,7,5,4323,27.667,,5,,b22,5,1
GS16b39e195877,groundsource,A,-0.84471,51.81887,0.01603,52.41111,2021-01-09,2021-01-28,2021-01-13,2021-01-14,2021,Europe,,nan,,,1229.9516862527223,False,True,False,1,True,143,20,2086,13.35,,0,,b22,0,0
GS0e021f2c6044,groundsource,A,27.58833,45.5376,27.85823,45.76897,2024-09-22,2024-10-10,2024-09-26,2024-09-26,2024,Europe,,nan,,,116.54788129762959,True,False,True,2,True,33,13,939,6.01,,4,,b22,4,1
GSafe3181397d6,groundsource,A,47.09093,-18.9995,47.63406,-18.36355,2022-01-16,2022-02-08,2022-01-20,2022-01-25,2022,Africa,,nan,,,1428.4624543132968,False,True,False,1,True,22,5,14287,91.437,,5,,b22,5,1
GS428af767bc9e,groundsource,A,74.02637,31.23565,74.62745,31.77215,2022-07-29,2022-08-17,2022-08-02,2022-08-03,2022,SouthAsia,,nan,,,1269.5490096780447,False,True,False,1,True,41,9,972,6.221,,1,,b22,1,1
GSe236e6005655,groundsource,A,99.61377,16.62789,99.96914,17.04142,2022-09-30,2022-10-18,2022-10-04,2022-10-04,2022,SoutheastAsia,,nan,,,647.7172763966353,False,True,True,2,True,36,9,21211,135.75,,5,,b22,5,1
GS269ff36b0394,groundsource,A,-0.41079,10.60114,-0.17439,11.04042,2020-09-12,2020-09-30,2020-09-16,2020-09-16,2020,Africa,,nan,,,728.8545640828379,False,True,False,1,True,27,9,2562,16.397,,5,,b22,5,1
GS32b331ff8f31,groundsource,A,83.20394,25.71247,83.95685,26.36432,2021-09-03,2021-09-23,2021-09-07,2021-09-09,2021,SouthAsia,,nan,,,1726.5345122873996,False,True,False,1,True,48,14,29461,188.55,,5,,b22,5,1
GSe5f6be83a4b2,groundsource,A,113.27519,30.29393,114.0514,30.9462,2020-07-03,2020-07-23,2020-07-07,2020-07-09,2020,EastAsia,,nan,,,1645.0514992851326,False,True,False,1,True,11,6,12555,80.352,,5,,b22,5,1
GS12578738d8e7,groundsource,A,45.18735,15.33365,45.33505,15.41555,2022-08-20,2022-09-07,2022-08-24,2022-08-24,2022,Africa,,nan,,,1172.8459013298743,False,True,False,1,True,8,3,613,3.923,,0,,b22,0,0
GSbde4bbf41b8e,groundsource,A,77.56317,27.37177,77.82235,27.52677,2020-07-04,2020-07-22,2020-07-08,2020-07-08,2020,SouthAsia,,nan,,,82.4190420166335,False,True,True,2,True,45,12,354,2.266,,1,,b22,1,1
GS5dc540a866e2,groundsource,A,43.46798,5.87516,43.66055,6.01819,2023-11-12,2023-11-30,2023-11-16,2023-11-16,2023,Africa,,nan,,,11.503282747917645,False,True,True,2,True,8,3,411,2.63,,0,,b22,0,0
GS9b33675a0982,groundsource,A,74.02914,31.24216,74.41152,31.74823,2022-08-31,2022-09-19,2022-09-04,2022-09-05,2022,SouthAsia,,nan,,,1269.5490096780447,False,True,False,1,True,44,9,436,2.79,,0,,b22,0,0
GSc3bd1610c471,groundsource,A,103.92053,15.60269,104.45422,16.0581,2022-09-16,2022-10-05,2022-09-20,2022-09-21,2022,SoutheastAsia,,nan,,,647.0840802108308,False,True,True,2,True,27,10,10137,64.877,,5,,b22,5,1
GS3fd2e984afad,groundsource,A,-81.61632,35.48021,-80.83892,35.89353,2020-10-25,2020-11-12,2020-10-29,2020-10-29,2020,NorthAmerica,,nan,,,1071.9132899415863,False,True,False,1,True,10,5,393,2.515,,0,,b22,0,0
GS26e63bbec0df,groundsource,A,29.98252,-2.07419,30.22063,-1.90101,2020-05-02,2020-05-21,2020-05-06,2020-05-07,2020,Africa,,nan,,,727.6212909930324,False,True,False,1,True,47,13,595,3.808,,0,,b22,0,0
GS139ecbb78ad9,groundsource,A,83.20394,25.71247,83.95685,26.36432,2021-10-02,2021-10-20,2021-10-06,2021-10-06,2021,SouthAsia,,nan,,,1726.5345122873996,False,True,False,1,True,45,13,29597,189.421,,0,,b22,0,0
GScefbfa7315f8,groundsource,A,102.3672,3.47955,102.69222,3.89332,2021-12-16,2022-01-06,2021-12-20,2021-12-23,2021,SoutheastAsia,,nan,,,603.04865635234,False,True,True,2,True,22,10,560,3.584,,0,,b22,0,0
GS3ab6e3d92f7d,groundsource,A,113.27519,30.29376,114.05893,30.9462,2020-07-18,2020-08-06,2020-07-22,2020-07-23,2020,EastAsia,,nan,,,1645.0514992851326,False,True,False,1,True,18,8,11945,76.448,,5,,b22,5,1
GSc54586c36be9,groundsource,A,19.78738,39.44217,20.35043,39.96338,2025-11-16,2025-12-07,2025-11-20,2025-11-23,2025,Europe,,nan,,,651.5930632047451,True,False,False,1,True,129,16,772,4.941,,1,,b22,1,1
GSb53913e4f9fa,groundsource,A,67.97328,26.1531,68.23173,26.42194,2020-09-04,2020-09-23,2020-09-08,2020-09-09,2020,SouthAsia,,nan,,,77.05026995765257,False,True,True,2,True,25,10,9995,63.968,,5,,b22,5,1
GS452145ddf099,groundsource,A,69.91361,30.02675,70.67977,30.69824,2022-08-19,2022-09-06,2022-08-23,2022-08-23,2022,SouthAsia,,nan,,,1246.2272024714077,False,True,False,1,True,81,15,2295,14.688,,5,,b22,5,1
GS11a14722a7ec,groundsource,A,103.08711,15.63633,103.56662,16.09184,2022-09-30,2022-10-18,2022-10-04,2022-10-04,2022,SoutheastAsia,,nan,,,642.5926059256367,False,True,True,2,True,47,12,1884,12.058,,3,,b22,3,1
GSaf0de53ec2f7,groundsource,A,5.28931,49.03361,6.16556,49.64219,2021-07-11,2021-07-29,2021-07-15,2021-07-15,2021,Europe,,nan,,,1035.5531811670176,False,True,False,1,True,140,19,3218,20.595,,0,,b22,0,0
GS7a1ecc3c617b,groundsource,A,79.47873,12.45676,80.24083,13.13124,2021-11-02,2021-11-26,2021-11-06,2021-11-12,2021,SouthAsia,,nan,,,1701.2579010203917,False,True,False,1,True,20,4,31492,201.549,,5,,b22,5,1
GS948d631bc473,groundsource,A,14.38543,51.69864,14.85918,51.89364,2024-09-13,2024-10-02,2024-09-17,2024-09-18,2024,Europe,,nan,,,103.92504017227544,True,False,True,2,True,39,13,1417,9.069,,0,,b22,0,0
GS417532fe8b77,groundsource,A,92.64383,26.54051,92.95306,26.81254,2023-06-11,2023-07-04,2023-06-15,2023-06-20,2023,SouthAsia,,nan,,,165.40406455391795,False,True,False,1,True,24,7,8616,55.142,,5,,b23,5,1
GS3402cf6bcbba,groundsource,A,106.95354,16.86497,107.14035,17.05834,2020-09-30,2020-10-18,2020-10-04,2020-10-04,2020,SoutheastAsia,,nan,,,31.449662865294982,False,True,True,2,True,23,11,11497,73.581,,5,,b23,5,1
GS5cb2cd951d11,groundsource,A,10.43901,12.72974,11.1422,13.13729,2022-07-23,2022-08-10,2022-07-27,2022-07-27,2022,Africa,,nan,,,1145.8813482357855,False,True,False,1,True,13,5,1871,11.974,,3,,b23,3,1
GSc982b8ffaa23,groundsource,A,-100.24495,20.203,-99.78531,20.6191,2021-09-15,2021-10-04,2021-09-19,2021-09-20,2021,NorthAmerica,,nan,,,775.5347268214732,False,True,False,1,True,39,17,836,5.35,,3,,b23,3,1
GS0d8b90c4aa5c,groundsource,A,70.44597,28.93485,71.16002,29.62125,2022-08-26,2022-09-13,2022-08-30,2022-08-30,2022,SouthAsia,,nan,,,1216.1811828662096,False,True,False,1,True,50,14,40118,256.755,,5,,b23,5,1
GS0740b0e159ba,groundsource,A,121.098,13.00679,121.47038,13.38816,2022-12-29,2023-01-16,2023-01-02,2023-01-02,2023,SoutheastAsia,,nan,,,563.6348970197569,False,True,False,1,True,10,4,452,2.893,,0,,b23,0,0
GS09ef6fe58d75,groundsource,A,68.20132,25.31731,68.42657,25.60875,2020-08-21,2020-09-09,2020-08-25,2020-08-26,2020,SouthAsia,,nan,,,71.50026763356543,False,True,True,2,True,26,10,3391,21.702,,4,,b23,4,1
GS6b9bfa5d1fc8,groundsource,A,103.08712,15.63633,103.56662,16.09111,2022-10-10,2022-10-28,2022-10-14,2022-10-14,2022,SoutheastAsia,,nan,,,642.5926059256367,False,True,True,2,True,45,12,1063,6.803,,0,,b23,0,0
GSa32f14bdfb14,groundsource,A,79.47873,12.45676,80.24083,13.13124,2021-11-21,2021-12-11,2021-11-25,2021-11-27,2021,SouthAsia,,nan,,,1701.2579010203917,False,True,False,1,True,19,4,45999,294.394,,5,,b23,5,1
GS4e4b11f76f3f,groundsource,A,19.78886,39.44217,20.22163,39.85014,2025-11-22,2025-12-10,2025-11-26,2025-11-26,2025,Europe,,nan,,,630.5163544513437,True,False,False,1,True,60,13,666,4.262,,1,,b23,1,1
GS97a032d363ce,groundsource,A,109.80371,34.5493,110.28418,34.74131,2021-09-13,2021-10-03,2021-09-17,2021-09-19,2021,EastAsia,,nan,,,678.6097261786232,False,True,False,1,True,14,7,3096,19.814,,5,,b23,5,1
GSba1760c7758e,groundsource,A,92.64383,26.54051,92.95306,26.81109,2023-06-20,2023-07-10,2023-06-24,2023-06-26,2023,SouthAsia,,nan,,,165.40406455391795,False,True,False,1,True,27,7,3271,20.934,,5,,b23,5,1
GSe9eb0ca3a74f,groundsource,A,102.44274,5.70263,102.63313,5.82782,2020-12-27,2021-01-14,2020-12-31,2020-12-31,2020,SoutheastAsia,,nan,,,24.947988865548357,False,True,True,2,True,15,4,954,6.106,,2,,b23,2,1
GS5480a913da5b,groundsource,A,5.35851,50.31266,5.93487,50.89565,2021-07-10,2021-07-30,2021-07-14,2021-07-16,2021,Europe,,nan,,,799.1629936663257,False,True,False,1,True,77,21,300,1.92,,0,,b23,0,0
GS24ea18ac9fe8,groundsource,A,-100.24495,20.203,-99.7876,20.61909,2021-09-26,2021-10-17,2021-09-30,2021-10-03,2021,NorthAmerica,,nan,,,775.5347268214732,False,True,False,1,True,44,19,768,4.915,,2,,b23,2,1
GS82c88143b391,groundsource,A,90.4405,23.83696,90.71969,24.06871,2020-06-16,2020-07-04,2020-06-20,2020-06-20,2020,SouthAsia,,nan,,,68.45520285849199,False,True,True,2,True,15,5,1210,7.744,,5,,b23,5,1
GS25a6ac1464f8,groundsource,A,102.07469,15.91127,102.49398,16.35575,2022-10-15,2022-11-02,2022-10-19,2022-10-19,2022,SoutheastAsia,,nan,,,641.9175990617749,False,True,True,2,True,18,8,7392,47.309,,5,,b23,5,1
GS8642d4fe6100,groundsource,A,21.75335,39.28772,22.3638,39.63412,2023-08-31,2023-09-21,2023-09-04,2023-09-07,2023,Europe,,nan,,,392.8520791555376,True,False,True,2,True,43,11,63243,404.755,,5,,b23,5,1
GS7dca462bd087,groundsource,A,17.78961,44.48723,18.48405,45.08653,2025-03-22,2025-04-14,2025-03-26,2025-03-31,2025,Europe,,nan,,,607.3730086483649,True,False,False,1,True,119,20,325,2.08,,1,,b23,1,1
GS0e7ce34b8b54,groundsource,A,67.20862,24.07781,68.07757,24.66772,2022-07-29,2022-08-16,2022-08-02,2022-08-02,2022,SouthAsia,,nan,,,1162.2380737681435,False,True,False,1,True,39,10,77857,498.285,,5,,b23,5,1
GS032c6efc519f,groundsource,A,121.08546,13.05731,121.48482,13.3868,2023-01-19,2023-02-06,2023-01-23,2023-01-23,2023,SoutheastAsia,,nan,,,563.6348970197569,False,True,False,1,True,11,5,715,4.576,,2,,b23,2,1
GSead3365cf52d,groundsource,A,76.8434,29.56228,77.12582,29.80889,2020-07-07,2020-07-26,2020-07-11,2020-07-12,2020,SouthAsia,,nan,,,65.89603600502828,False,True,True,2,True,24,10,3314,21.21,,5,,b23,5,1
GS80acdb22ba2c,groundsource,A,27.4973,45.7929,27.79568,46.07536,2024-09-10,2024-09-28,2024-09-14,2024-09-14,2024,Europe,,nan,,,99.68264091026879,True,False,True,2,True,34,13,3389,21.69,,5,,b23,5,1
GS0f7919812cfd,groundsource,A,32.39436,15.51696,32.5379,15.88036,2020-09-05,2020-09-23,2020-09-09,2020-09-09,2020,Africa,,nan,,,659.0052419371783,False,True,False,1,True,9,4,897,5.741,,1,,b23,1,1
GS6d14605c53a8,groundsource,A,139.52461,37.92579,140.18617,38.19963,2022-07-30,2022-08-22,2022-08-03,2022-08-08,2022,EastAsia,,nan,,,1209.2441867372543,False,True,False,1,True,7,3,982,6.285,,5,,b23,5,1
GSbe3a231a7352,groundsource,A,109.0818,12.47222,109.40982,12.94293,2021-11-26,2021-12-15,2021-11-30,2021-12-01,2021,SoutheastAsia,,nan,,,571.5318279271527,False,True,True,2,True,14,6,1298,8.307,,2,,b23,2,1
GSc135394d6d8a,groundsource,A,21.75335,39.28772,22.3638,39.63412,2023-09-06,2023-09-25,2023-09-10,2023-09-11,2023,Europe,,nan,,,392.8520791555376,True,False,True,2,True,45,11,63243,404.755,,5,,b23,5,1
GSbf5ba1526956,groundsource,A,14.83928,10.92659,15.18474,11.4526,2022-09-24,2022-10-12,2022-09-28,2022-09-28,2022,Africa,,nan,,,1115.9455825131572,False,True,False,1,True,30,5,954,6.106,,2,,b23,2,1
GS035e0ea08e87,groundsource,A,67.20862,24.07781,68.07757,24.66772,2022-08-13,2022-08-31,2022-08-17,2022-08-17,2022,SouthAsia,,nan,,,1162.2380737681435,False,True,False,1,True,37,9,85299,545.914,,5,,b23,5,1
GS4e1f3b24230e,groundsource,A,-3.56779,40.17781,-3.13708,40.55821,2025-03-08,2025-03-27,2025-03-12,2025-03-13,2025,Europe,,nan,,,602.1820301801326,True,False,False,1,True,28,13,470,3.008,,0,,b23,0,0
GS320635d89af2,groundsource,A,114.4035,30.06059,115.18304,30.69895,2020-07-24,2020-08-11,2020-07-28,2020-07-28,2020,EastAsia,,nan,,,1591.5094743332236,False,True,False,1,True,15,7,5792,37.069,,5,,b23,5,1
GSc8423c608d06,groundsource,A,103.10026,4.68047,103.34261,4.97552,2022-12-14,2023-01-03,2022-12-18,2022-12-20,2022,SoutheastAsia,,nan,,,625.6536423335725,False,True,True,2,True,20,9,602,3.853,,0,,b23,0,0
GSbcedd402000e,groundsource,A,77.08033,8.11108,77.66586,8.65249,2021-10-25,2021-11-14,2021-10-29,2021-10-31,2021,SouthAsia,,nan,,,1686.3877989732543,False,True,False,1,True,18,5,756,4.838,,0,,b23,0,0
GS3650724b7aee,groundsource,A,108.90738,14.02019,109.24481,14.48195,2021-11-08,2021-12-01,2021-11-12,2021-11-17,2021,SoutheastAsia,,nan,,,565.1359188011841,False,True,True,2,True,11,5,5280,33.792,,5,,b23,5,1
GSaf9b8edfc550,groundsource,A,69.55845,22.75862,69.8214,22.94981,2023-06-11,2023-07-01,2023-06-15,2023-06-17,2023,SouthAsia,,nan,,,150.8885610093984,False,True,False,1,True,26,9,969,6.202,,2,,b23,2,1
GS2333b28400bd,groundsource,A,14.68452,10.92649,15.18474,11.4562,2022-10-11,2022-10-29,2022-10-15,2022-10-15,2022,Africa,,nan,,,1115.9455825131572,False,True,False,1,True,38,5,970,6.208,,0,,b23,0,0
GS212d561fa6b5,groundsource,A,67.2181,24.07792,68.07757,24.66772,2022-09-07,2022-09-25,2022-09-11,2022-09-11,2022,SouthAsia,,nan,,,1162.2380737681435,False,True,False,1,True,35,9,46012,294.477,,5,,b23,5,1
GS116aa2ac5f4e,groundsource,A,-2.09733,51.87058,-1.0159,52.77134,2020-02-13,2020-03-02,2020-02-17,2020-02-17,2020,Europe,,nan,,,1964.1020979266807,False,True,False,1,True,150,19,3833,24.531,,1,,b23,1,1
GScb796c84730b,groundsource,A,76.17958,29.20112,76.46246,29.42478,2020-07-15,2020-08-02,2020-07-19,2020-07-19,2020,SouthAsia,,nan,,,59.93072983094512,False,True,True,2,True,23,10,2119,13.562,,2,,b23,2,1
GSaeb588b6d43d,groundsource,A,-2.37485,47.29532,-1.66904,47.76763,2025-01-26,2025-02-13,2025-01-30,2025-01-30,2025,Europe,,nan,,,580.3832568300775,True,False,False,1,True,49,13,29042,185.869,,5,,b23,5,1
GSddaef54fc8f8,groundsource,A,-86.19164,15.57475,-85.6226,15.99339,2020-10-30,2020-11-17,2020-11-03,2020-11-03,2020,NorthAmerica,,nan,,,959.6106810396965,False,True,False,1,True,20,7,6039,38.65,,2,,b23,2,1
GS16d07a752eb8,groundsource,A,77.45553,8.12409,77.66588,8.65243,2021-11-24,2021-12-12,2021-11-28,2021-11-28,2021,SouthAsia,,nan,,,1686.3877989732543,False,True,False,1,True,16,4,654,4.186,,0,,b23,0,0
GS6899a3a53fe5,groundsource,A,108.42548,15.2327,108.79248,15.66368,2021-11-23,2021-12-14,2021-11-27,2021-11-30,2021,SoutheastAsia,,nan,,,558.548312914025,False,True,True,2,True,39,11,1717,10.989,,0,,b23,0,0
GSbc91ae5655f2,groundsource,A,126.27424,36.87199,126.70629,37.94588,2023-07-10,2023-08-01,2023-07-14,2023-07-18,2023,EastAsia,,nan,,,105.9487311612921,False,True,False,1,True,22,6,3022,19.341,,0,,b23,0,0
GSa1ba043256bc,groundsource,A,69.91322,22.40266,70.21039,22.61922,2023-06-11,2023-07-02,2023-06-15,2023-06-18,2023,SouthAsia,,nan,,,121.90233375329308,False,True,False,1,True,15,8,902,5.773,,0,,b23,0,0
GS563b5f1dce5e,groundsource,A,106.28209,17.60203,106.49479,17.80087,2020-09-30,2020-10-18,2020-10-04,2020-10-04,2020,SoutheastAsia,,nan,,,19.95515379640188,False,True,True,2,True,49,13,3922,25.101,,5,,b23,5,1
GSf1fad4ae011e,groundsource,A,-77.2286,-6.1094,-77.01031,-5.88871,2020-03-13,2020-03-31,2020-03-17,2020-03-17,2020,SouthAmerica,,nan,,,118.67278619945044,False,True,False,1,True,36,12,782,5.005,,1,,b23,1,1
GS74c356aee5e0,groundsource,A,14.68452,10.92649,15.18474,11.4562,2022-10-24,2022-11-11,2022-10-28,2022-10-28,2022,Africa,,nan,,,1115.9455825131572,False,True,False,1,True,38,5,960,6.144,,0,,b23,0,0
GSdb599e179bb7,groundsource,A,-100.65927,19.74532,-100.19029,20.07066,2021-09-14,2021-10-03,2021-09-18,2021-09-19,2021,NorthAmerica,,nan,,,706.4699990669168,False,True,False,1,True,39,17,366,2.342,,0,,b23,0,0
GS656c719c283d,groundsource,A,84.15453,20.32296,84.86888,20.91087,2022-08-11,2022-08-29,2022-08-15,2022-08-15,2022,SouthAsia,,nan,,,1158.942957633914,False,True,False,1,True,24,7,2378,15.219,,5,,b23,5,1
GSde623658fd9f,groundsource,A,105.02049,14.40327,105.19599,14.80625,2022-09-14,2022-10-05,2022-09-18,2022-09-21,2022,SoutheastAsia,,nan,,,619.8173766835008,False,True,True,2,True,30,11,1498,9.587,,4,,b24,4,1
GS512fa790ef1e,groundsource,A,-2.09733,51.87058,-1.0159,52.77134,2020-12-21,2021-01-11,2020-12-25,2020-12-28,2020,Europe,,nan,,,1964.1020979266807,False,True,False,1,True,179,22,2433,15.571,,2,,b24,2,1
GSd143aa8bb9af,groundsource,A,-86.24167,15.56318,-85.62262,15.98995,2020-11-12,2020-12-02,2020-11-16,2020-11-18,2020,NorthAmerica,,nan,,,959.6106810396965,False,True,False,1,True,40,9,3668,23.475,,2,,b24,2,1
GS3d053858bb83,groundsource,A,102.00775,5.94253,102.30232,6.21224,2021-11-30,2021-12-20,2021-12-04,2021-12-06,2021,SoutheastAsia,,nan,,,542.4612306264889,False,True,True,2,True,23,7,1901,12.166,,5,,b24,5,1
GS34f76a4175bf,groundsource,A,-1.81973,48.11989,-1.24039,48.56889,2025-01-21,2025-02-09,2025-01-25,2025-01-26,2025,Europe,,nan,,,561.9816808033357,True,False,False,1,True,37,13,977,6.253,,1,,b24,1,1
GSa43cc871920a,groundsource,A,97.38724,5.02771,97.61716,5.22503,2023-01-23,2023-02-11,2023-01-27,2023-01-28,2023,SouthAsia,,nan,,,117.9894599348825,False,True,False,1,True,14,6,6019,38.522,,5,,b24,5,1
GS86ee403807fa,groundsource,A,-100.66867,20.45321,-100.26487,20.92271,2021-09-27,2021-10-18,2021-10-01,2021-10-04,2021,NorthAmerica,,nan,,,678.2065061689613,False,True,False,1,True,42,18,689,4.41,,1,,b24,1,1
GSb5ab09c8a7ae,groundsource,A,68.49084,24.88916,69.21366,25.37031,2022-09-06,2022-09-24,2022-09-10,2022-09-10,2022,SouthAsia,,nan,,,1063.9541993115763,False,True,False,1,True,46,11,23223,148.627,,5,,b24,5,1
GS21a322cc2ee1,groundsource,A,68.69407,27.64228,68.97277,27.83112,2020-09-03,2020-09-22,2020-09-07,2020-09-08,2020,SouthAsia,,nan,,,55.29679116972742,False,True,True,2,True,27,11,15868,101.555,,5,,b24,5,1
GS72a259f22309,groundsource,A,99.3831,16.98517,100.06158,17.36793,2022-09-28,2022-10-17,2022-10-02,2022-10-03,2022,SoutheastAsia,,nan,,,614.2985259865053,False,True,True,2,True,21,9,19607,125.485,,5,,b24,5,1
GS3bb1d3c381c7,groundsource,A,22.15965,39.17598,22.59773,39.3087,2023-08-31,2023-09-21,2023-09-04,2023-09-07,2023,Europe,,nan,,,350.68043119643227,True,False,True,2,True,101,19,4468,28.595,,4,,b24,4,1
GS00267aed7f4e,groundsource,A,32.50594,15.37049,32.78654,15.81719,2020-08-22,2020-09-10,2020-08-26,2020-08-27,2020,Africa,,nan,,,421.97722983713476,False,True,False,1,True,9,4,2114,13.53,,5,,b24,5,1
GS6c897ab60de1,groundsource,A,-78.05714,35.50042,-77.56616,35.95604,2020-11-07,2020-11-26,2020-11-11,2020-11-12,2020,NorthAmerica,,nan,,,955.5317646671997,False,True,False,1,True,29,8,738,4.723,,0,,b24,0,0
GSa3597ffecdc2,groundsource,A,86.22961,25.5164,86.95418,26.14761,2021-08-13,2021-09-02,2021-08-17,2021-08-19,2021,SouthAsia,,nan,,,1668.9045671291012,False,True,False,1,True,55,16,29244,187.162,,0,,b24,0,0
GS2bbefc12bc01,groundsource,A,-1.28926,51.40105,-0.31107,52.276,2020-12-19,2021-01-07,2020-12-23,2020-12-24,2020,Europe,,nan,,,1888.5306872135523,False,True,False,1,True,148,20,5321,34.054,,3,,b24,3,1
GS3b3e78f06c70,groundsource,A,5.92408,4.93065,6.64306,5.45495,2022-09-29,2022-10-17,2022-10-03,2022-10-03,2022,Africa,,nan,,,953.3111504156265,False,True,False,1,True,21,6,8516,54.502,,0,,b24,0,0
GS47f98437a341,groundsource,A,-94.43712,29.61166,-93.94328,30.0672,2021-05-13,2021-05-31,2021-05-17,2021-05-17,2021,NorthAmerica,,nan,,,674.451194482296,False,True,False,1,True,28,7,6645,42.528,,5,,b24,5,1
GS8625d1275bcf,groundsource,A,70.54754,29.32243,71.22738,29.87821,2022-08-21,2022-09-08,2022-08-25,2022-08-25,2022,SouthAsia,,nan,,,1047.6353440573293,False,True,False,1,True,49,14,19239,123.13,,5,,b24,5,1
GS6dbe57fca67f,groundsource,A,68.27647,26.20649,68.51922,26.35631,2020-08-17,2020-09-04,2020-08-21,2020-08-21,2020,SouthAsia,,nan,,,54.65325725931699,False,True,True,2,True,24,10,487,3.117,,0,,b24,0,0
GS7669974142d2,groundsource,A,103.28759,16.58486,103.55527,16.92737,2022-10-09,2022-10-27,2022-10-13,2022-10-13,2022,SoutheastAsia,,nan,,,606.6098099065118,False,True,True,2,True,89,12,4475,28.64,,5,,b24,5,1
GS5817918eb228,groundsource,A,27.38414,45.50659,27.80534,45.74566,2024-09-09,2024-09-29,2024-09-13,2024-09-15,2024,Europe,,nan,,,91.35242350866945,True,False,True,2,True,39,15,4520,28.928,,5,,b24,5,1
GSc86864630d31,groundsource,A,139.39568,38.07783,139.58989,38.16319,2022-07-30,2022-08-22,2022-08-03,2022-08-08,2022,EastAsia,,nan,,,1169.5470837347525,False,True,False,1,True,7,3,366,2.342,,1,,b24,1,1
GS87b1ac3b4b85,groundsource,A,86.22961,25.5164,86.95418,26.14761,2021-08-27,2021-09-16,2021-08-31,2021-09-02,2021,SouthAsia,,nan,,,1668.9045671291012,False,True,False,1,True,51,15,39277,251.373,,5,,b24,5,1
GS869f216a33aa,groundsource,A,110.70175,-7.89902,110.958,-7.4669,2021-04-11,2021-04-30,2021-04-15,2021-04-16,2021,SoutheastAsia,,nan,,,512.6237110732023,False,True,True,2,True,17,9,323,2.067,,2,,b24,2,1
GS3abf1e9292e3,groundsource,A,107.58198,16.35638,107.79503,16.55413,2020-09-30,2020-10-18,2020-10-04,2020-10-04,2020,SoutheastAsia,,nan,,,16.452068100382988,False,True,True,2,True,23,11,15374,98.394,,5,,b24,5,1
GSab482bbe01bc,groundsource,A,6.58963,6.18508,6.99179,6.87599,2022-09-09,2022-09-27,2022-09-13,2022-09-13,2022,Africa,,nan,,,952.0858002454464,False,True,False,1,True,16,5,9051,57.926,,5,,b24,5,1
GS5bcd6685203e,groundsource,A,-101.71523,20.24559,-101.28294,20.85471,2021-09-12,2021-09-30,2021-09-16,2021-09-16,2021,NorthAmerica,,nan,,,614.2953828529161,False,True,False,1,True,35,15,2037,13.037,,3,,b24,3,1
GSc8a9938febc5,groundsource,A,113.92298,35.55333,114.51178,35.99744,2021-07-13,2021-08-05,2021-07-17,2021-07-22,2021,EastAsia,,nan,,,356.0982126755281,False,True,False,1,True,14,6,7473,47.827,,5,,b24,5,1
GS315377a1611f,groundsource,A,70.54754,29.32243,71.22738,29.87821,2022-08-26,2022-09-13,2022-08-30,2022-08-30,2022,SouthAsia,,nan,,,1047.6353440573293,False,True,False,1,True,50,14,18384,117.658,,5,,b24,5,1
GSac92240ffe5b,groundsource,A,-49.9283,-29.42889,-49.73021,-29.01427,2023-08-29,2023-09-19,2023-09-02,2023-09-05,2023,SouthAmerica,,nan,,,277.2502204899195,False,True,True,2,True,11,3,1842,11.789,,5,,b24,5,1
GS953df194e2cd,groundsource,A,32.88215,-24.58131,33.08521,-24.43317,2023-02-23,2023-03-13,2023-02-27,2023-02-27,2023,Africa,,nan,,,10.48193786219517,False,True,True,2,True,21,8,1130,7.232,,4,,b24,4,1
GSfcfd9710dceb,groundsource,A,82.62192,26.68375,82.88221,26.92301,2020-07-04,2020-07-23,2020-07-08,2020-07-09,2020,SouthAsia,,nan,,,51.81337375453251,False,True,True,2,True,22,10,17775,113.76,,5,,b24,5,1
GS856e7cd16a95,groundsource,A,-99.10616,25.91411,-98.59653,26.46507,2020-07-21,2020-08-11,2020-07-25,2020-07-28,2020,NorthAmerica,,nan,,,927.1826975904925,False,True,False,1,True,44,11,5900,37.76,,4,,b24,4,1
GSaa09c737f533,groundsource,A,27.75989,45.74236,28.09802,45.99777,2024-09-09,2024-09-28,2024-09-13,2024-09-14,2024,Europe,,nan,,,85.27358481548576,True,False,True,2,True,36,14,1171,7.494,,2,,b24,2,1
GS2cbc7937ac33,groundsource,A,97.4712,5.01109,97.61661,5.18072,2023-01-17,2023-02-04,2023-01-21,2023-01-21,2023,SouthAsia,,nan,,,112.82060877072135,False,True,False,1,True,13,6,2594,16.602,,5,,b24,5,1
GS5e0c9fca5d4e,groundsource,A,21.76762,39.33544,22.00697,39.58735,2023-08-31,2023-09-22,2023-09-04,2023-09-08,2023,Europe,,nan,,,304.034464562147,True,False,True,2,True,43,11,22140,141.696,,5,,b24,5,1
GSfd0fc1697a64,groundsource,A,-101.71523,20.25858,-101.32293,20.85417,2021-10-14,2021-11-01,2021-10-18,2021-10-18,2021,NorthAmerica,,nan,,,614.2953828529161,False,True,False,1,True,37,16,863,5.523,,1,,b24,1,1
GS0d3fbfc796a1,groundsource,A,81.73075,27.84529,82.23551,28.08644,2022-08-26,2022-09-14,2022-08-30,2022-08-31,2022,SouthAsia,,nan,,,1042.3758504658406,False,True,False,1,True,21,8,737,4.717,,2,,b24,2,1
GS45c313e0a88d,groundsource,A,112.49409,29.08696,113.1296,29.86254,2020-06-18,2020-07-07,2020-06-22,2020-06-23,2020,EastAsia,,nan,,,1571.9143819483816,False,True,False,1,True,8,4,3512,22.477,,5,,b24,5,1
GSa5719d0582d4,groundsource,A,107.7957,15.71742,108.0592,15.88779,2022-09-23,2022-10-12,2022-09-27,2022-09-28,2022,SoutheastAsia,,nan,,,587.9811386368032,False,True,True,2,True,20,8,365,2.336,,0,,b24,0,0
GS9554c0830169,groundsource,A,17.64761,45.03638,18.24214,45.16018,2025-03-23,2025-04-10,2025-03-27,2025-03-27,2025,Europe,,nan,,,513.7271071411665,True,False,False,1,True,28,11,2486,15.91,,4,,b24,4,1
GS66dc1b778d7f,groundsource,A,34.76564,-0.34551,34.96255,-0.1545,2020-04-16,2020-05-06,2020-04-20,2020-04-22,2020,Africa,,nan,,,398.79853106755445,False,True,False,1,True,20,9,2561,16.39,,1,,b24,1,1
GS72a958d061cb,groundsource,A,82.72637,26.32801,83.32432,27.1809,2021-09-04,2021-09-23,2021-09-08,2021-09-09,2021,SouthAsia,,nan,,,1638.3027151568135,False,True,False,1,True,23,10,60206,385.318,,5,,b24,5,1
GSf73c946db898,groundsource,A,97.4712,5.01109,97.61661,5.18072,2023-01-20,2023-02-07,2023-01-24,2023-01-24,2023,SouthAsia,,nan,,,112.82060877072135,False,True,False,1,True,11,5,2637,16.877,,5,,b24,5,1
GSab2336177be1,groundsource,A,107.03704,-6.42174,107.71819,-5.97546,2020-01-20,2020-02-07,2020-01-24,2020-01-24,2020,SoutheastAsia,,nan,,,1927.2852931508294,False,True,False,1,True,21,9,4782,30.605,,5,,b24,5,1
GSa4b0b447a201,groundsource,A,17.64653,50.28734,17.87602,50.43345,2024-09-09,2024-09-30,2024-09-13,2024-09-16,2024,Europe,,nan,,,81.30075308054013,True,False,True,2,True,85,17,428,2.739,,1,,b24,1,1
GS582110d29595,groundsource,A,67.49516,27.20997,68.13888,27.63348,2022-08-27,2022-09-14,2022-08-31,2022-08-31,2022,SouthAsia,,nan,,,1036.947769763325,False,True,False,1,True,27,9,235971,1510.214,,5,,b24,5,1
GS21be5c3449ad,groundsource,A,112.23108,29.08696,113.12938,29.85519,2020-07-06,2020-07-24,2020-07-10,2020-07-10,2020,EastAsia,,nan,,,1571.9143819483816,False,True,False,1,True,11,6,41729,267.066,,5,,b24,5,1
GSeaf00b322f54,groundsource,A,68.87498,25.41675,69.12519,25.62409,2020-09-04,2020-09-23,2020-09-08,2020-09-09,2020,SouthAsia,,nan,,,50.51152973987647,False,True,True,2,True,51,12,2948,18.867,,0,,b24,0,0
GS3921e4742151,groundsource,A,-2.78334,51.88683,-1.62022,52.52312,2020-02-04,2020-02-24,2020-02-08,2020-02-10,2020,Europe,,nan,,,1742.8964911099008,False,True,False,1,True,154,21,12755,81.632,,5,,b24,5,1
GSf0e3d92197ad,groundsource,A,34.76564,-0.34551,34.96255,-0.1545,2020-04-20,2020-05-08,2020-04-24,2020-04-24,2020,Africa,,nan,,,398.79853106755445,False,True,False,1,True,19,8,2561,16.39,,1,,b25,1,1
GS3b5772318722,groundsource,A,82.72637,26.32801,83.32432,27.1809,2021-09-12,2021-10-03,2021-09-16,2021-09-19,2021,SouthAsia,,nan,,,1638.3027151568135,False,True,False,1,True,25,11,43684,279.578,,0,,b25,0,0
GS59a5b3d5534c,groundsource,A,18.50392,44.64417,19.13595,45.05175,2025-03-22,2025-04-14,2025-03-26,2025-03-31,2025,Europe,,nan,,,500.89936529394225,True,False,False,1,True,82,20,1144,7.322,,4,,b25,4,1
GS2492de1905cc,groundsource,A,72.00527,21.64987,72.29634,21.87571,2023-06-11,2023-06-30,2023-06-15,2023-06-16,2023,SouthAsia,,nan,,,104.03162319925762,False,True,False,1,True,11,4,2805,17.952,,3,,b25,3,1
GSa88ab8c2fcd8,groundsource,A,107.0421,-6.36603,107.71501,-5.97547,2020-02-07,2020-02-25,2020-02-11,2020-02-11,2020,SoutheastAsia,,nan,,,1927.2852931508294,False,True,False,1,True,17,7,6447,41.261,,5,,b25,5,1
GS955552987603,groundsource,A,67.78656,26.17083,68.33374,26.67924,2022-08-12,2022-09-01,2022-08-16,2022-08-18,2022,SouthAsia,,nan,,,1024.0762407971315,False,True,False,1,True,25,10,71781,459.398,,5,,b25,5,1
GS74a02f48f7b3,groundsource,A,102.68477,3.37189,103.08819,3.53552,2023-02-24,2023-03-15,2023-02-28,2023-03-01,2023,SoutheastAsia,,nan,,,511.1568096647127,False,True,False,1,True,11,6,516,3.302,,0,,b25,0,0
GS648aceccde7f,groundsource,A,34.21062,-21.03317,35.09824,-20.50516,2023-02-25,2023-03-15,2023-03-01,2023-03-01,2023,Africa,,nan,,,1965.356527672826,False,True,False,1,True,11,6,3406,21.798,,0,,b25,0,0
GSae1c4213051c,groundsource,A,-88.01337,15.20483,-87.86456,15.33128,2022-10-07,2022-10-27,2022-10-11,2022-10-13,2022,NorthAmerica,,nan,,,27.39977227751777,False,True,False,1,True,15,4,490,3.136,,1,,b25,1,1
GS5ad681b13bed,groundsource,A,112.23108,29.08696,113.12937,29.85447,2020-07-19,2020-08-06,2020-07-23,2020-07-23,2020,EastAsia,,nan,,,1571.9143819483816,False,True,False,1,True,14,7,46205,295.712,,5,,b25,5,1
GS568b5f0aff10,groundsource,A,89.60355,23.8234,89.86728,24.04599,2020-07-06,2020-07-24,2020-07-10,2020-07-10,2020,SouthAsia,,nan,,,50.08866074292867,False,True,True,2,True,61,17,17192,110.029,,5,,b25,5,1
GSdc6cdf7766c8,groundsource,A,99.15728,17.13392,99.55351,17.59236,2022-09-20,2022-10-09,2022-09-24,2022-09-25,2022,SoutheastAsia,,nan,,,586.4918158916196,False,True,True,2,True,23,10,859,5.498,,2,,b25,2,1
GS45dd45307c0d,groundsource,A,-69.84961,19.10211,-69.71694,19.3181,2020-08-19,2020-09-07,2020-08-23,2020-08-24,2020,NorthAmerica,,nan,,,849.5351135829778,False,True,False,1,True,10,6,664,4.25,,0,,b25,0,0
GS93786ebbbaf8,groundsource,A,94.30801,26.75513,95.03528,27.35567,2021-06-17,2021-07-08,2021-06-21,2021-06-24,2021,SouthAsia,,nan,,,1637.8357447333426,False,True,False,1,True,25,9,23505,150.432,,5,,b25,5,1
GSc0ba1c1159fd,groundsource,A,-2.78334,51.88683,-1.62022,52.52312,2020-12-19,2021-01-11,2020-12-23,2020-12-28,2020,Europe,,nan,,,1742.8964911099008,False,True,False,1,True,195,24,10443,66.835,,5,,b25,5,1
GSaaf8747d9041,groundsource,A,24.67473,-27.66229,24.72081,-27.43212,2021-02-05,2021-02-23,2021-02-09,2021-02-09,2021,Africa,,nan,,,12.431054734281755,False,True,False,1,True,15,6,645,4.128,,0,,b25,0,0
GS12d70d0de639,groundsource,A,72.00118,21.64331,72.30032,21.88661,2023-06-25,2023-07-16,2023-06-29,2023-07-02,2023,SouthAsia,,nan,,,104.03162319925762,False,True,False,1,True,10,4,6798,43.507,,5,,b25,5,1
GSbb6f27101649,groundsource,A,107.01762,-6.34949,107.69975,-5.99796,2020-03-05,2020-03-23,2020-03-09,2020-03-09,2020,SoutheastAsia,,nan,,,1927.2852931508294,False,True,False,1,True,20,8,1831,11.718,,5,,b25,5,1
GS42c50fe490f0,groundsource,A,-42.60605,-13.12494,-42.20589,-12.67874,2021-12-21,2022-01-11,2021-12-25,2021-12-28,2021,SouthAmerica,,nan,,,951.2219939560857,False,True,True,2,True,12,5,308,1.971,,0,,b25,0,0
GSec117d4c3129,groundsource,A,126.115,36.5178,126.38059,36.84509,2023-07-18,2023-08-06,2023-07-22,2023-07-23,2023,EastAsia,,nan,,,53.14238489256941,False,True,False,1,True,11,5,1029,6.586,,0,,b25,0,0
GS2404003d071a,groundsource,A,107.0155,-6.66266,107.71949,-6.01088,2020-03-29,2020-04-16,2020-04-02,2020-04-02,2020,SoutheastAsia,,nan,,,1927.2852931508294,False,True,False,1,True,20,8,3247,20.781,,5,,b25,5,1
GSe3d653068698,groundsource,A,-0.9795,50.97408,0.21066,51.5633,2020-02-11,2020-03-04,2020-02-15,2020-02-19,2020,Europe,,nan,,,1670.0904269069508,False,True,False,1,True,160,23,908,5.811,,0,,b25,0,0
GSf6b26334eba4,groundsource,A,67.49827,26.9399,68.14016,27.40597,2022-08-24,2022-09-13,2022-08-28,2022-08-30,2022,SouthAsia,,nan,,,1020.887300136009,False,True,False,1,True,52,11,278988,1785.523,,5,,b25,5,1
GS4b0ad605e636,groundsource,A,19.99358,39.73097,20.35828,40.03335,2025-11-14,2025-12-03,2025-11-18,2025-11-19,2025,Europe,,nan,,,429.9346354695545,True,False,False,1,True,59,12,474,3.034,,1,,b25,1,1
GS86d8d2e2d7e9,groundsource,A,39.21539,-0.67323,39.77907,-0.13472,2023-11-19,2023-12-10,2023-11-23,2023-11-26,2023,Africa,,nan,,,1815.0790399557438,False,True,False,1,True,16,7,563,3.603,,0,,b25,0,0
GS39f305cee1d3,groundsource,A,79.91954,27.79313,80.0435,27.93051,2020-07-19,2020-08-06,2020-07-23,2020-07-23,2020,SouthAsia,,nan,,,43.3204944102271,False,True,True,2,True,25,9,304,1.946,,0,,b25,0,0
GS93ddd4288d3c,groundsource,A,5.01444,50.12369,5.41078,50.31729,2021-06-27,2021-07-15,2021-07-01,2021-07-01,2021,Europe,,nan,,,164.4184262076267,False,True,False,1,True,127,19,349,2.234,,0,,b25,0,0
GSf1bf74b5afca,groundsource,A,47.33844,-19.07616,47.60209,-18.74333,2020-01-03,2020-01-22,2020-01-07,2020-01-08,2020,Africa,,nan,,,357.42501047336236,False,True,False,1,True,7,4,622,3.981,,2,,b25,2,1
GSf757092ac6a7,groundsource,A,126.56317,35.77644,126.84145,36.26076,2023-07-22,2023-08-09,2023-07-26,2023-07-26,2023,EastAsia,,nan,,,17.197041833212378,False,True,False,1,True,28,5,1747,11.181,,0,,b25,0,0
GSa5989cb5646f,groundsource,A,107.0155,-6.66628,107.71951,-6.01088,2020-04-05,2020-04-23,2020-04-09,2020-04-09,2020,SoutheastAsia,,nan,,,1927.2852931508294,False,True,False,1,True,19,8,3429,21.946,,5,,b25,5,1
GSb9e79e54886c,groundsource,A,66.51284,25.65966,67.07179,26.37757,2022-08-13,2022-08-31,2022-08-17,2022-08-17,2022,SouthAsia,,nan,,,1018.1945103415138,False,True,False,1,True,23,9,763,4.883,,0,,b25,0,0
GS78e9be449052,groundsource,A,-50.10115,-29.65246,-49.79225,-29.29776,2023-08-30,2023-09-18,2023-09-03,2023-09-04,2023,SouthAmerica,,nan,,,243.58741784772707,False,True,True,2,True,7,3,634,4.058,,0,,b25,0,0
GSf6d8f381692d,groundsource,A,-0.8906,51.53956,-0.63202,52.16992,2020-02-10,2020-03-02,2020-02-14,2020-02-17,2020,Europe,,nan,,,1636.570050410452,False,True,False,1,True,154,22,619,3.962,,0,,b25,0,0
GScce96b69083d,groundsource,A,83.89894,24.68964,84.09207,24.93366,2020-07-22,2020-08-10,2020-07-26,2020-07-27,2020,SouthAsia,,nan,,,41.538105116072224,False,True,True,2,True,100,15,612,3.917,,1,,b25,1,1
GSc3e91b521527,groundsource,A,104.03084,15.82435,104.33526,16.06414,2022-10-05,2022-10-23,2022-10-09,2022-10-09,2022,SoutheastAsia,,nan,,,577.9008741873125,False,True,True,2,True,26,10,939,6.01,,3,,b25,3,1
GSf587c1a293e2,groundsource,A,-3.89849,38.85667,-3.34624,39.2229,2025-03-02,2025-03-20,2025-03-06,2025-03-06,2025,Europe,,nan,,,429.7733263955728,True,False,False,1,True,27,12,677,4.333,,2,,b25,2,1
GSed82a555dade,groundsource,A,86.71951,23.32912,87.61113,23.95511,2021-09-25,2021-10-16,2021-09-29,2021-10-02,2021,SouthAsia,,nan,,,1610.7814999931707,False,True,False,1,True,56,14,2662,17.037,,0,,b25,0,0
GS99a524d50bb6,groundsource,A,123.76508,-10.08776,124.1529,-10.01719,2021-03-30,2021-04-18,2021-04-03,2021-04-04,2021,SoutheastAsia,,nan,,,477.94581768769757,False,True,True,2,True,20,11,1041,6.662,,0,,b25,0,0
DFO5463,dfo,C,111.06161,22.07862,114.94032,25.987,2023-09-04,2023-09-22,2023-09-08,2023-09-08,2023,EastAsia,"China,Hong Kong Special Administrative Region",1.5,Torrential rain,,108684.0,,,,,True,65,7,1108,7.091,DFO Severity 1.5,1,,b25,1,1
GS3f1c77a05c30,groundsource,A,81.01026,17.53838,81.58728,17.89285,2022-08-05,2022-08-26,2022-08-09,2022-08-12,2022,SouthAsia,,nan,,,1016.4879893526846,False,True,False,1,True,25,6,17447,111.661,,5,,b25,5,1
GS69f935599b0f,groundsource,A,-50.10115,-29.65246,-49.79225,-29.29776,2023-09-02,2023-09-20,2023-09-06,2023-09-06,2023,SouthAmerica,,nan,,,243.58741784772707,False,True,True,2,True,7,3,634,4.058,,0,,b25,0,0
GS15b35fd71d9e,groundsource,A,14.31528,45.91649,14.72674,46.15725,2023-07-23,2023-08-15,2023-07-27,2023-08-01,2023,Europe,,nan,,,165.69372343310982,True,True,False,2,True,53,16,586,3.75,,0,,b25,0,0
GSe5a3ec9bb25c,groundsource,A,114.3706,30.47216,115.17074,31.12114,2020-06-26,2020-07-14,2020-06-30,2020-06-30,2020,EastAsia,,nan,,,1474.8921756496725,False,True,False,1,True,41,11,8270,52.928,,5,,b25,5,1
GS3c039c76110e,groundsource,A,80.90953,28.44218,81.13881,28.68196,2020-06-29,2020-07-17,2020-07-03,2020-07-03,2020,SouthAsia,,nan,,,40.56928404465946,False,True,True,2,True,24,9,904,5.786,,4,,b25,4,1
GS20a85cae282b,groundsource,A,-5.0476,51.654,-4.35444,52.06282,2020-12-14,2021-01-02,2020-12-18,2020-12-19,2020,Europe,,nan,,,1622.5971196718315,False,True,False,1,True,270,20,340,2.176,,0,,b25,0,0
GSbedace8d579a,groundsource,A,-97.31251,49.18496,-96.73032,49.61462,2020-06-09,2020-06-30,2020-06-13,2020-06-16,2020,NorthAmerica,,nan,,,673.3841054274612,False,True,False,1,True,20,7,12875,82.4,,0,,b25,0,0
GS8c6b40dd87a9,groundsource,A,86.71951,23.32912,87.61113,23.95511,2021-10-01,2021-10-19,2021-10-05,2021-10-05,2021,SouthAsia,,nan,,,1610.7814999931707,False,True,False,1,True,50,13,2462,15.757,,0,,b25,0,0
GS588ad64768cc,groundsource,A,108.61264,15.13371,108.90311,15.42568,2021-11-08,2021-11-27,2021-11-12,2021-11-13,2021,SoutheastAsia,,nan,,,473.71883875410884,False,True,True,2,True,31,9,380,2.432,,0,,b25,0,0
GS7170df1da016,groundsource,A,-3.90348,38.85663,-3.34624,39.25102,2025-03-17,2025-04-05,2025-03-21,2025-03-22,2025,Europe,,nan,,,429.7733263955728,True,False,False,1,True,32,14,5861,37.51,,5,,b25,5,1
DFO5429,dfo,C,-78.76797,19.85543,-75.70846,22.48297,2023-06-04,2023-06-24,2023-06-08,2023-06-10,2023,NorthAmerica,Cuba,1.5,Heavy rain,,34826.0,,,,,True,72,11,27043,173.075,DFO Severity 1.5,0,,b25,0,0
GS4f5d3730499b,groundsource,A,114.3706,30.47216,115.16074,31.121,2020-07-19,2020-08-06,2020-07-23,2020-07-23,2020,EastAsia,,nan,,,1474.8921756496725,False,True,False,1,True,45,12,8056,51.558,,5,,b26,5,1
GS0f958de64c7d,groundsource,A,81.01026,17.53838,81.58728,17.89285,2022-08-13,2022-08-31,2022-08-17,2022-08-17,2022,SouthAsia,,nan,,,1016.4879893526846,False,True,False,1,True,26,5,17447,111.661,,5,,b26,5,1
GS0ccd8832d4fb,groundsource,A,40.92941,-1.77666,41.21367,-1.42195,2023-11-17,2023-12-05,2023-11-21,2023-11-21,2023,Africa,,nan,,,1390.8752799233077,False,True,False,1,True,26,8,1254,8.026,,0,,b26,0,0
GS7823884ec7ed,groundsource,A,124.99253,34.41827,127.05546,38.10045,2022-07-30,2022-08-18,2022-08-03,2022-08-04,2022,EastAsia,,nan,,,1077.9796284231722,False,True,False,1,True,19,7,8332,53.325,,0,,b26,0,0
GS9e896d5dd7e5,groundsource,A,89.59242,25.0893,89.86378,25.31144,2020-07-06,2020-07-26,2020-07-10,2020-07-12,2020,SouthAsia,,nan,,,37.098646166579584,False,True,True,2,True,145,19,17847,114.221,,5,,b26,5,1
GS8ae909f8a66f,groundsource,A,-99.11828,26.0057,-98.93466,26.36259,2020-07-24,2020-08-13,2020-07-28,2020-07-30,2020,NorthAmerica,,nan,,,638.6925959031967,False,True,False,1,True,46,11,2281,14.598,,0,,b26,0,0
GS944bad675f62,groundsource,A,91.65802,26.13722,92.46502,26.72966,2021-06-29,2021-07-17,2021-07-03,2021-07-03,2021,SouthAsia,,nan,,,1594.6151065905271,False,True,False,1,True,23,8,3558,22.771,,5,,b26,5,1
GS2225e4b49623,groundsource,A,108.60883,15.12933,108.9024,15.43362,2021-11-23,2021-12-14,2021-11-27,2021-11-30,2021,SoutheastAsia,,nan,,,473.71883875410884,False,True,True,2,True,39,11,522,3.341,,0,,b26,0,0
GS18eae305cd80,groundsource,A,20.06057,39.22395,20.58867,39.63063,2025-11-23,2025-12-12,2025-11-27,2025-11-28,2025,Europe,,nan,,,421.77678120274396,True,False,False,1,True,117,14,514,3.29,,0,,b26,0,0
GS2299685846a9,groundsource,A,68.20192,26.52964,68.70485,27.02922,2022-08-15,2022-09-02,2022-08-19,2022-08-19,2022,SouthAsia,,nan,,,984.6452397816352,False,True,False,1,True,45,11,46346,296.614,,5,,b26,5,1
GSdf79a9e75f71,groundsource,A,22.63556,47.44754,22.99212,47.59771,2021-05-08,2021-05-27,2021-05-12,2021-05-13,2021,Europe,,nan,,,122.22535055673826,False,True,False,1,True,153,20,573,3.667,,3,,b26,3,1
GS4b20830d34fb,groundsource,A,102.45208,14.07148,102.88789,14.4443,2022-09-24,2022-10-12,2022-09-28,2022-09-28,2022,SoutheastAsia,,nan,,,548.5968486743453,False,True,True,2,True,22,9,534,3.418,,1,,b26,1,1
GS6f0abced25d7,groundsource,A,27.66536,45.6813,27.98168,45.91467,2024-09-09,2024-10-01,2024-09-13,2024-09-17,2024,Europe,,nan,,,64.34381047676776,True,False,True,2,True,41,16,2400,15.36,,5,,b26,5,1
GS8e530d5c573e,groundsource,A,22.48888,39.83739,22.52113,39.85942,2023-09-09,2023-09-29,2023-09-13,2023-09-15,2023,Europe,,nan,,,165.39264081629878,True,False,True,2,True,57,16,450,2.88,,0,,b26,0,0
GSa21b76f0b669,groundsource,A,69.536,23.12495,69.81799,23.37329,2023-06-11,2023-07-01,2023-06-15,2023-06-17,2023,SouthAsia,,nan,,,73.76432715176705,False,True,False,1,True,26,9,385,2.464,,0,,b26,0,0
GSc24f51ab00ba,groundsource,A,6.61273,6.02883,6.79941,6.57487,2022-09-18,2022-10-06,2022-09-22,2022-09-22,2022,Africa,,nan,,,496.9797944887608,False,True,False,1,True,14,5,5531,35.398,,5,,b26,5,1
GS3edeb9848060,groundsource,A,68.20192,26.52964,68.70485,27.02922,2022-08-28,2022-09-16,2022-09-01,2022-09-02,2022,SouthAsia,,nan,,,984.6452397816352,False,True,False,1,True,49,12,42685,273.184,,5,,b26,5,1
GS4106c5e6bee6,groundsource,A,40.65338,0.3187,40.90509,0.88306,2023-11-18,2023-12-06,2023-11-22,2023-11-22,2023,Africa,,nan,,,1029.672866916007,False,True,False,1,True,15,6,311,1.99,,0,,b26,0,0
GSd151f61815a0,groundsource,A,99.97578,13.81852,100.37503,14.25292,2022-09-16,2022-10-05,2022-09-20,2022-09-21,2022,SoutheastAsia,,nan,,,547.2678895310161,False,True,True,2,True,39,7,19892,127.309,,5,,b26,5,1
GSc238cc7129ab,groundsource,A,88.90701,21.5978,89.43948,22.48292,2021-10-01,2021-10-19,2021-10-05,2021-10-05,2021,SouthAsia,,nan,,,1546.3708540386845,False,True,False,1,True,40,9,2281,14.598,,5,,b26,5,1
GS682ccf29a745,groundsource,A,116.9508,28.15786,117.21204,28.35877,2021-06-23,2021-07-12,2021-06-27,2021-06-28,2021,EastAsia,,nan,,,130.67892628909127,False,True,False,1,True,19,8,308,1.971,,1,,b26,1,1
GSa072aba85709,groundsource,A,69.536,23.12422,69.81799,23.37329,2023-06-26,2023-07-15,2023-06-30,2023-07-01,2023,SouthAsia,,nan,,,73.76432715176705,False,True,False,1,True,26,8,429,2.746,,0,,b26,0,0
GS8f2e2a81add0,groundsource,A,121.13848,14.18413,121.48298,14.53289,2020-11-07,2020-11-27,2020-11-11,2020-11-13,2020,SoutheastAsia,,nan,,,1795.771529497837,False,True,False,1,True,39,10,1716,10.982,,4,,b26,4,1
GS458f930bad63,groundsource,A,68.20192,26.52964,68.69521,27.0292,2022-09-06,2022-09-26,2022-09-10,2022-09-12,2022,SouthAsia,,nan,,,984.6452397816352,False,True,False,1,True,51,12,31884,204.058,,5,,b26,5,1
GS10e6b847e220,groundsource,A,-51.45124,-29.986,-51.09603,-29.71597,2023-08-28,2023-09-15,2023-09-01,2023-09-01,2023,SouthAmerica,,nan,,,225.1393629672951,False,True,True,2,True,7,3,5861,37.51,,4,,b26,4,1
GS967e1d3c7780,groundsource,A,-0.01002,52.34795,0.97297,53.0656,2020-12-20,2021-01-08,2020-12-24,2020-12-25,2020,Europe,,nan,,,1420.241866475068,False,True,False,1,True,65,20,1981,12.678,,0,,b26,0,0
GS0c147cbb9dbc,groundsource,A,84.62094,26.63245,84.85277,26.85477,2020-07-07,2020-07-29,2020-07-11,2020-07-15,2020,SouthAsia,,nan,,,31.358199900170625,False,True,True,2,True,34,14,20376,130.406,,5,,b26,5,1
GS4cdb4a648cae,groundsource,A,99.3465,14.50507,99.64391,14.90929,2022-10-08,2022-10-27,2022-10-12,2022-10-13,2022,SoutheastAsia,,nan,,,537.6211888421441,False,True,True,2,True,18,6,390,2.496,,2,,b26,2,1
GS67dc61273b8b,groundsource,A,80.2225,28.20228,81.00183,28.76556,2021-06-15,2021-07-07,2021-06-19,2021-06-23,2021,SouthAsia,,nan,,,1535.5005499057147,False,True,False,1,True,60,16,9494,60.762,,5,,b26,5,1
GSd29cfff13e53,groundsource,A,70.002,22.95722,70.24679,23.19015,2023-06-11,2023-07-01,2023-06-15,2023-06-17,2023,SouthAsia,,nan,,,70.65513011270768,False,True,False,1,True,15,8,613,3.923,,1,,b26,1,1
GSd1471ba29345,groundsource,A,108.63029,-7.4166,109.08628,-6.81645,2019-12-28,2020-01-15,2020-01-01,2020-01-01,2020,SoutheastAsia,,nan,,,1761.0177361527735,False,True,False,1,True,33,11,487,3.117,,1,,b26,1,1
DFO4839,dfo,C,-76.79252,-12.42171,-72.86197,-6.92816,2019-12-28,2020-01-22,2020-01-01,2020-01-08,2020,SouthAmerica,Peru,1.5,Heavy rain,,206909.7839854,,,,,True,198,19,2042,13.069,DFO Severity 1.5,2,,b26,2,1
GSc345ffd0b44e,groundsource,A,91.13436,23.77014,91.62148,24.19272,2022-05-14,2022-06-02,2022-05-18,2022-05-19,2022,SouthAsia,,nan,,,959.5692875061302,False,True,False,1,True,20,8,22766,145.702,,5,,b26,5,1
GSfc6eb50d3108,groundsource,A,-51.20284,-30.2642,-50.82526,-29.93134,2023-08-28,2023-09-15,2023-09-01,2023-09-01,2023,SouthAmerica,,nan,,,217.8266047044989,False,True,True,2,True,7,3,3723,23.827,,1,,b26,1,1
GS77c011e5d0ff,groundsource,A,101.20433,13.54072,101.65206,13.94619,2022-10-12,2022-11-03,2022-10-16,2022-10-20,2022,SoutheastAsia,,nan,,,526.0552865418138,False,True,True,2,True,20,8,6173,39.507,,5,,b26,5,1
GS2718f0822fb9,groundsource,A,-1.69475,51.2771,-0.3975,51.67152,2020-02-23,2020-03-12,2020-02-27,2020-02-27,2020,Europe,,nan,,,1265.4591413505354,False,True,False,1,True,79,19,357,2.285,,0,,b26,0,0
GS734e309f7ec9,groundsource,A,86.19553,25.17959,86.93724,25.80593,2021-07-28,2021-08-15,2021-08-01,2021-08-01,2021,SouthAsia,,nan,,,1510.9184777093828,False,True,False,1,True,51,15,132702,849.293,,5,,b26,5,1
GS68f29550a928,groundsource,A,110.6866,-7.04981,111.02706,-6.69583,2020-12-28,2021-01-20,2021-01-01,2021-01-06,2021,SoutheastAsia,,nan,,,431.6836688803991,False,True,True,2,True,23,12,3515,22.496,,5,,b26,5,1
GSaf040d5a8001,groundsource,A,-39.56896,-16.20422,-38.89908,-15.69435,2022-12-10,2022-12-29,2022-12-14,2022-12-15,2022,SouthAmerica,,nan,,,1955.4571405113677,False,True,False,1,True,12,5,469,3.002,,0,,b26,0,0
GS8d7549f9161b,groundsource,A,69.99018,22.9406,70.24676,23.18806,2023-06-25,2023-07-16,2023-06-29,2023-07-02,2023,SouthAsia,,nan,,,70.65513011270768,False,True,False,1,True,15,8,2543,16.275,,0,,b26,0,0
GS7c0d64771587,groundsource,A,108.62305,-7.4166,109.08645,-6.77447,2020-01-08,2020-01-26,2020-01-12,2020-01-12,2020,SoutheastAsia,,nan,,,1761.0177361527735,False,True,False,1,True,32,10,940,6.016,,1,,b26,1,1
DFO4898,dfo,C,-78.83195,-8.77707,-74.72799,-4.95172,2020-03-24,2020-04-16,2020-03-28,2020-04-02,2020,SouthAmerica,Peru,1.5,Heavy rain,,152175.00831,,,,,True,75,14,2324,14.874,DFO Severity 1.5,3,,b26,3,1
GSd41d69daeffe,groundsource,A,5.52867,8.6326,6.37316,9.11329,2022-09-13,2022-10-02,2022-09-17,2022-09-18,2022,Africa,,nan,,,441.9611479277542,False,True,False,1,True,22,6,43309,277.178,,5,,b26,5,1
GS008e50e2adf4,groundsource,A,-51.20284,-30.2642,-50.82526,-29.93134,2023-09-08,2023-09-28,2023-09-12,2023-09-14,2023,SouthAmerica,,nan,,,217.8266047044989,False,True,True,2,True,9,3,3723,23.827,,1,,b26,1,1
GSbd2366dbb0d1,groundsource,A,37.93576,6.38571,38.41783,6.88073,2023-04-27,2023-05-15,2023-05-01,2023-05-01,2023,Africa,,nan,,,881.4824930199452,False,True,False,1,True,15,5,1693,10.835,,0,,b26,0,0
GS292389bd2b24,groundsource,A,100.83615,13.88612,101.24955,14.31826,2022-09-17,2022-10-08,2022-09-21,2022-09-24,2022,SoutheastAsia,,nan,,,524.3897439830039,False,True,True,2,True,48,11,29417,188.269,,5,,b26,5,1
GS748c94a43dfd,groundsource,A,99.77562,19.32165,99.99489,19.81355,2022-08-20,2022-09-08,2022-08-24,2022-08-25,2022,EastAsia,,nan,,,962.6627344213604,False,True,False,1,True,37,8,1505,9.632,,3,,b26,3,1
GS9a03f8a32e7c,groundsource,A,86.19553,25.17959,86.93724,25.80593,2021-08-19,2021-09-06,2021-08-23,2021-08-23,2021,SouthAsia,,nan,,,1510.9184777093828,False,True,False,1,True,45,14,111919,716.282,,0,,b26,0,0
GS42d08b9b7a34,groundsource,A,108.89012,14.28107,109.16064,14.74813,2021-11-10,2021-11-30,2021-11-14,2021-11-16,2021,SoutheastAsia,,nan,,,428.48302391907566,False,True,True,2,True,11,5,3532,22.605,,5,,b26,5,1
GS7e5b6863c03a,groundsource,A,108.89143,14.28107,109.16064,14.61149,2021-11-28,2021-12-17,2021-12-02,2021-12-03,2021,SoutheastAsia,,nan,,,428.48302391907566,False,True,True,2,True,9,5,2896,18.534,,5,,b27,5,1
GSe79f4a066464,groundsource,A,-51.76755,-30.11402,-51.35311,-29.85381,2023-09-11,2023-09-29,2023-09-15,2023-09-15,2023,SouthAmerica,,nan,,,212.84147387396615,False,True,True,2,True,6,2,2708,17.331,,3,,b27,3,1
GSaacb413a570f,groundsource,A,86.19553,25.17959,86.93724,25.80593,2021-08-27,2021-09-14,2021-08-31,2021-08-31,2021,SouthAsia,,nan,,,1510.9184777093828,False,True,False,1,True,46,14,94362,603.917,,5,,b27,5,1
GS6129e07a4c58,groundsource,A,121.66904,18.16773,121.81146,18.30167,2021-10-07,2021-10-26,2021-10-11,2021-10-12,2021,EastAsia,,nan,,,118.94296239999595,False,True,False,1,True,11,6,1014,6.49,,1,,b27,1,1
GSdb292c8fefd0,groundsource,A,0.00726,40.13841,0.63361,40.75999,2020-03-27,2020-04-15,2020-03-31,2020-04-01,2020,Europe,,nan,,,1240.6480891513784,False,True,False,1,True,63,13,1676,10.726,,0,,b27,0,0
GS99e41369e679,groundsource,A,100.83615,13.88612,101.24955,14.31826,2022-09-22,2022-10-10,2022-09-26,2022-09-26,2022,SoutheastAsia,,nan,,,524.3897439830039,False,True,True,2,True,40,9,23168,148.275,,5,,b27,5,1
GS54aebcb617cd,groundsource,A,108.61938,-7.426,109.08632,-6.80555,2020-01-28,2020-02-15,2020-02-01,2020-02-01,2020,SoutheastAsia,,nan,,,1761.0177361527735,False,True,False,1,True,35,12,1201,7.686,,3,,b27,3,1
GS4882364b7aca,groundsource,A,81.15359,27.63657,81.37492,27.85726,2020-07-26,2020-08-14,2020-07-30,2020-07-31,2020,SouthAsia,,nan,,,29.534586772159418,False,True,True,2,True,25,9,6695,42.848,,5,,b27,5,1
GS9c88be423345,groundsource,A,113.64085,35.25578,114.05254,35.51456,2021-07-10,2021-07-29,2021-07-14,2021-07-15,2021,EastAsia,,nan,,,106.99979720948495,False,True,False,1,True,11,5,3482,22.285,,5,,b27,5,1
DFO4869,dfo,C,-73.30776,-17.47101,-69.13152,-11.84719,2020-02-05,2020-03-03,2020-02-09,2020-02-18,2020,SouthAmerica,Peru,1.5,Heavy rain,,146371.91102266,,,,,True,240,26,6086,38.95,DFO Severity 1.5,0,,b27,0,0
GSb4546538d678,groundsource,A,92.08892,20.38848,92.72664,21.51391,2021-07-19,2021-08-06,2021-07-23,2021-07-23,2021,SouthAsia,,nan,,,1495.5498201323278,False,True,False,1,True,40,11,26533,169.811,,5,,b27,5,1
GSa067f8cde414,groundsource,A,47.33917,-19.06822,47.57158,-18.7972,2022-01-29,2022-02-20,2022-02-02,2022-02-06,2022,Africa,,nan,,,357.42501047336236,False,True,False,1,True,11,6,2903,18.579,,5,,b27,5,1
GSdf0cbc390ced,groundsource,A,73.34197,19.72794,73.66782,20.23725,2022-07-13,2022-07-31,2022-07-17,2022-07-17,2022,SouthAsia,,nan,,,892.4284712580926,False,True,False,1,True,42,7,346,2.214,,0,,b27,0,0
GSa8ed13372580,groundsource,A,27.698,-26.87087,27.97051,-26.55438,2020-11-16,2020-12-05,2020-11-20,2020-11-21,2020,Africa,,nan,,,204.8799903394629,False,True,False,1,True,75,12,310,1.984,,0,,b27,0,0
GS49e0a2ec20a5,groundsource,A,-2.44779,51.51817,-1.47548,52.19181,2020-12-21,2021-01-08,2020-12-25,2020-12-25,2020,Europe,,nan,,,1157.9978210830475,False,True,False,1,True,77,19,12059,77.178,,5,,b27,5,1
GSe269c4c54064,groundsource,A,107.67127,-7.02221,107.80694,-6.9542,2020-02-01,2020-02-20,2020-02-05,2020-02-06,2020,SoutheastAsia,,nan,,,1745.7390444905043,False,True,False,1,True,16,9,1224,7.834,,2,,b27,2,1
GSdea3d03a364a,groundsource,A,113.64096,35.25976,114.03778,35.52032,2021-07-28,2021-08-15,2021-08-01,2021-08-01,2021,EastAsia,,nan,,,106.99979720948495,False,True,False,1,True,13,6,2797,17.901,,5,,b27,5,1
GSc4746a802372,groundsource,A,89.95581,24.0886,90.20523,24.30184,2020-07-06,2020-07-24,2020-07-10,2020-07-10,2020,SouthAsia,,nan,,,29.462968410574494,False,True,True,2,True,25,9,11713,74.963,,5,,b27,5,1
GSa0c01c5cad5b,groundsource,A,126.3704,37.78926,127.03067,38.29105,2022-08-04,2022-08-23,2022-08-08,2022-08-09,2022,EastAsia,,nan,,,936.7879573266883,False,True,False,1,True,6,4,389,2.49,,0,,b27,0,0
DFO4868,dfo,C,-49.45476,-22.20882,-44.42405,-18.06491,2020-01-16,2020-02-10,2020-01-20,2020-01-27,2020,SouthAmerica,Brazil,1.5,Torrential rain,,115219.88897742,,,,,True,112,23,3130,20.032,DFO Severity 1.5,0,,b27,0,0
GS7212f117ae92,groundsource,A,91.8862,26.00805,92.64875,26.59264,2021-06-29,2021-07-17,2021-07-03,2021-07-03,2021,SouthAsia,,nan,,,1495.0917634864118,False,True,False,1,True,46,11,3524,22.554,,5,,b27,5,1
GS847ac4e22283,groundsource,A,47.33808,-19.09928,47.6807,-18.71623,2022-02-19,2022-03-09,2022-02-23,2022-02-23,2022,Africa,,nan,,,357.42501047336236,False,True,False,1,True,10,5,6002,38.413,,5,,b27,5,1
GS30716c1e7ed3,groundsource,A,-0.54616,39.09675,-0.23924,39.22379,2024-10-18,2024-11-06,2024-10-22,2024-10-23,2024,Europe,,nan,,,60.11254588145152,True,False,True,2,True,34,12,2673,17.107,,3,,b27,3,1
GSbafcdfe3d7c8,groundsource,A,-98.78851,25.97626,-98.43997,26.33259,2020-07-21,2020-08-12,2020-07-25,2020-07-29,2020,NorthAmerica,,nan,,,437.1336363262837,False,True,False,1,True,17,7,6354,40.666,,5,,b27,5,1
GS1521d0bc6f9a,groundsource,A,89.3145,26.20854,89.58056,26.44899,2023-06-16,2023-07-07,2023-06-20,2023-06-23,2023,SouthAsia,,nan,,,60.67040590244834,False,True,False,1,True,29,10,888,5.683,,0,,b27,0,0
GS16b414830221,groundsource,A,107.67127,-7.02221,107.80694,-6.9542,2020-02-07,2020-02-25,2020-02-11,2020-02-11,2020,SoutheastAsia,,nan,,,1745.7390444905043,False,True,False,1,True,12,7,1224,7.834,,2,,b27,2,1
GS83ebaa75652b,groundsource,A,80.71136,25.81537,80.90342,26.02512,2020-07-17,2020-08-07,2020-07-21,2020-07-24,2020,SouthAsia,,nan,,,29.28051775659989,False,True,True,2,True,48,13,323,2.067,,0,,b27,0,0
GS22fa102f1dbc,groundsource,A,0.59318,40.55297,0.84531,40.79544,2020-01-16,2020-02-04,2020-01-20,2020-01-21,2020,Europe,,nan,,,1017.3300870328031,False,True,False,1,True,87,17,4609,29.498,,5,,b27,5,1
GSe4b5ea770040,groundsource,A,127.69917,36.15942,128.43274,36.63888,2020-07-19,2020-08-08,2020-07-23,2020-07-25,2020,EastAsia,,nan,,,1270.4341039983842,False,True,False,1,True,22,10,645,4.128,,1,,b27,1,1
DFO5009,dfo,C,14.24236,-25.62893,21.3535,-18.91205,2020-12-28,2021-01-27,2021-01-01,2021-01-13,2021,Africa,Namibia,1.5,Heavy rain,,367193.10756624,,,,,True,148,21,17490,111.936,DFO Severity 1.5,0,,b27,0,0
DFO4977,dfo,C,-40.2713,-8.85094,-36.83499,-7.09543,2020-10-30,2020-11-19,2020-11-03,2020-11-05,2020,SouthAmerica,Brazil,1.5,Torrential rain,,61492.055529641,,,,,True,34,7,1245,7.968,DFO Severity 1.5,0,,b27,0,0
GS98e898788707,groundsource,A,87.76178,22.12929,88.44484,22.85866,2021-09-27,2021-10-16,2021-10-01,2021-10-02,2021,SouthAsia,,nan,,,1469.0773325369098,False,True,False,1,True,44,10,28502,182.413,,5,,b27,5,1
GS45c660abf3b6,groundsource,A,-86.45901,32.36379,-86.07577,32.50962,2020-02-04,2020-02-22,2020-02-08,2020-02-08,2020,NorthAmerica,,nan,,,432.56739269591856,False,True,False,1,True,10,4,1057,6.765,,2,,b27,2,1
GS1c514b71f8a6,groundsource,A,78.09493,28.35824,78.3165,28.91788,2022-08-16,2022-09-04,2022-08-20,2022-08-21,2022,SouthAsia,,nan,,,861.9855917661804,False,True,False,1,True,20,7,2081,13.318,,5,,b27,5,1
GS97a25e3cbba3,groundsource,A,89.3145,26.20854,89.5806,26.45116,2023-06-23,2023-07-11,2023-06-27,2023-06-27,2023,SouthAsia,,nan,,,60.67040590244834,False,True,False,1,True,28,10,4296,27.494,,5,,b27,5,1
GSb211b4043a18,groundsource,A,13.1999,51.1835,13.48229,51.41604,2024-09-07,2024-09-25,2024-09-11,2024-09-11,2024,Europe,,nan,,,57.7600098918441,True,False,True,2,True,69,16,343,2.195,,1,,b27,1,1
GS55602e33bb35,groundsource,A,127.70013,36.15942,128.43274,36.58191,2020-08-03,2020-08-23,2020-08-07,2020-08-09,2020,EastAsia,,nan,,,1270.4341039983842,False,True,False,1,True,25,8,633,4.051,,0,,b27,0,0
GS020033cb4e20,groundsource,A,108.7668,14.5024,109.07301,14.99375,2021-11-08,2021-11-27,2021-11-12,2021-11-13,2021,SoutheastAsia,,nan,,,397.66012662699154,False,True,True,2,True,9,4,4950,31.68,,5,,b27,5,1
DFO5166,dfo,C,15.83474,-3.13852,18.53975,3.12583,2021-11-25,2021-12-30,2021-11-29,2021-12-16,2021,Africa,Congo,1.5,Heavy rain,FF-2021-000198-COG,227000.0,,,,,True,115,27,795,5.088,DFO Severity 1.5,0,,b27,0,0
DFO5003,dfo,C,-41.57999,-22.07711,-39.72566,-18.1636,2020-12-18,2021-01-07,2020-12-22,2020-12-24,2020,SouthAmerica,Brazil,1.5,Torrential rain,,49206.634418803,,,,,True,32,10,599,3.834,DFO Severity 1.5,0,,b27,0,0
GSdf3407d01244,groundsource,A,83.58163,27.35208,84.52111,27.89105,2021-08-22,2021-09-14,2021-08-26,2021-08-31,2021,SouthAsia,,nan,,,1423.9139869461533,False,True,False,1,True,119,16,11750,75.2,,5,,b27,5,1
GSb2312c694330,groundsource,A,-50.43304,-30.1717,-50.11331,-29.90284,2023-09-08,2023-09-28,2023-09-12,2023-09-14,2023,SouthAmerica,,nan,,,144.17475377632076,False,True,True,2,True,9,3,1564,10.01,,3,,b27,3,1
GSf3fdaf8bb1f1,groundsource,A,68.10896,28.51633,68.53106,29.12639,2022-08-17,2022-09-04,2022-08-21,2022-08-21,2022,SouthAsia,,nan,,,854.7555206176879,False,True,False,1,True,58,13,49383,316.051,,5,,b27,5,1
GSc36c8f469ab1,groundsource,A,16.4317,44.61341,16.68249,44.74997,2025-03-24,2025-04-11,2025-03-28,2025-03-28,2025,Europe,,nan,,,331.74327114243835,True,False,False,1,True,55,13,892,5.709,,0,,b27,0,0
GSd73208b25e71,groundsource,A,91.60446,26.32563,91.86551,26.57707,2023-06-17,2023-07-06,2023-06-21,2023-06-22,2023,SouthAsia,,nan,,,58.231964068115744,False,True,False,1,True,23,8,11899,76.154,,5,,b27,5,1
GS35b542fbf0f5,groundsource,A,107.25223,-7.0208,107.78377,-6.78014,2020-03-25,2020-04-16,2020-03-29,2020-04-02,2020,SoutheastAsia,,nan,,,1745.7390444905043,False,True,False,1,True,17,9,302,1.933,,1,,b27,1,1
GSd275a46ec251,groundsource,A,80.409,28.21578,80.59855,28.43888,2020-07-07,2020-07-26,2020-07-11,2020-07-12,2020,SouthAsia,,nan,,,29.085187275243424,False,True,True,2,True,52,15,2195,14.048,,2,,b27,2,1
GSa598439b5e9a,groundsource,A,102.83184,3.37225,103.19536,3.70141,2021-12-20,2022-01-09,2021-12-24,2021-12-26,2021,SoutheastAsia,,nan,,,383.3535986289843,False,True,True,2,True,18,10,1849,11.834,,0,,b28,0,0
GSd854dc1b5042,groundsource,A,127.41795,37.28911,127.94235,37.73031,2022-07-28,2022-08-17,2022-08-01,2022-08-03,2022,EastAsia,,nan,,,885.6244646658752,False,True,False,1,True,10,4,300,1.92,,0,,b28,0,0
DFO5031,dfo,C,46.10956,-20.65283,49.42396,-13.51689,2021-02-10,2021-03-04,2021-02-14,2021-02-18,2021,Africa,Madagascar,1.5,Heavy rain,,194399.57869289,,,,,True,75,9,35626,228.006,DFO Severity 1.5,5,,b28,5,1
DFO5004,dfo,C,-49.86416,-29.29866,-48.6429,-26.93491,2020-12-13,2021-01-07,2020-12-17,2020-12-24,2020,SouthAmerica,Brazil,1.5,Heavy rain,,37960.817590169,,,,,True,26,7,1387,8.877,DFO Severity 1.5,4,,b28,4,1
GSee07ca781fcd,groundsource,A,79.55069,10.27558,79.87842,11.00461,2021-10-21,2021-11-08,2021-10-25,2021-10-25,2021,SouthAsia,,nan,,,1414.5753077872403,False,True,False,1,True,36,4,24124,154.394,,5,,b28,5,1
GS145488addadd,groundsource,A,81.70757,24.96135,82.4098,25.39252,2022-08-14,2022-09-02,2022-08-18,2022-08-19,2022,SouthAsia,,nan,,,836.2428611461415,False,True,False,1,True,20,9,17415,111.456,,5,,b28,5,1
GS0668a1ad9f25,groundsource,A,-0.93201,52.55259,-0.05602,53.14873,2020-12-19,2021-01-06,2020-12-23,2020-12-23,2020,Europe,,nan,,,955.8538165357684,False,True,False,1,True,255,19,1401,8.966,,0,,b28,0,0
GS59078e8c2ca2,groundsource,A,99.47335,13.53689,100.01149,13.86977,2022-10-05,2022-10-23,2022-10-09,2022-10-09,2022,SoutheastAsia,,nan,,,505.6944811696876,False,True,True,2,True,12,5,891,5.702,,2,,b28,2,1
GS7190c2fcae26,groundsource,A,-90.49203,29.5667,-90.06064,29.88407,2021-08-25,2021-09-12,2021-08-29,2021-08-29,2021,NorthAmerica,,nan,,,193.2492351434056,False,True,False,1,True,25,8,1165,7.456,,0,,b28,0,0
GS4b63645f86d1,groundsource,A,96.65454,5.15159,96.89294,5.2544,2023-01-23,2023-02-10,2023-01-27,2023-01-27,2023,SouthAsia,,nan,,,54.92126781367606,False,True,False,1,True,11,5,582,3.725,,1,,b28,1,1
GSdcf93e48030a,groundsource,A,107.25223,-7.0208,107.78377,-6.78014,2020-04-05,2020-04-23,2020-04-09,2020-04-09,2020,SoutheastAsia,,nan,,,1745.7390444905043,False,True,False,1,True,14,8,308,1.971,,1,,b28,1,1
GS327cf3e22aa9,groundsource,A,89.10441,25.38984,89.34112,25.59262,2020-06-16,2020-07-04,2020-06-20,2020-06-20,2020,SouthAsia,,nan,,,29.045359567776163,False,True,True,2,True,28,10,545,3.488,,1,,b28,1,1
GS64384daeb927,groundsource,A,110.19825,-7.3121,110.57698,-6.85934,2021-01-05,2021-01-23,2021-01-09,2021-01-09,2021,SoutheastAsia,,nan,,,378.5530568843711,False,True,True,2,True,16,8,671,4.294,,0,,b28,0,0
DFO5068,dfo,C,34.90868,5.17204,39.69201,9.63628,2021-04-22,2021-05-24,2021-04-26,2021-05-10,2021,Africa,Ethiopia,1.5,Heavy rain,,176121.08489966,,,,,True,248,29,8909,57.018,DFO Severity 1.5,5,,b28,5,1
GS902a6cec03fe,groundsource,A,-51.01163,-29.72643,-50.71549,-29.65609,2023-08-28,2023-09-18,2023-09-01,2023-09-04,2023,SouthAmerica,,nan,,,111.18201306713576,False,True,True,2,True,7,3,1877,12.013,,0,,b28,0,0
GS14a2b1b922e2,groundsource,A,79.55069,10.27341,79.87916,11.00461,2021-11-14,2021-12-06,2021-11-18,2021-11-22,2021,SouthAsia,,nan,,,1414.5753077872403,False,True,False,1,True,58,7,10191,65.222,,5,,b28,5,1
GSa37b3bef4c5b,groundsource,A,27.50406,45.74092,27.79887,46.00826,2024-09-25,2024-10-13,2024-09-29,2024-09-29,2024,Europe,,nan,,,54.17340336772006,True,False,True,2,True,35,13,3004,19.226,,4,,b28,4,1
GSd2c23c8a1365,groundsource,A,14.96034,11.87264,15.26552,12.18168,2022-10-04,2022-10-28,2022-10-08,2022-10-14,2022,Africa,,nan,,,233.23233268712428,False,True,False,1,True,20,6,1480,9.472,,1,,b28,1,1
GS838e929b4a86,groundsource,A,81.70757,24.96135,82.4098,25.39252,2022-08-23,2022-09-12,2022-08-27,2022-08-29,2022,SouthAsia,,nan,,,836.2428611461415,False,True,False,1,True,24,10,17302,110.733,,5,,b28,5,1
GS47eb2841d5cb,groundsource,A,101.20676,15.22245,101.37406,15.79576,2022-09-25,2022-10-16,2022-09-29,2022-10-02,2022,SoutheastAsia,,nan,,,505.65278596049797,False,True,True,2,True,21,9,1311,8.39,,3,,b28,3,1
GS1834e60bb644,groundsource,A,23.2337,49.61637,23.34623,49.6344,2020-07-09,2020-07-27,2020-07-13,2020-07-13,2020,Europe,,nan,,,953.1910133056106,False,True,False,1,True,58,19,738,4.723,,0,,b28,0,0
GS211566b03a35,groundsource,A,107.77022,-6.98853,108.29588,-6.50399,2020-01-01,2020-01-20,2020-01-05,2020-01-06,2020,SoutheastAsia,,nan,,,1546.5609500313317,False,True,False,1,True,14,8,1680,10.752,,5,,b28,5,1
GSb76f0d5c669a,groundsource,A,-69.8971,18.5454,-69.70969,18.72549,2020-08-18,2020-09-06,2020-08-22,2020-08-23,2020,NorthAmerica,,nan,,,387.83282020022585,False,True,False,1,True,10,6,1879,12.026,,1,,b28,1,1
GS854537a92c24,groundsource,A,113.60175,30.16178,114.32973,30.7727,2020-06-26,2020-07-14,2020-06-30,2020-06-30,2020,EastAsia,,nan,,,1094.2452687323005,False,True,False,1,True,26,9,11864,75.93,,5,,b28,5,1
GS7044e79f8b41,groundsource,A,89.09805,25.38973,89.34834,25.5956,2020-06-21,2020-07-12,2020-06-25,2020-06-28,2020,SouthAsia,,nan,,,29.045359567776163,False,True,True,2,True,30,11,2968,18.995,,5,,b28,5,1
GSf862ab1f493a,groundsource,A,25.92441,45.52712,26.19979,45.89579,2025-05-22,2025-06-11,2025-05-26,2025-05-28,2025,Europe,,nan,,,299.1944392252146,True,False,False,1,True,78,18,871,5.574,,0,,b28,0,0
DFO5132,dfo,C,107.31447,33.17822,110.59185,38.16667,2021-09-28,2021-10-25,2021-10-02,2021-10-11,2021,EastAsia,China,2.0,Heavy rain,,103744.0,,,,,True,138,17,24818,158.835,DFO Severity 2,5,,b28,5,1
DFO5112,dfo,C,0.77642,11.64297,5.32033,14.81274,2021-08-06,2021-09-11,2021-08-10,2021-08-28,2021,Africa,Niger,1.5,Heavy rain,,89127.431735441,,,,,True,99,15,16876,108.006,DFO Severity 1.5,5,,b28,5,1
GS9d03c2dc428f,groundsource,A,-41.28873,-14.84388,-41.18535,-14.60945,2021-12-22,2022-01-09,2021-12-26,2021-12-26,2021,SouthAmerica,,nan,,,790.5911347157135,False,True,True,2,True,21,6,467,2.989,,0,,b28,0,0
GS2dae060c92dc,groundsource,A,14.96034,11.83864,15.26552,12.18168,2022-10-24,2022-11-11,2022-10-28,2022-10-28,2022,Africa,,nan,,,233.23233268712428,False,True,False,1,True,18,5,3593,22.995,,2,,b28,2,1
GS29af8ccc0f2a,groundsource,A,67.78568,25.33316,68.3779,25.9725,2022-08-07,2022-08-25,2022-08-11,2022-08-11,2022,SouthAsia,,nan,,,807.6693418938058,False,True,False,1,True,24,10,38360,245.504,,5,,b28,5,1
GSa000260fc385,groundsource,A,113.60175,30.16178,114.32973,30.7727,2020-07-08,2020-07-29,2020-07-12,2020-07-15,2020,EastAsia,,nan,,,1094.2452687323005,False,True,False,1,True,32,11,13839,88.57,,5,,b28,5,1
GS0a5338ff614f,groundsource,A,22.3691,39.75502,22.52267,39.94712,2023-08-31,2023-09-21,2023-09-04,2023-09-07,2023,Europe,,nan,,,116.32007238681827,True,False,True,2,True,68,17,1837,11.757,,1,,b28,1,1
GSff972d9d81d7,groundsource,A,107.77022,-6.98853,108.29588,-6.50399,2020-01-05,2020-01-23,2020-01-09,2020-01-09,2020,SoutheastAsia,,nan,,,1546.5609500313317,False,True,False,1,True,16,9,1777,11.373,,5,,b28,5,1
DFO5089,dfo,C,114.71464,25.89261,118.01155,28.73574,2021-06-24,2021-07-18,2021-06-28,2021-07-04,2021,EastAsia,China,1.5,Monsoonal Rain,,82493.338453789,,,,,True,82,13,7871,50.374,DFO Severity 1.5,5,,b28,5,1
GS60dc9b50fa50,groundsource,A,-40.35463,-17.27257,-39.50335,-16.93825,2021-12-05,2021-12-24,2021-12-09,2021-12-10,2021,SouthAmerica,,nan,,,781.608816722051,False,True,True,2,True,14,7,816,5.222,,0,,b28,0,0
GS86a9b10500fa,groundsource,A,83.4421,25.46476,83.70452,25.68436,2020-07-18,2020-08-07,2020-07-22,2020-07-24,2020,SouthAsia,,nan,,,28.88336856296332,False,True,True,2,True,23,10,1327,8.493,,5,,b28,5,1
GS2e1fa3c1de58,groundsource,A,-0.64619,52.09745,0.20704,52.67199,2020-12-19,2021-01-09,2020-12-23,2020-12-26,2020,Europe,,nan,,,910.2956819038478,False,True,False,1,True,159,22,6218,39.795,,2,,b28,2,1
DFO5110,dfo,C,43.85419,3.29998,45.65028,5.72408,2021-08-07,2021-08-31,2021-08-11,2021-08-17,2021,Africa,Somalia,1.5,Heavy rain,,66965.117197287,,,,,True,60,14,1949,12.474,DFO Severity 1.5,1,,b28,1,1
GSd419ccb82782,groundsource,A,18.11378,44.98716,18.55199,45.10303,2025-03-24,2025-04-12,2025-03-28,2025-03-29,2025,Europe,,nan,,,292.9217500700071,True,False,False,1,True,66,16,956,6.118,,1,,b28,1,1
GSb833dce9dbbb,groundsource,A,113.60175,30.16178,114.32973,30.7727,2020-07-22,2020-08-09,2020-07-26,2020-07-26,2020,EastAsia,,nan,,,1094.2452687323005,False,True,False,1,True,28,10,11436,73.19,,5,,b28,5,1
GS131fe5f261e0,groundsource,A,6.67657,7.58498,6.94726,7.919,2022-09-26,2022-10-15,2022-09-30,2022-10-01,2022,Africa,,nan,,,178.65769307595627,False,True,False,1,True,14,5,6022,38.541,,1,,b28,1,1
GS4543060b1415,groundsource,A,67.53104,26.48677,68.06304,27.10866,2022-07-28,2022-08-15,2022-08-01,2022-08-01,2022,SouthAsia,,nan,,,806.770623149385,False,True,False,1,True,53,11,39027,249.773,,5,,b28,5,1
GS21ac9aa22528,groundsource,A,101.63574,15.57913,102.07126,15.90188,2022-10-09,2022-10-27,2022-10-13,2022-10-13,2022,SoutheastAsia,,nan,,,494.9323170299606,False,True,True,2,True,21,9,3782,24.205,,5,,b28,5,1
DFO5069,dfo,C,133.38623,47.51501,138.00727,50.47577,2021-05-06,2021-05-28,2021-05-10,2021-05-14,2021,EastAsia,Russian Federation,1.5,Snow melt and Ice jams,,47981.880106713,,,,,True,93,12,83292,533.069,DFO Severity 1.5,3,,b28,3,1
GS57021bca670d,groundsource,A,-40.01902,-17.27255,-39.51462,-16.94019,2021-12-19,2022-01-10,2021-12-23,2021-12-27,2021,SouthAmerica,,nan,,,781.1516569124585,False,True,True,2,True,15,7,452,2.893,,0,,b28,0,0
GSb091bf208e4c,groundsource,A,16.83125,48.35556,17.00595,48.57413,2024-09-12,2024-09-30,2024-09-16,2024-09-16,2024,Europe,,nan,,,50.5175947259863,True,False,True,2,True,36,12,1195,7.648,,1,,b28,1,1
GSc5042f1ff51e,groundsource,A,107.66616,-7.02672,108.29614,-6.50616,2020-01-22,2020-02-09,2020-01-26,2020-01-26,2020,SoutheastAsia,,nan,,,1546.5609500313317,False,True,False,1,True,14,8,2175,13.92,,4,,b28,4,1
GS950aacf84262,groundsource,A,40.14797,-2.51417,40.68078,-1.9435,2023-11-16,2023-12-04,2023-11-20,2023-11-20,2023,Africa,,nan,,,840.7117884509328,False,True,False,1,True,15,7,8929,57.146,,4,,b28,4,1
GS98aaafd432b1,groundsource,A,82.06473,26.71552,82.32108,26.91048,2020-07-18,2020-08-08,2020-07-22,2020-07-25,2020,SouthAsia,,nan,,,28.382552921401945,False,True,True,2,True,23,10,7396,47.334,,5,,b28,5,1
GS55a69da24e8e,groundsource,A,22.3691,39.75502,22.52267,39.94712,2023-09-05,2023-09-26,2023-09-09,2023-09-12,2023,Europe,,nan,,,116.32007238681827,True,False,True,2,True,70,18,1837,11.757,,1,,b29,1,1
GS079f1f756721,groundsource,A,103.31561,2.58072,103.64403,2.84666,2020-12-30,2021-01-17,2021-01-03,2021-01-03,2021,SoutheastAsia,,nan,,,294.836181386658,False,True,True,2,True,13,7,1903,12.179,,3,,b29,3,1
GSca4f53daf2d1,groundsource,A,-114.13291,35.49105,-114.0514,35.72191,2021-07-18,2021-08-08,2021-07-22,2021-07-25,2021,NorthAmerica,,nan,,,148.81551249537952,False,True,False,1,True,32,14,805,5.152,,0,,b29,0,0
DFO5065,dfo,C,43.74586,1.55537,45.91245,3.85756,2021-05-03,2021-06-15,2021-05-07,2021-06-01,2021,Africa,Somalia,1.5,Heavy rain,,55048.544991561,,,,,True,149,33,45333,290.131,DFO Severity 1.5,5,,b29,5,1
GS274a2162f72b,groundsource,A,0.80751,52.2791,1.76515,52.76354,2020-12-19,2021-01-08,2020-12-23,2020-12-25,2020,Europe,,nan,,,899.3131822695115,False,True,False,1,True,74,21,3611,23.11,,0,,b29,0,0
GS279b8e0fd1d2,groundsource,A,8.98312,12.11443,9.25242,12.32797,2022-08-23,2022-09-11,2022-08-27,2022-08-28,2022,Africa,,nan,,,171.64520124427509,False,True,False,1,True,11,5,964,6.17,,1,,b29,1,1
GSa73bdbde5512,groundsource,A,-39.61337,-17.27255,-39.51492,-17.05245,2021-12-25,2022-01-13,2021-12-29,2021-12-30,2021,SouthAmerica,,nan,,,781.1516569124585,False,True,True,2,True,10,5,400,2.56,,0,,b29,0,0
GS7f13e6d9428f,groundsource,A,72.51285,21.46723,72.9982,22.0132,2022-07-08,2022-07-27,2022-07-12,2022-07-13,2022,SouthAsia,,nan,,,798.1869207994638,False,True,False,1,True,21,8,15596,99.814,,5,,b29,5,1
GSfe359e96dd27,groundsource,A,99.90859,14.16719,100.35917,14.52804,2022-09-16,2022-10-05,2022-09-20,2022-09-21,2022,SoutheastAsia,,nan,,,493.37948464572435,False,True,True,2,True,39,7,72233,462.291,,5,,b29,5,1
GSdfea0e2238d2,groundsource,A,-92.19059,30.04767,-91.88578,30.37038,2021-05-13,2021-06-06,2021-05-17,2021-05-23,2021,NorthAmerica,,nan,,,146.79103268263916,False,True,False,1,True,15,6,717,4.589,,2,,b29,2,1
GSf10018dac56d,groundsource,A,34.76994,-19.8092,35.03143,-19.63231,2020-01-14,2020-02-04,2020-01-18,2020-01-21,2020,Africa,,nan,,,131.78116554698582,False,True,False,1,True,17,9,1387,8.877,,0,,b29,0,0
GS64d92576345a,groundsource,A,107.66833,-7.02237,107.94389,-6.50833,2020-02-07,2020-02-25,2020-02-11,2020-02-11,2020,SoutheastAsia,,nan,,,1546.5609500313317,False,True,False,1,True,12,7,1233,7.891,,4,,b29,4,1
GS483665723c33,groundsource,A,84.14233,26.64907,84.38392,26.87441,2020-07-08,2020-07-29,2020-07-12,2020-07-15,2020,SouthAsia,,nan,,,27.972511193109334,False,True,True,2,True,31,13,13417,85.869,,5,,b29,5,1
GSfe9c4864d97d,groundsource,A,111.84789,30.14225,112.43906,30.5357,2020-06-30,2020-07-18,2020-07-04,2020-07-04,2020,EastAsia,,nan,,,1034.2993923720544,False,True,False,1,True,12,5,592,3.789,,2,,b29,2,1
DFO5041,dfo,C,29.23269,-4.38399,31.74166,-1.6825,2021-02-20,2021-03-15,2021-02-24,2021-03-01,2021,Africa,Burundi,1.5,Heavy rain,,46847.045910069,,,,,True,97,15,370,2.368,DFO Severity 1.5,0,,b29,0,0
GS91d6d4d42f8b,groundsource,A,83.11226,27.25237,83.72813,27.84374,2021-08-21,2021-09-14,2021-08-25,2021-08-31,2021,SouthAsia,,nan,,,1304.8051031921739,False,True,False,1,True,124,17,23433,149.971,,5,,b29,5,1
GSce4a0f5d57e4,groundsource,A,121.40355,14.28302,121.64613,14.71549,2023-01-01,2023-01-19,2023-01-05,2023-01-05,2023,SoutheastAsia,,nan,,,341.29815298771223,False,True,False,1,True,18,5,481,3.078,,2,,b29,2,1
GS3b1bf6dbae68,groundsource,A,100.131,19.48597,100.32564,19.70846,2022-08-07,2022-08-27,2022-08-11,2022-08-13,2022,EastAsia,,nan,,,845.1014908328567,False,True,False,1,True,50,10,2435,15.584,,5,,b29,5,1
GS5e761e559c02,groundsource,A,45.18709,15.33304,45.33479,15.41566,2022-08-11,2022-08-29,2022-08-15,2022-08-15,2022,Africa,,nan,,,166.63182508729722,False,True,False,1,True,8,3,578,3.699,,0,,b29,0,0
GS3c6a831b0bfa,groundsource,A,-0.74494,52.32151,0.16671,52.83879,2020-12-19,2021-01-07,2020-12-23,2020-12-24,2020,Europe,,nan,,,870.5774242277215,False,True,False,1,True,143,20,4529,28.986,,0,,b29,0,0
GSadc14a692346,groundsource,A,102.55821,15.80909,102.83391,16.26364,2022-09-16,2022-10-05,2022-09-20,2022-09-21,2022,SoutheastAsia,,nan,,,481.2896382068639,False,True,True,2,True,25,11,4169,26.682,,5,,b29,5,1
GS42741e46ddd1,groundsource,A,111.84789,30.14225,112.43906,30.5357,2020-07-06,2020-07-24,2020-07-10,2020-07-10,2020,EastAsia,,nan,,,1034.2993923720544,False,True,False,1,True,11,6,592,3.789,,2,,b29,2,1
GS9cb2c5aa0260,groundsource,A,34.76994,-19.8092,35.03143,-19.63231,2020-01-20,2020-02-07,2020-01-24,2020-01-24,2020,Africa,,nan,,,131.78116554698582,False,True,False,1,True,19,9,1387,8.877,,0,,b29,0,0
GS3114571f6880,groundsource,A,-57.24067,-29.82155,-56.98896,-29.59246,2023-09-04,2023-09-25,2023-09-08,2023-09-11,2023,SouthAmerica,,nan,,,43.89147755558363,False,True,True,2,True,14,6,9310,59.584,,0,,b29,0,0
GSa41c4d13ac5b,groundsource,A,34.50511,-0.35997,34.9823,-0.10743,2023-04-20,2023-05-08,2023-04-24,2023-04-24,2023,Africa,,nan,,,571.8817912106852,False,True,False,1,True,8,4,2105,13.472,,1,,b29,1,1
GS29808c4dde05,groundsource,A,84.14233,26.64907,84.38392,26.87441,2020-07-19,2020-08-07,2020-07-23,2020-07-24,2020,SouthAsia,,nan,,,27.972511193109334,False,True,True,2,True,27,11,13138,84.083,,5,,b29,5,1
GSd062c016d286,groundsource,A,5.55375,50.64801,7.4323,53.3387,2021-07-15,2021-08-02,2021-07-19,2021-07-19,2021,Europe,,nan,,,97.11318092559772,False,True,False,1,True,131,19,18846,120.614,,5,,b29,5,1
DFO5046,dfo,C,12.99343,-10.41728,14.27374,-7.81208,2021-03-12,2021-04-02,2021-03-16,2021-03-19,2021,Africa,Angola,1.5,Torrential rain,,33405.40631693,,,,,True,37,6,1899,12.154,DFO Severity 1.5,0,,b29,0,0
GS548faeb86a41,groundsource,A,9.77029,12.03988,10.06329,12.3519,2022-07-26,2022-08-13,2022-07-30,2022-07-30,2022,Africa,,nan,,,150.6510530398145,False,True,False,1,True,11,5,5817,37.229,,5,,b29,5,1
GS0e12593199ed,groundsource,A,80.58921,26.2354,81.13061,26.73795,2022-08-31,2022-09-18,2022-09-04,2022-09-04,2022,SouthAsia,,nan,,,795.0583119710383,False,True,False,1,True,42,11,3696,23.654,,5,,b29,5,1
GS3c15a0fb7774,groundsource,A,102.55821,15.80909,102.83391,16.26364,2022-09-21,2022-10-10,2022-09-25,2022-09-26,2022,SoutheastAsia,,nan,,,481.2896382068639,False,True,True,2,True,23,10,8930,57.152,,5,,b29,5,1
GSc49391f9c3ee,groundsource,A,112.11421,29.82754,112.8381,30.35088,2020-07-06,2020-07-24,2020-07-10,2020-07-10,2020,EastAsia,,nan,,,1033.1373147543918,False,True,False,1,True,11,6,1529,9.786,,5,,b29,5,1
GSfaf5e94aaecf,groundsource,A,35.62344,-6.24321,35.72232,-6.11404,2020-02-27,2020-03-18,2020-03-02,2020-03-04,2020,Africa,,nan,,,125.87610665202372,False,True,False,1,True,21,9,381,2.438,,0,,b29,0,0
GSbd10e96d8206,groundsource,A,107.6691,-7.01876,108.23317,-6.51596,2020-03-29,2020-04-16,2020-04-02,2020-04-02,2020,SoutheastAsia,,nan,,,1546.5609500313317,False,True,False,1,True,15,8,802,5.133,,3,,b29,3,1
GS43d8d6723620,groundsource,A,123.7644,-10.08777,123.81493,-10.02399,2021-03-27,2021-04-17,2021-03-31,2021-04-03,2021,SoutheastAsia,,nan,,,229.21691166341307,False,True,True,2,True,22,12,1060,6.784,,0,,b29,0,0
DFO5058,dfo,C,34.5894,-1.24273,36.16176,0.0849,2021-04-19,2021-06-07,2021-04-23,2021-05-24,2021,Africa,Kenya,1.5,Heavy rain,,23483.269410819,,,,,True,193,36,1779,11.386,DFO Severity 1.5,1,,b29,1,1
GScf0fc199d7ed,groundsource,A,80.69615,27.75386,81.11617,28.25317,2021-08-27,2021-09-14,2021-08-31,2021-08-31,2021,SouthAsia,,nan,,,1264.938681574936,False,True,False,1,True,51,13,7103,45.459,,5,,b29,5,1
GSb2445daacc6a,groundsource,A,98.94549,19.71644,99.39788,20.14413,2022-08-03,2022-08-23,2022-08-07,2022-08-09,2022,EastAsia,,nan,,,820.1210990933675,False,True,False,1,True,47,10,2460,15.744,,5,,b29,5,1
GS71a40aac7dba,groundsource,A,68.81573,28.01456,69.3454,28.49294,2022-08-28,2022-09-15,2022-09-01,2022-09-01,2022,SouthAsia,,nan,,,784.7685263913612,False,True,False,1,True,25,11,63619,407.162,,5,,b29,5,1
GS961315bec700,groundsource,A,101.02719,13.33789,101.39507,13.6635,2022-09-28,2022-10-17,2022-10-02,2022-10-03,2022,SoutheastAsia,,nan,,,480.9282371623858,False,True,True,2,True,19,8,1603,10.259,,5,,b29,5,1
GS4fdaaa75fd24,groundsource,A,107.6691,-7.01876,108.23317,-6.51596,2020-04-05,2020-04-23,2020-04-09,2020-04-09,2020,SoutheastAsia,,nan,,,1546.5609500313317,False,True,False,1,True,14,8,844,5.402,,3,,b29,3,1
GS119264de6320,groundsource,A,98.94549,19.71644,99.39788,20.14413,2022-08-07,2022-08-28,2022-08-11,2022-08-14,2022,EastAsia,,nan,,,820.1210990933675,False,True,False,1,True,55,11,2470,15.808,,5,,b29,5,1
GS7707fcfa30cc,groundsource,A,-52.29227,-32.09981,-52.01379,-31.90391,2023-08-31,2023-09-18,2023-09-04,2023-09-04,2023,SouthAmerica,,nan,,,38.301833224786634,False,True,True,2,True,9,3,1751,11.206,,0,,b29,0,0
GS2332dfe5cd44,groundsource,A,-3.27685,51.50747,-2.5348,52.05544,2020-02-10,2020-03-05,2020-02-14,2020-02-20,2020,Europe,,nan,,,858.6627358045916,False,True,False,1,True,96,25,3391,21.702,,5,,b29,5,1
GS47ac0f5b791f,groundsource,A,-93.38838,30.05223,-93.04864,30.34373,2021-05-29,2021-06-16,2021-06-02,2021-06-02,2021,NorthAmerica,,nan,,,122.55393870980122,False,True,False,1,True,32,8,365,2.336,,1,,b29,1,1
GSf8d6e67f2989,groundsource,A,17.77958,45.04625,18.32769,45.22631,2025-03-26,2025-04-13,2025-03-30,2025-03-30,2025,Europe,,nan,,,228.77532395165076,True,False,False,1,True,32,12,2085,13.344,,2,,b29,2,1
GS8271ec4c18cf,groundsource,A,80.55474,24.98617,81.52505,25.49358,2022-08-15,2022-09-03,2022-08-19,2022-08-20,2022,SouthAsia,,nan,,,778.3609181008593,False,True,False,1,True,33,10,10262,65.677,,5,,b29,5,1
GS16f570d9c8ff,groundsource,A,22.79152,47.45467,22.99226,47.60466,2021-05-08,2021-05-27,2021-05-12,2021-05-13,2021,Europe,,nan,,,92.26258274901261,False,True,False,1,True,75,20,454,2.906,,2,,b29,2,1
GSffae53343df1,groundsource,A,99.84112,17.41512,100.17914,17.6294,2022-09-28,2022-10-16,2022-10-02,2022-10-02,2022,SoutheastAsia,,nan,,,474.1381644317912,False,True,True,2,True,21,9,2230,14.272,,5,,b29,5,1
GSf12e35acc5cf,groundsource,A,126.57187,36.90898,127.80228,37.25559,2022-08-04,2022-08-25,2022-08-08,2022-08-11,2022,EastAsia,,nan,,,786.9868373924282,False,True,False,1,True,16,5,394,2.522,,0,,b29,0,0
GSd06b8600b1ff,groundsource,A,30.53622,-26.94186,32.79254,-26.09708,2022-04-11,2022-05-03,2022-04-15,2022-04-19,2022,Africa,,nan,,,118.06389370765838,False,True,False,1,True,74,11,4216,26.982,,0,,b30,0,0
GS0cb5f46cb82b,groundsource,A,86.82298,26.33142,87.43627,26.79209,2021-06-29,2021-07-18,2021-07-03,2021-07-04,2021,SouthAsia,,nan,,,1185.7424289054204,False,True,False,1,True,24,9,21638,138.483,,5,,b30,5,1
GSf15f2e87e690,groundsource,A,-3.27685,51.48085,-2.5313,52.05544,2020-12-19,2021-01-07,2020-12-23,2020-12-24,2020,Europe,,nan,,,858.6627358045916,False,True,False,1,True,81,20,2029,12.986,,3,,b30,3,1
GSb450013bb878,groundsource,A,126.24032,36.7181,127.77827,37.25532,2022-08-16,2022-09-03,2022-08-20,2022-08-20,2022,EastAsia,,nan,,,786.9868373924282,False,True,False,1,True,16,5,3155,20.192,,0,,b30,0,0
GSfda33dfa375f,groundsource,A,67.71542,26.4697,68.21859,26.97598,2022-08-27,2022-09-14,2022-08-31,2022-08-31,2022,SouthAsia,,nan,,,762.1731556029123,False,True,False,1,True,23,9,110239,705.53,,5,,b30,5,1
GSdad29d31722d,groundsource,A,32.35858,-26.16524,32.91757,-25.79111,2023-02-20,2023-03-10,2023-02-24,2023-02-24,2023,Africa,,nan,,,355.26199128483887,False,True,False,1,True,23,9,2338,14.963,,0,,b30,0,0
GSf451e2b8e702,groundsource,A,69.54842,21.5309,69.75861,21.69361,2023-06-27,2023-07-16,2023-07-01,2023-07-02,2023,SouthAsia,,nan,,,40.06258185235146,False,True,False,1,True,6,3,3550,22.72,,1,,b30,1,1
GS26ec883a41b0,groundsource,A,82.1231,27.33482,82.32006,27.51272,2020-07-15,2020-08-04,2020-07-19,2020-07-21,2020,SouthAsia,,nan,,,23.693131646063108,False,True,True,2,True,26,9,1885,12.064,,5,,b30,5,1
GSa1be1a0546c5,groundsource,A,123.76493,-10.11665,123.94403,-10.02358,2021-04-01,2021-04-19,2021-04-05,2021-04-05,2021,SoutheastAsia,,nan,,,193.1514482777295,False,True,True,2,True,20,11,1085,6.944,,0,,b30,0,0
GS94d8a70b43a0,groundsource,A,79.4322,10.88542,79.8548,11.49634,2021-11-26,2021-12-14,2021-11-30,2021-11-30,2021,SouthAsia,,nan,,,1169.7469369935689,False,True,False,1,True,16,3,11109,71.098,,5,,b30,5,1
GSfc3b62e1ac67,groundsource,A,-81.31602,35.37254,-81.18379,35.63177,2020-11-07,2020-11-26,2020-11-11,2020-11-12,2020,NorthAmerica,,nan,,,169.24006937265986,False,True,False,1,True,9,5,301,1.926,,0,,b30,0,0
GS1a10c3877fe9,groundsource,A,32.35858,-26.16524,32.91759,-25.7651,2023-03-07,2023-03-25,2023-03-11,2023-03-11,2023,Africa,,nan,,,355.26199128483887,False,True,False,1,True,21,8,2760,17.664,,0,,b30,0,0
GSe5797b55fc93,groundsource,A,68.50363,24.938,69.05309,25.36941,2022-08-31,2022-09-18,2022-09-04,2022-09-04,2022,SouthAsia,,nan,,,753.3613332341009,False,True,False,1,True,47,11,12510,80.064,,5,,b30,5,1
GS128cd962b4dc,groundsource,A,108.57749,15.116,108.92039,15.50173,2022-10-10,2022-10-28,2022-10-14,2022-10-14,2022,SoutheastAsia,,nan,,,473.71883875410884,False,True,True,2,True,27,8,2858,18.291,,5,,b30,5,1
GS94080115c69e,groundsource,A,-110.2385,35.9198,-109.98304,36.0688,2021-07-20,2021-08-08,2021-07-24,2021-07-25,2021,NorthAmerica,,nan,,,91.07792346671691,False,True,False,1,True,28,11,309,1.978,,0,,b30,0,0
GSb624ad17b23b,groundsource,A,88.55051,26.42698,88.81756,26.63371,2023-06-16,2023-07-07,2023-06-20,2023-06-23,2023,SouthAsia,,nan,,,39.93995853934352,False,True,False,1,True,29,10,1605,10.272,,1,,b30,1,1
GS1de5be653c58,groundsource,A,106.12749,-6.37066,106.47327,-5.97912,2020-02-07,2020-02-25,2020-02-11,2020-02-11,2020,SoutheastAsia,,nan,,,1457.8295059160469,False,True,False,1,True,38,10,4242,27.149,,5,,b30,5,1
GS0c733530d607,groundsource,A,-98.40078,26.04503,-98.11191,26.49434,2020-07-21,2020-08-12,2020-07-25,2020-07-29,2020,NorthAmerica,,nan,,,168.8590882008168,False,True,False,1,True,17,7,3703,23.699,,5,,b30,5,1
GS7d1b44c9e554,groundsource,A,100.11884,19.87793,100.55764,20.44856,2022-08-07,2022-08-27,2022-08-11,2022-08-13,2022,EastAsia,,nan,,,762.8939475262475,False,True,False,1,True,26,10,1232,7.885,,3,,b30,3,1
GS20c8fee872e6,groundsource,A,80.9776,27.88196,81.18851,28.09152,2020-07-16,2020-08-04,2020-07-20,2020-07-21,2020,SouthAsia,,nan,,,23.300638675847946,False,True,True,2,True,26,9,1944,12.442,,4,,b30,4,1
GS46174b2616e0,groundsource,A,103.2704,3.49844,103.4247,3.61664,2021-12-27,2022-01-19,2021-12-31,2022-01-05,2021,SoutheastAsia,,nan,,,179.4353641917921,False,True,True,2,True,15,8,503,3.219,,0,,b30,0,0
GS558b937e87df,groundsource,A,-113.29474,37.60848,-112.92684,37.82537,2021-07-09,2021-07-27,2021-07-13,2021-07-13,2021,NorthAmerica,,nan,,,89.26785792522507,False,True,False,1,True,48,18,983,6.291,,0,,b30,0,0
GSb0b2ebdccc3c,groundsource,A,127.54468,35.96903,128.11396,36.39349,2020-07-18,2020-08-07,2020-07-22,2020-07-24,2020,EastAsia,,nan,,,862.0987146915414,False,True,False,1,True,31,9,612,3.917,,0,,b30,0,0
GS71420cce270d,groundsource,A,34.74052,-0.259,34.97335,-0.10706,2023-04-17,2023-05-05,2023-04-21,2023-04-21,2023,Africa,,nan,,,319.96317207502756,False,True,False,1,True,9,5,1109,7.098,,1,,b30,1,1
GS1ffee398996a,groundsource,A,67.87865,24.37227,68.31899,24.93043,2022-08-21,2022-09-11,2022-08-25,2022-08-28,2022,SouthAsia,,nan,,,719.0603611084354,False,True,False,1,True,43,11,48360,309.504,,5,,b30,5,1
GS89aed8a6ee97,groundsource,A,103.86591,15.47266,104.28592,15.91265,2022-09-22,2022-10-10,2022-09-26,2022-09-26,2022,SoutheastAsia,,nan,,,449.24568309915094,False,True,True,2,True,26,10,15972,102.221,,5,,b30,5,1
GSc3222f11fe61,groundsource,A,-113.29474,37.60848,-113.08356,37.82268,2021-07-15,2021-08-03,2021-07-19,2021-07-20,2021,NorthAmerica,,nan,,,89.26785792522507,False,True,False,1,True,51,17,815,5.216,,0,,b30,0,0
GS805cf934bccd,groundsource,A,-56.11987,-28.7644,-55.88701,-28.54827,2023-09-01,2023-09-22,2023-09-05,2023-09-08,2023,SouthAmerica,,nan,,,29.924865295400053,False,True,True,2,True,9,3,4946,31.654,,4,,b30,4,1
GSaadfba786e42,groundsource,A,93.49166,26.59505,93.74237,26.72686,2023-06-08,2023-07-02,2023-06-12,2023-06-18,2023,SouthAsia,,nan,,,38.937022498288826,False,True,False,1,True,24,7,1657,10.605,,3,,b30,3,1
GS353652cb61b9,groundsource,A,-2.07829,50.69474,-1.1778,51.05903,2020-02-12,2020-03-01,2020-02-16,2020-02-16,2020,Europe,,nan,,,750.5192586618033,False,True,False,1,True,78,19,3209,20.538,,0,,b30,0,0
GSc344f9ff1ee4,groundsource,A,106.27711,-6.24514,106.46714,-5.99071,2020-02-21,2020-03-12,2020-02-25,2020-02-27,2020,SoutheastAsia,,nan,,,1457.8295059160469,False,True,False,1,True,41,13,490,3.136,,1,,b30,1,1
GSdaa7d829b260,groundsource,A,-1.37747,47.36903,-0.89147,47.61206,2025-01-21,2025-02-08,2025-01-25,2025-01-25,2025,Europe,,nan,,,189.855644215353,True,False,False,1,True,37,13,622,3.981,,0,,b30,0,0
GSad964b3ed1d2,groundsource,A,-87.55082,39.32726,-87.2099,39.60085,2021-06-14,2021-07-03,2021-06-18,2021-06-19,2021,NorthAmerica,,nan,,,87.57055708256617,False,True,False,1,True,13,5,1045,6.688,,2,,b30,2,1
GS4f4c6736b378,groundsource,A,15.18525,9.91828,15.25111,10.15203,2022-09-24,2022-10-12,2022-09-28,2022-09-28,2022,Africa,,nan,,,96.99370015250798,False,True,False,1,True,16,5,622,3.981,,0,,b30,0,0
GSf8a76ad41137,groundsource,A,97.28805,5.00519,97.50247,5.07082,2023-01-23,2023-02-10,2023-01-27,2023-01-27,2023,SoutheastAsia,,nan,,,302.66066035277,False,True,False,1,True,11,5,885,5.664,,2,,b30,2,1
GSd3c9a6591a33,groundsource,A,67.87865,24.37227,68.31899,24.93043,2022-08-28,2022-09-15,2022-09-01,2022-09-01,2022,SouthAsia,,nan,,,719.0603611084354,False,True,False,1,True,33,9,45863,293.523,,5,,b30,5,1
GS91e806d2151d,groundsource,A,27.76702,45.62916,28.04435,45.86532,2024-09-13,2024-10-01,2024-09-17,2024-09-17,2024,Europe,,nan,,,43.53338414561265,True,False,True,2,True,35,13,1391,8.902,,5,,b30,5,1
GSdb3170ebe339,groundsource,A,99.55029,15.44619,100.0186,15.76172,2022-10-09,2022-10-27,2022-10-13,2022-10-13,2022,SoutheastAsia,,nan,,,447.60309260206213,False,True,True,2,True,15,5,4580,29.312,,5,,b30,5,1
GSaa65444af123,groundsource,A,69.44218,25.08212,69.67325,25.26865,2020-08-17,2020-09-04,2020-08-21,2020-08-21,2020,SouthAsia,,nan,,,22.402601975908194,False,True,True,2,True,23,8,1886,12.07,,2,,b30,2,1
GS2b53414f3ece,groundsource,A,-0.39622,52.56056,0.38747,53.01911,2020-12-19,2021-01-06,2020-12-23,2020-12-23,2020,Europe,,nan,,,734.9282600887433,False,True,False,1,True,105,19,1761,11.27,,0,,b30,0,0
GS5ee507845017,groundsource,A,108.6172,-7.43191,108.81413,-7.30509,2021-01-23,2021-02-10,2021-01-27,2021-01-27,2021,SoutheastAsia,,nan,,,170.95663418766168,False,True,True,2,True,13,7,1533,9.811,,2,,b30,2,1
GSfd14c0d2ea81,groundsource,A,105.93885,18.01462,106.41786,18.38623,2020-11-11,2020-11-29,2020-11-15,2020-11-15,2020,EastAsia,,nan,,,769.0789002050973,False,True,False,1,True,50,13,656,4.198,,1,,b30,1,1
GS8f81ac1bccd3,groundsource,A,81.05432,25.01456,81.64397,25.42196,2022-08-22,2022-09-09,2022-08-26,2022-08-26,2022,SouthAsia,,nan,,,685.3244221501619,False,True,False,1,True,21,9,4881,31.238,,5,,b30,5,1
GS26fabca7d1ab,groundsource,A,126.43362,36.95344,127.16974,37.38625,2020-07-24,2020-08-13,2020-07-28,2020-07-30,2020,EastAsia,,nan,,,747.8402132279127,False,True,False,1,True,39,13,638,4.083,,0,,b30,0,0
GS91e33b0b33e8,groundsource,A,-39.62994,-17.51911,-39.22159,-16.99688,2022-12-07,2022-12-27,2022-12-11,2022-12-13,2022,SouthAmerica,,nan,,,1700.536897270637,False,True,False,1,True,19,5,5483,35.091,,0,,b30,0,0
GSbbae4c2eccce,groundsource,A,81.8414,27.04979,82.06987,27.24271,2020-07-02,2020-07-20,2020-07-06,2020-07-06,2020,SouthAsia,,nan,,,22.142379419347463,False,True,True,2,True,42,10,2075,13.28,,5,,b30,5,1
GS05193b30eecb,groundsource,A,126.20567,36.51719,126.58018,37.10563,2020-07-19,2020-08-08,2020-07-23,2020-07-25,2020,EastAsia,,nan,,,740.9866874593116,False,True,False,1,True,39,13,5326,34.086,,0,,b30,0,0
GScaf1eb7201af,groundsource,A,85.58702,26.52729,86.03179,27.24373,2021-07-01,2021-07-19,2021-07-05,2021-07-05,2021,SouthAsia,,nan,,,1002.6394647973134,False,True,False,1,True,23,10,19949,127.674,,5,,b30,5,1
GS31f1e0c7a2b3,groundsource,A,74.01399,31.74452,74.67043,32.24081,2022-08-08,2022-08-26,2022-08-12,2022-08-12,2022,SouthAsia,,nan,,,685.1509513698498,False,True,False,1,True,22,8,1321,8.454,,4,,b30,4,1
GS936bbfdfe6a7,groundsource,A,106.41126,16.8435,107.07567,17.40141,2020-11-01,2020-11-19,2020-11-05,2020-11-05,2020,SoutheastAsia,,nan,,,1398.501484190696,False,True,False,1,True,30,16,10586,67.75,,5,,b30,5,1
GS1e60f2b84dcb,groundsource,A,85.59307,26.52729,85.98603,26.7581,2021-08-22,2021-09-14,2021-08-26,2021-08-31,2021,SouthAsia,,nan,,,1002.6394647973134,False,True,False,1,True,28,12,2255,14.432,,5,,b31,5,1
GSc48770b0b6bc,groundsource,A,102.62972,16.76027,103.04883,17.1679,2022-10-05,2022-10-23,2022-10-09,2022-10-09,2022,SoutheastAsia,,nan,,,433.1773516597381,False,True,True,2,True,19,7,439,2.81,,0,,b31,0,0
GS111e0a757294,groundsource,A,15.93817,8.46022,16.19813,8.63385,2022-09-03,2022-09-21,2022-09-07,2022-09-07,2022,Africa,,nan,,,86.5245383061825,False,True,False,1,True,29,5,4718,30.195,,5,,b31,5,1
GS311dbb7bb2ca,groundsource,A,68.2949,28.35873,69.21419,28.74454,2022-08-16,2022-09-03,2022-08-20,2022-08-20,2022,SouthAsia,,nan,,,667.1939620492577,False,True,False,1,True,26,11,115612,739.917,,5,,b31,5,1
GSc29ccdaf4dae,groundsource,A,-89.59593,21.27878,-89.38712,21.32591,2020-06-05,2020-06-23,2020-06-09,2020-06-09,2020,NorthAmerica,,nan,,,138.4728219917209,False,True,False,1,True,23,12,485,3.104,,0,,b31,0,0
GSd9569790d806,groundsource,A,106.62017,16.95624,107.07567,17.39982,2020-11-18,2020-12-06,2020-11-22,2020-11-22,2020,SoutheastAsia,,nan,,,1398.501484190696,False,True,False,1,True,24,12,5700,36.48,,5,,b31,5,1
GS33ebcfe46bfb,groundsource,A,-1.84524,51.6321,-1.15563,52.0599,2020-12-20,2021-01-07,2020-12-24,2020-12-24,2020,Europe,,nan,,,716.3940960573669,False,True,False,1,True,77,19,7156,45.798,,5,,b31,5,1
GS03c77a096f3e,groundsource,A,81.84136,27.04401,82.0698,27.23477,2020-07-10,2020-07-28,2020-07-14,2020-07-14,2020,SouthAsia,,nan,,,22.142379419347463,False,True,True,2,True,43,10,1944,12.442,,5,,b31,5,1
GSed1bb5a46a95,groundsource,A,15.94835,8.46022,16.19813,8.63238,2022-09-07,2022-09-25,2022-09-11,2022-09-11,2022,Africa,,nan,,,86.5245383061825,False,True,False,1,True,31,4,1965,12.576,,2,,b31,2,1
GSbf0a809abe15,groundsource,A,84.74187,24.90787,85.29784,25.39824,2021-07-28,2021-08-15,2021-08-01,2021-08-01,2021,SouthAsia,,nan,,,937.2898792170436,False,True,False,1,True,21,9,49611,317.51,,5,,b31,5,1
GS7347b934a738,groundsource,A,107.02289,16.48887,107.46973,16.8781,2022-10-09,2022-11-01,2022-10-13,2022-10-18,2022,SoutheastAsia,,nan,,,424.1989849973768,False,True,True,2,True,26,12,18525,118.56,,5,,b31,5,1
GS99fab39dab4a,groundsource,A,126.29945,36.81411,126.90502,37.0726,2020-07-14,2020-08-02,2020-07-18,2020-07-19,2020,EastAsia,,nan,,,709.5424081392954,False,True,False,1,True,34,12,3671,23.494,,0,,b31,0,0
GSfb5c975da8c9,groundsource,A,68.2949,28.35873,69.21419,28.74454,2022-08-24,2022-09-13,2022-08-28,2022-08-30,2022,SouthAsia,,nan,,,667.1939620492577,False,True,False,1,True,27,12,88777,568.173,,5,,b31,5,1
GSbadb9299cfc2,groundsource,A,-97.87977,25.98166,-97.53075,26.35452,2020-07-21,2020-08-11,2020-07-25,2020-07-28,2020,NorthAmerica,,nan,,,115.23908763793244,False,True,False,1,True,17,7,12510,80.064,,5,,b31,5,1
GS4a31b79febed,groundsource,A,107.4273,15.91297,108.26829,16.49548,2020-11-05,2020-11-27,2020-11-09,2020-11-13,2020,SoutheastAsia,,nan,,,1383.9742791360177,False,True,False,1,True,71,19,18842,120.589,,5,,b31,5,1
GS9ddf8884bc27,groundsource,A,88.78855,25.67314,89.00819,25.8969,2020-06-22,2020-07-16,2020-06-26,2020-07-02,2020,SouthAsia,,nan,,,21.798042528305356,False,True,True,2,True,36,13,2663,17.043,,5,,b31,5,1
GSe4eb2d2fb97a,groundsource,A,25.11293,45.81639,25.57767,46.08067,2025-05-23,2025-06-16,2025-05-27,2025-06-02,2025,Europe,,nan,,,180.89104064988643,True,False,False,1,True,44,16,3014,19.29,,5,,b31,5,1
GS7cbee9daed00,groundsource,A,84.74187,24.90787,85.29784,25.39824,2021-08-14,2021-09-01,2021-08-18,2021-08-18,2021,SouthAsia,,nan,,,937.2898792170436,False,True,False,1,True,24,10,4658,29.811,,5,,b31,5,1
GSe2c404744eae,groundsource,A,102.24538,5.70529,102.60982,5.99035,2022-11-27,2022-12-15,2022-12-01,2022-12-01,2022,SoutheastAsia,,nan,,,423.49599276955115,False,True,True,2,True,19,5,356,2.278,,0,,b31,0,0
GS7fe9c4a0b778,groundsource,A,126.61423,35.38215,127.21026,35.84064,2020-07-20,2020-08-07,2020-07-24,2020-07-24,2020,EastAsia,,nan,,,690.5314701991294,False,True,False,1,True,11,7,999,6.394,,0,,b31,0,0
GS470fad2aa33a,groundsource,A,69.43193,27.9538,69.9457,28.39685,2022-08-21,2022-09-09,2022-08-25,2022-08-26,2022,SouthAsia,,nan,,,645.4546946546459,False,True,False,1,True,24,11,24063,154.003,,5,,b31,5,1
GSdae0c2ee1046,groundsource,A,-88.0221,15.3379,-87.72313,15.66956,2020-10-30,2020-11-20,2020-11-03,2020-11-06,2020,NorthAmerica,,nan,,,110.58260887813309,False,True,False,1,True,54,10,14374,91.994,,5,,b31,5,1
GS3a954c046dfd,groundsource,A,107.43178,15.91328,108.24734,16.49542,2020-11-27,2020-12-16,2020-12-01,2020-12-02,2020,SoutheastAsia,,nan,,,1383.9742791360177,False,True,False,1,True,49,16,12685,81.184,,5,,b31,5,1
GS6750fa0f619b,groundsource,A,88.78855,25.67314,89.00819,25.8969,2020-07-05,2020-07-28,2020-07-09,2020-07-14,2020,SouthAsia,,nan,,,21.798042528305356,False,True,True,2,True,44,16,10800,69.12,,5,,b31,5,1
GS1462721646f6,groundsource,A,-88.0221,15.3379,-87.72313,15.66956,2020-11-13,2020-12-06,2020-11-17,2020-11-22,2020,NorthAmerica,,nan,,,110.58260887813309,False,True,False,1,True,58,10,13943,89.235,,5,,b31,5,1
GSb6362b4f647f,groundsource,A,-43.25262,-14.30657,-42.84284,-13.84133,2021-12-20,2022-01-07,2021-12-24,2021-12-24,2021,SouthAmerica,,nan,,,608.0864104206848,False,True,True,2,True,12,5,1007,6.445,,0,,b31,0,0
GS9b28bf563143,groundsource,A,121.54776,17.88491,121.74504,18.18988,2022-10-08,2022-10-26,2022-10-12,2022-10-12,2022,EastAsia,,nan,,,640.5244547574982,False,True,False,1,True,6,3,1673,10.707,,2,,b31,2,1
GS79b158a31730,groundsource,A,-1.80665,50.84992,-1.28306,51.40636,2020-02-11,2020-03-01,2020-02-15,2020-02-16,2020,Europe,,nan,,,624.1613057640467,False,True,False,1,True,76,20,831,5.318,,0,,b31,0,0
GS4652f6aaf6e9,groundsource,A,82.97382,25.99429,83.55847,26.47758,2021-09-27,2021-10-15,2021-10-01,2021-10-01,2021,SouthAsia,,nan,,,911.6133646362708,False,True,False,1,True,20,9,18313,117.203,,5,,b31,5,1
GS14ce8b72984e,groundsource,A,99.59414,13.73428,99.95552,14.17012,2022-10-09,2022-10-27,2022-10-13,2022-10-13,2022,SoutheastAsia,,nan,,,404.7347839163856,False,True,True,2,True,13,5,3231,20.678,,5,,b31,5,1
GS23603a6457aa,groundsource,A,121.46971,18.02797,121.92257,18.31946,2020-12-18,2021-01-06,2020-12-22,2020-12-23,2020,EastAsia,,nan,,,646.7321036376065,False,True,False,1,True,11,6,7074,45.274,,5,,b31,5,1
GS3d851527443e,groundsource,A,80.14881,25.53819,80.6592,25.98741,2022-08-21,2022-09-08,2022-08-25,2022-08-25,2022,SouthAsia,,nan,,,640.8309592325827,False,True,False,1,True,13,6,14395,92.128,,0,,b31,0,0
GS85f0edfa2631,groundsource,A,126.58666,35.98881,126.96848,36.09818,2020-07-19,2020-08-08,2020-07-23,2020-07-25,2020,EastAsia,,nan,,,637.3856839482074,False,True,False,1,True,34,10,1524,9.754,,0,,b31,0,0
GSd7e7fb519100,groundsource,A,-54.77631,-31.07315,-54.66535,-30.8758,2023-09-06,2023-09-26,2023-09-10,2023-09-12,2023,SouthAmerica,,nan,,,15.408152304804222,False,True,True,2,True,12,6,1766,11.302,,3,,b31,3,1
GS1eeea00547f7,groundsource,A,99.7771,13.16887,100.06534,13.58942,2022-10-09,2022-10-28,2022-10-13,2022-10-14,2022,SoutheastAsia,,nan,,,403.63760341398387,False,True,True,2,True,16,6,822,5.261,,3,,b31,3,1
GSb2993619ffa0,groundsource,A,67.51021,27.62337,67.94358,28.07786,2022-08-23,2022-09-10,2022-08-27,2022-08-27,2022,SouthAsia,,nan,,,635.2789400020256,False,True,False,1,True,25,8,228117,1459.949,,5,,b31,5,1
GS96e59e6945f6,groundsource,A,121.88096,17.0096,121.97002,17.20022,2020-11-05,2020-11-23,2020-11-09,2020-11-09,2020,SoutheastAsia,,nan,,,1381.184941962342,False,True,False,1,True,30,10,2127,13.613,,2,,b31,2,1
GSef91da671274,groundsource,A,127.35734,37.07319,127.8734,38.25398,2020-07-18,2020-08-07,2020-07-22,2020-07-24,2020,EastAsia,,nan,,,605.7247925440802,False,True,False,1,True,37,12,339,2.17,,0,,b31,0,0
GS29019fab750f,groundsource,A,81.25709,27.31479,81.48529,27.54073,2020-07-08,2020-07-26,2020-07-12,2020-07-12,2020,SouthAsia,,nan,,,20.85593773108631,False,True,True,2,True,22,8,9640,61.696,,5,,b31,5,1
GS222e087f4bfa,groundsource,A,108.80249,14.61838,109.06829,14.99371,2022-10-05,2022-10-26,2022-10-09,2022-10-12,2022,SoutheastAsia,,nan,,,397.66012662699154,False,True,True,2,True,7,3,1979,12.666,,4,,b31,4,1
GSd14cd7bb04ac,groundsource,A,126.37807,35.35551,126.84646,36.47469,2020-07-08,2020-07-28,2020-07-12,2020-07-14,2020,EastAsia,,nan,,,599.7681118527177,False,True,False,1,True,42,9,2429,15.546,,0,,b31,0,0
GS93fc2a698777,groundsource,A,91.32077,26.37247,91.79374,26.76137,2022-05-12,2022-06-01,2022-05-16,2022-05-18,2022,SouthAsia,,nan,,,611.3882864319297,False,True,False,1,True,26,8,12376,79.206,,4,,b31,4,1
GS967e8eb5a893,groundsource,A,121.88096,16.78763,122.4479,17.2021,2020-12-14,2021-01-04,2020-12-18,2020-12-21,2020,SoutheastAsia,,nan,,,1381.184941962342,False,True,False,1,True,26,8,2006,12.838,,3,,b31,3,1
GS4c316ee43865,groundsource,A,72.25079,22.72747,72.47663,22.93184,2023-06-26,2023-07-15,2023-06-30,2023-07-01,2023,SouthAsia,,nan,,,24.97579679284669,False,True,False,1,True,24,7,7091,45.382,,5,,b31,5,1
GS3996871e8879,groundsource,A,125.95621,36.2384,126.5547,36.61566,2020-07-19,2020-08-08,2020-07-23,2020-07-25,2020,EastAsia,,nan,,,588.1455702398678,False,True,False,1,True,55,13,1776,11.366,,0,,b31,0,0
GS76249186b6d9,groundsource,A,19.7312,40.6851,20.18926,40.93274,2025-11-16,2025-12-06,2025-11-20,2025-11-22,2025,Europe,,nan,,,165.37999756969967,True,False,False,1,True,72,15,368,2.355,,1,,b31,1,1
GS2aae0f09ba4d,groundsource,A,80.09966,28.75775,80.189,28.95181,2020-07-02,2020-07-22,2020-07-06,2020-07-08,2020,SouthAsia,,nan,,,20.687579636041328,False,True,True,2,True,34,12,491,3.142,,0,,b31,0,0
GS81cc287f592c,groundsource,A,5.06919,49.3504,5.42488,49.56134,2021-07-10,2021-07-29,2021-07-14,2021-07-15,2021,Europe,,nan,,,38.40514925167473,False,True,False,1,True,145,20,827,5.293,,0,,b31,0,0
GSfa3c18b253d0,groundsource,A,74.74153,15.67885,74.92452,15.75493,2021-07-17,2021-08-06,2021-07-21,2021-07-23,2021,SouthAsia,,nan,,,855.7515768486146,False,True,False,1,True,9,3,879,5.626,,3,,b31,3,1
GS618813ad1419,groundsource,A,100.40846,15.9908,100.67799,16.40193,2022-10-09,2022-10-27,2022-10-13,2022-10-13,2022,SoutheastAsia,,nan,,,394.455338518529,False,True,True,2,True,36,11,7370,47.168,,0,,b31,0,0
GSc015ec770bde,groundsource,A,108.60528,13.08734,108.74697,13.25269,2021-11-26,2021-12-15,2021-11-30,2021-12-01,2021,SoutheastAsia,,nan,,,150.64865109023594,False,True,True,2,True,53,9,724,4.634,,3,,b32,3,1
GS4076ca18ea74,groundsource,A,-0.69064,50.79521,-0.05965,51.21203,2020-02-11,2020-03-02,2020-02-15,2020-02-17,2020,Europe,,nan,,,532.9834177390242,False,True,False,1,True,88,21,2361,15.11,,0,,b32,0,0
GSebbffbaac62b,groundsource,A,67.34538,26.65062,67.66282,26.93265,2020-08-17,2020-09-05,2020-08-21,2020-08-22,2020,SouthAsia,,nan,,,20.104653014884253,False,True,True,2,True,24,10,6896,44.134,,5,,b32,5,1
GS6c2a887a69ae,groundsource,A,25.98789,45.80499,26.16321,45.93743,2025-05-24,2025-06-11,2025-05-28,2025-05-28,2025,Europe,,nan,,,152.23983021092823,True,False,False,1,True,71,16,937,5.997,,2,,b32,2,1
GS2dfb828b6cb7,groundsource,A,78.34892,10.95877,78.82759,11.47005,2021-11-22,2021-12-10,2021-11-26,2021-11-26,2021,SouthAsia,,nan,,,837.9736353982623,False,True,False,1,True,11,3,502,3.213,,0,,b32,0,0
GSf7fb30636247,groundsource,A,103.82598,14.67437,104.21043,15.01808,2022-09-17,2022-10-08,2022-09-21,2022-09-24,2022,SoutheastAsia,,nan,,,386.95475699983734,False,True,True,2,True,30,11,25336,162.15,,0,,b32,0,0
GS2d87a710b1b6,groundsource,A,-2.27555,52.09048,-2.20811,52.27285,2020-12-31,2021-01-18,2021-01-04,2021-01-04,2021,Europe,,nan,,,34.106470675865694,False,True,False,1,True,75,19,1003,6.419,,0,,b32,0,0
GSdc056be10118,groundsource,A,67.54087,26.49266,68.06694,27.09209,2022-09-06,2022-09-26,2022-09-10,2022-09-12,2022,SouthAsia,,nan,,,591.1078171789586,False,True,False,1,True,50,10,197909,1266.618,,5,,b32,5,1
GSc3aaedba993c,groundsource,A,26.92162,45.14809,26.9746,45.19205,2024-09-09,2024-09-29,2024-09-13,2024-09-15,2024,Europe,,nan,,,35.63962082181029,True,False,True,2,True,39,15,328,2.099,,0,,b32,0,0
GScb093bf34c2c,groundsource,A,90.84483,25.96872,91.09372,26.17431,2023-06-07,2023-06-25,2023-06-11,2023-06-11,2023,SouthAsia,,nan,,,23.757123826318118,False,True,False,1,True,16,6,8096,51.814,,5,,b32,5,1
GS9060bf55a33a,groundsource,A,-1.18085,52.56273,-0.51757,53.06013,2020-12-23,2021-01-10,2020-12-27,2020-12-27,2020,Europe,,nan,,,480.5718829690483,False,True,False,1,True,259,19,491,3.142,,0,,b32,0,0
GS99d0f679b7db,groundsource,A,81.33015,26.98544,81.79307,27.5795,2021-08-28,2021-09-17,2021-09-01,2021-09-03,2021,SouthAsia,,nan,,,828.1892896883686,False,True,False,1,True,55,11,13078,83.699,,5,,b32,5,1
GS1aab5c8a03e7,groundsource,A,99.9429,16.16184,100.41052,16.47969,2022-09-18,2022-10-09,2022-09-22,2022-09-25,2022,SoutheastAsia,,nan,,,385.93724328680844,False,True,True,2,True,21,7,16040,102.656,,5,,b32,5,1
GS26d6dadab8db,groundsource,A,112.15644,30.13851,112.32116,30.40998,2020-07-18,2020-08-06,2020-07-22,2020-07-23,2020,EastAsia,,nan,,,523.9336804671713,False,True,False,1,True,18,8,657,4.205,,2,,b32,2,1
GSf104b4c007bc,groundsource,A,24.87384,45.55438,25.15851,45.85419,2025-05-23,2025-06-16,2025-05-27,2025-06-02,2025,Europe,,nan,,,149.78165803414032,True,False,False,1,True,44,16,977,6.253,,2,,b32,2,1
GSe95b9d67df13,groundsource,A,67.93685,27.35411,68.42781,27.77871,2022-09-06,2022-09-24,2022-09-10,2022-09-10,2022,SouthAsia,,nan,,,569.5610603675044,False,True,False,1,True,48,11,70923,453.907,,5,,b32,5,1
GS841f7d283d31,groundsource,A,95.23932,27.40617,95.46012,27.59457,2023-06-22,2023-07-13,2023-06-26,2023-06-29,2023,SouthAsia,,nan,,,23.558189716906874,False,True,False,1,True,27,7,659,4.218,,0,,b32,0,0
GS97bca0934cbd,groundsource,A,112.13816,30.13569,112.45197,30.41591,2020-08-07,2020-08-28,2020-08-11,2020-08-14,2020,EastAsia,,nan,,,523.9336804671713,False,True,False,1,True,15,7,1020,6.528,,3,,b32,3,1
GSa735ade2ec68,groundsource,A,26.92162,45.14809,26.9746,45.19205,2024-09-25,2024-10-14,2024-09-29,2024-09-30,2024,Europe,,nan,,,35.63962082181029,True,False,True,2,True,35,13,328,2.099,,0,,b32,0,0
GS79c7b1ead872,groundsource,A,-91.04393,32.1549,-90.72501,32.50486,2020-01-27,2020-02-14,2020-01-31,2020-01-31,2020,NorthAmerica,,nan,,,93.57813421603521,False,True,False,1,True,24,6,6873,43.987,,5,,b32,5,1
GSed50e83511d4,groundsource,A,125.74698,7.45733,126.01388,7.72794,2022-12-29,2023-01-19,2023-01-02,2023-01-05,2023,SoutheastAsia,,nan,,,246.4455721688634,False,True,False,1,True,6,2,337,2.157,,0,,b32,0,0
GSc737c209c621,groundsource,A,81.18977,27.26855,81.69051,27.858,2021-08-30,2021-09-17,2021-09-03,2021-09-03,2021,SouthAsia,,nan,,,819.2928946289649,False,True,False,1,True,22,8,9832,62.925,,5,,b32,5,1
GS5a8bff9bf946,groundsource,A,-56.65622,-29.23194,-56.44568,-29.04279,2023-09-07,2023-09-27,2023-09-11,2023-09-13,2023,SouthAmerica,,nan,,,13.450051591467686,False,True,True,2,True,9,3,13770,88.128,,4,,b32,4,1
GSfad6ee1e7179,groundsource,A,126.10964,36.36853,126.55579,37.06057,2020-07-19,2020-08-08,2020-07-23,2020-07-25,2020,EastAsia,,nan,,,523.3329939567137,False,True,False,1,True,55,13,6428,41.139,,0,,b32,0,0
GS9ee29293072e,groundsource,A,-2.44899,51.74784,-1.98046,52.12779,2020-02-26,2020-03-16,2020-03-01,2020-03-02,2020,Europe,,nan,,,404.2728848924385,False,True,False,1,True,83,20,7529,48.186,,5,,b32,5,1
GScc46a1356639,groundsource,A,86.57059,20.42996,87.00355,20.85988,2022-08-06,2022-08-26,2022-08-10,2022-08-12,2022,SouthAsia,,nan,,,553.3518910000377,False,True,False,1,True,34,13,39049,249.914,,5,,b32,5,1
GS6e14249d37fd,groundsource,A,-91.04393,32.1549,-90.72501,32.50486,2020-02-06,2020-02-27,2020-02-10,2020-02-13,2020,NorthAmerica,,nan,,,93.57813421603521,False,True,False,1,True,23,6,8442,54.029,,5,,b32,5,1
GSeb5dedabd416,groundsource,A,122.06242,-3.40262,122.1871,-3.27297,2020-06-25,2020-07-13,2020-06-29,2020-06-29,2020,SoutheastAsia,,nan,,,1297.457817311279,False,True,False,1,True,26,10,303,1.939,,0,,b32,0,0
GSb48bb49d67e7,groundsource,A,8.34877,46.2661,8.78708,46.5478,2025-04-07,2025-04-26,2025-04-11,2025-04-12,2025,Europe,,nan,,,147.19017979284172,True,False,False,1,True,74,14,597,3.821,,0,,b32,0,0
GS1b96cc6f1991,groundsource,A,84.66378,26.26807,84.89213,26.47943,2020-07-19,2020-08-06,2020-07-23,2020-07-23,2020,SouthAsia,,nan,,,18.84535500052198,False,True,True,2,True,24,10,29357,187.885,,5,,b32,5,1
GSf0ea7ac4ba30,groundsource,A,17.80719,47.72512,18.10295,47.86841,2024-09-16,2024-10-05,2024-09-20,2024-09-21,2024,Europe,,nan,,,35.269458290337035,True,False,True,2,True,42,14,612,3.917,,1,,b32,1,1
GS7e6a603561f1,groundsource,A,34.70886,-19.9218,35.03209,-19.62654,2023-02-18,2023-03-14,2023-02-22,2023-02-28,2023,Africa,,nan,,,131.78116554698582,False,True,False,1,True,15,8,874,5.594,,0,,b32,0,0
GSa6eff8b404fe,groundsource,A,86.57059,20.42996,86.99051,20.85844,2022-08-24,2022-09-12,2022-08-28,2022-08-29,2022,SouthAsia,,nan,,,553.3518910000377,False,True,False,1,True,27,10,8242,52.749,,5,,b32,5,1
GS83777c33824f,groundsource,A,106.9918,-6.46033,107.35799,-5.98009,2020-01-14,2020-02-01,2020-01-18,2020-01-18,2020,SoutheastAsia,,nan,,,1268.939758436779,False,True,False,1,True,20,8,818,5.235,,0,,b32,0,0
GSe94b8481b494,groundsource,A,112.12536,28.51596,112.70843,28.89378,2022-05-29,2022-06-17,2022-06-02,2022-06-03,2022,EastAsia,,nan,,,564.1823145684041,False,True,False,1,True,19,5,1627,10.413,,5,,b32,5,1
GSa4f6314e7122,groundsource,A,-90.45812,29.39636,-90.20062,29.63004,2021-08-28,2021-09-17,2021-09-01,2021-09-03,2021,NorthAmerica,,nan,,,38.97696714861438,False,True,False,1,True,21,5,3539,22.65,,0,,b32,0,0
GScb36f33817cc,groundsource,A,113.79887,30.58181,114.39452,30.86675,2020-06-22,2020-07-10,2020-06-26,2020-06-26,2020,EastAsia,,nan,,,487.3948224967615,False,True,False,1,True,18,6,1526,9.766,,2,,b32,2,1
GScc27e7ef24ac,groundsource,A,81.95254,26.17408,82.17452,26.36133,2020-07-06,2020-07-28,2020-07-10,2020-07-14,2020,SouthAsia,,nan,,,18.65258220973866,False,True,True,2,True,26,12,657,4.205,,2,,b32,2,1
GS45b83855ace4,groundsource,A,80.59001,26.24118,81.13061,26.73795,2021-09-13,2021-10-02,2021-09-17,2021-09-18,2021,SouthAsia,,nan,,,795.0583119710383,False,True,False,1,True,39,11,999,6.394,,1,,b32,1,1
GS27527103fd67,groundsource,A,100.78477,13.55522,101.21933,13.8797,2022-10-12,2022-11-05,2022-10-16,2022-10-22,2022,SoutheastAsia,,nan,,,377.29466761217947,False,True,True,2,True,23,9,8911,57.03,,5,,b32,5,1
GS29da18d30c54,groundsource,A,113.79887,30.57099,114.39481,30.86675,2020-07-19,2020-08-06,2020-07-23,2020-07-23,2020,EastAsia,,nan,,,487.3948224967615,False,True,False,1,True,29,9,3805,24.352,,5,,b32,5,1
GS834efdfe3efa,groundsource,A,106.973,-6.40326,107.36929,-5.97425,2020-02-20,2020-03-14,2020-02-24,2020-02-29,2020,SoutheastAsia,,nan,,,1268.939758436779,False,True,False,1,True,23,10,15948,102.067,,5,,b32,5,1
GS2a977c971239,groundsource,A,108.7916,14.02065,109.07704,14.21681,2021-11-25,2021-12-14,2021-11-29,2021-11-30,2021,SoutheastAsia,,nan,,,117.15359138131407,False,True,True,2,True,11,5,405,2.592,,1,,b32,1,1
GS1bb2085543ce,groundsource,A,114.07819,30.29697,114.72046,30.77542,2020-07-08,2020-07-29,2020-07-12,2020-07-15,2020,EastAsia,,nan,,,472.00913816486076,False,True,False,1,True,32,11,4501,28.806,,5,,b32,5,1
GS94b784d3baec,groundsource,A,102.3034,5.56516,102.75955,6.03784,2020-11-28,2020-12-20,2020-12-02,2020-12-06,2020,SoutheastAsia,,nan,,,1223.2623731803174,False,True,False,1,True,22,7,2951,18.886,,5,,b32,5,1
GS6ff3db5982db,groundsource,A,-90.42346,29.32833,-90.17599,29.56114,2021-08-25,2021-09-16,2021-08-29,2021-09-02,2021,NorthAmerica,,nan,,,30.741678718395143,False,True,False,1,True,24,6,3582,22.925,,1,,b32,1,1
GS9c72115da9ff,groundsource,A,68.01189,26.744,68.23792,26.92955,2020-08-21,2020-09-08,2020-08-25,2020-08-25,2020,SouthAsia,,nan,,,18.44540384619744,False,True,True,2,True,23,9,634,4.058,,0,,b32,0,0
GS62025ab0215b,groundsource,A,79.56403,12.2415,80.08614,12.77248,2021-11-10,2021-11-28,2021-11-14,2021-11-14,2021,SouthAsia,,nan,,,767.8370117298324,False,True,False,1,True,17,3,40252,257.613,,5,,b32,5,1
GSd78c11847d5a,groundsource,A,-100.84902,20.81606,-100.64078,20.94244,2021-09-28,2021-10-19,2021-10-02,2021-10-05,2021,NorthAmerica,,nan,,,29.576015799975437,False,True,False,1,True,45,19,848,5.427,,1,,b32,1,1
GS9abc2b808522,groundsource,A,107.86512,15.95631,108.1757,16.29069,2022-10-08,2022-10-30,2022-10-12,2022-10-16,2022,SoutheastAsia,,nan,,,353.8496667138824,False,True,True,2,True,47,13,2231,14.278,,1,,b32,1,1
GSde6423b21210,groundsource,A,126.40559,35.59111,127.01913,36.09908,2020-07-19,2020-08-07,2020-07-23,2020-07-24,2020,EastAsia,,nan,,,394.85537966185325,False,True,False,1,True,35,9,2690,17.216,,0,,b33,0,0
GSdc6c81b9f4c1,groundsource,A,-0.78635,47.55404,-0.33465,47.83809,2025-01-25,2025-02-13,2025-01-29,2025-01-30,2025,Europe,,nan,,,143.02107376891615,True,False,False,1,True,36,13,2721,17.414,,3,,b33,3,1
GS240c52ec9b3b,groundsource,A,78.90188,26.34794,79.38901,26.78953,2022-08-21,2022-09-10,2022-08-25,2022-08-27,2022,SouthAsia,,nan,,,520.0562388546755,False,True,False,1,True,43,10,4228,27.059,,5,,b33,5,1
GSe3c9a3b8c73d,groundsource,A,121.13843,14.20332,121.4828,14.53329,2020-11-04,2020-11-22,2020-11-08,2020-11-08,2020,SoutheastAsia,,nan,,,1203.3767293756857,False,True,False,1,True,43,11,1526,9.766,,4,,b33,4,1
GS9e9fd7490efe,groundsource,A,99.14807,19.71629,99.2285,19.90434,2022-08-01,2022-08-19,2022-08-05,2022-08-05,2022,EastAsia,,nan,,,537.7501062057055,False,True,False,1,True,47,10,565,3.616,,1,,b33,1,1
GS1541500b7093,groundsource,A,91.89948,25.06366,92.11627,25.18502,2023-06-23,2023-07-17,2023-06-27,2023-07-03,2023,SouthAsia,,nan,,,18.80967114430065,False,True,False,1,True,64,13,14792,94.669,,5,,b33,5,1
GSacb4e64bd5ae,groundsource,A,-93.8627,30.229,-93.65016,30.38831,2021-05-13,2021-06-01,2021-05-17,2021-05-18,2021,NorthAmerica,,nan,,,28.89951155747424,False,True,False,1,True,18,7,540,3.456,,0,,b33,0,0
GS05133d9ac8b9,groundsource,A,16.82717,48.2592,16.99651,48.46042,2024-09-08,2024-10-01,2024-09-12,2024-09-17,2024,Europe,,nan,,,32.41213274819132,True,False,True,2,True,47,16,1669,10.682,,0,,b33,0,0
GS39713752cb99,groundsource,A,80.96391,28.24553,81.16575,28.46299,2020-07-02,2020-07-22,2020-07-06,2020-07-08,2020,SouthAsia,,nan,,,17.403599882941517,False,True,True,2,True,24,9,1538,9.843,,4,,b33,4,1
GS47d10b9b6139,groundsource,A,74.66934,15.67821,75.0856,15.89108,2021-08-08,2021-08-26,2021-08-12,2021-08-12,2021,SouthAsia,,nan,,,760.8873263674652,False,True,False,1,True,9,3,1782,11.405,,5,,b33,5,1
GSc43e2c675e7f,groundsource,A,99.54972,15.22025,99.97417,15.51893,2022-10-09,2022-10-27,2022-10-13,2022-10-13,2022,SoutheastAsia,,nan,,,352.6157499836808,False,True,True,2,True,15,5,3462,22.157,,5,,b33,5,1
GS78001c57b793,groundsource,A,14.98589,12.05133,15.20805,12.26483,2020-08-05,2020-08-23,2020-08-09,2020-08-09,2020,Africa,,nan,,,31.059534073842844,False,True,False,1,True,16,6,1271,8.134,,0,,b33,0,0
GSdb5ea9ad02a2,groundsource,A,83.45126,21.39734,84.07306,21.82915,2022-08-13,2022-08-31,2022-08-17,2022-08-17,2022,SouthAsia,,nan,,,517.4483772757799,False,True,False,1,True,13,5,3329,21.306,,4,,b33,4,1
GS25122198396e,groundsource,A,102.74875,-2.13177,103.12364,-1.86512,2020-11-22,2020-12-10,2020-11-26,2020-11-26,2020,SoutheastAsia,,nan,,,1147.3025093644628,False,True,False,1,True,12,6,637,4.077,,0,,b33,0,0
GS1a8750f12c24,groundsource,A,88.83595,26.19802,89.07256,26.41128,2023-10-06,2023-10-25,2023-10-10,2023-10-11,2023,SouthAsia,,nan,,,18.642450847594215,False,True,False,1,True,25,9,2096,13.414,,2,,b33,2,1
GSecf48ae32850,groundsource,A,-110.04227,36.69333,-109.77046,36.84002,2021-07-21,2021-08-08,2021-07-25,2021-07-25,2021,NorthAmerica,,nan,,,28.0429153228833,False,True,False,1,True,26,10,416,2.662,,0,,b33,0,0
GSef5fcf13f66a,groundsource,A,114.75195,30.32423,115.17345,30.72172,2020-07-02,2020-07-23,2020-07-06,2020-07-09,2020,EastAsia,,nan,,,378.4882924491143,False,True,False,1,True,15,7,4805,30.752,,5,,b33,5,1
GScdd6143c9b5b,groundsource,A,-0.27258,52.22623,-0.00453,52.33888,2021-01-10,2021-01-28,2021-01-14,2021-01-14,2021,Europe,,nan,,,21.53094082908101,False,True,False,1,True,68,19,1130,7.232,,0,,b33,0,0
GSfc8ad7232c08,groundsource,A,82.59498,25.6605,82.78808,25.84107,2020-07-14,2020-08-02,2020-07-18,2020-07-19,2020,SouthAsia,,nan,,,16.362802369125028,False,True,True,2,True,25,11,944,6.042,,1,,b33,1,1
GS43f36bcb6a06,groundsource,A,101.80217,15.21607,102.00009,15.53281,2022-09-17,2022-10-05,2022-09-21,2022-09-21,2022,SoutheastAsia,,nan,,,341.45422130646136,False,True,True,2,True,23,10,386,2.47,,0,,b33,0,0
GSf2371b30269e,groundsource,A,105.65703,18.1864,106.10175,18.53909,2020-09-27,2020-10-15,2020-10-01,2020-10-01,2020,EastAsia,,nan,,,371.67826146331265,False,True,False,1,True,26,11,3462,22.157,,5,,b33,5,1
GS29033346d3f0,groundsource,A,6.68069,7.03727,6.74742,7.20969,2022-09-09,2022-09-27,2022-09-13,2022-09-13,2022,Africa,,nan,,,20.84080363901689,False,True,False,1,True,16,5,467,2.989,,0,,b33,0,0
GS579b23b69f5c,groundsource,A,89.02016,25.35391,89.53703,25.76174,2022-06-14,2022-07-03,2022-06-18,2022-06-19,2022,SouthAsia,,nan,,,507.4416599244714,False,True,False,1,True,27,10,8207,52.525,,5,,b33,5,1
GSf68bd9c6ce1f,groundsource,A,121.68068,17.45565,121.88497,17.89211,2020-12-15,2021-01-03,2020-12-19,2020-12-20,2020,SoutheastAsia,,nan,,,1134.2271241096503,False,True,False,1,True,10,6,11262,72.077,,5,,b33,5,1
GS2b0081c12168,groundsource,A,-3.74792,51.38081,-3.04889,51.53064,2020-12-19,2021-01-07,2020-12-23,2020-12-24,2020,Europe,,nan,,,337.4110982420621,False,True,False,1,True,81,20,411,2.63,,0,,b33,0,0
GSdbd84d90b40d,groundsource,A,68.64765,23.75793,68.88278,23.90353,2023-06-11,2023-06-30,2023-06-15,2023-06-16,2023,SouthAsia,,nan,,,17.462757259199986,False,True,False,1,True,11,7,1461,9.35,,0,,b33,0,0
GS8babe9a05551,groundsource,A,110.85988,-7.03966,111.02721,-6.7972,2021-01-03,2021-01-21,2021-01-07,2021-01-07,2021,SoutheastAsia,,nan,,,107.77693320886404,False,True,True,2,True,18,9,1954,12.506,,5,,b33,5,1
GS1f494b386754,groundsource,A,79.70914,28.52683,79.91185,28.7264,2020-07-03,2020-07-22,2020-07-07,2020-07-08,2020,SouthAsia,,nan,,,15.575408255482202,False,True,True,2,True,31,11,765,4.896,,2,,b33,2,1
GS448899f4d87a,groundsource,A,-84.13676,43.25387,-83.8379,43.44561,2020-05-13,2020-06-05,2020-05-17,2020-05-22,2020,NorthAmerica,,nan,,,73.22928623508703,False,True,False,1,True,19,9,3673,23.507,,5,,b33,5,1
GSa7a3833b017f,groundsource,A,4.94259,49.60285,5.20309,49.69159,2021-07-15,2021-08-02,2021-07-19,2021-07-19,2021,Europe,,nan,,,20.966174160748107,False,True,False,1,True,71,19,1875,12.0,,2,,b33,2,1
GS54ac506715fc,groundsource,A,77.28171,13.36137,77.79606,13.86159,2021-11-15,2021-12-04,2021-11-19,2021-11-20,2021,SouthAsia,,nan,,,733.0273653584003,False,True,False,1,True,17,7,1284,8.218,,1,,b33,1,1
GSb1168e1124d5,groundsource,A,101.85866,15.15464,102.16173,15.53207,2022-10-08,2022-10-27,2022-10-12,2022-10-13,2022,SoutheastAsia,,nan,,,341.45422130646136,False,True,True,2,True,21,9,1055,6.752,,1,,b33,1,1
GSf5e7a22f3e68,groundsource,A,121.35826,18.10585,121.49417,18.33319,2020-12-14,2021-01-02,2020-12-18,2020-12-19,2020,EastAsia,,nan,,,302.89051853581395,False,True,False,1,True,8,5,1065,6.816,,0,,b33,0,0
GS821f17b9d7a9,groundsource,A,90.84254,24.73737,91.26413,25.20635,2022-06-12,2022-07-04,2022-06-16,2022-06-20,2022,SouthAsia,,nan,,,502.97201898558905,False,True,False,1,True,48,10,89648,573.747,,5,,b33,5,1
GS463324491bc6,groundsource,A,105.98091,17.68091,106.38358,18.1612,2020-11-05,2020-11-25,2020-11-09,2020-11-11,2020,SoutheastAsia,,nan,,,1120.9441405458645,False,True,False,1,True,67,17,587,3.757,,1,,b33,1,1
GSc410e7bc3287,groundsource,A,-110.23468,35.31349,-109.97446,35.50437,2021-07-21,2021-08-08,2021-07-25,2021-07-25,2021,NorthAmerica,,nan,,,24.275628735787514,False,True,False,1,True,26,10,378,2.419,,0,,b33,0,0
GSbcaf5638d229,groundsource,A,108.9126,14.3098,109.02014,14.39529,2021-11-08,2021-11-27,2021-11-12,2021-11-13,2021,SoutheastAsia,,nan,,,103.05607031829994,False,True,True,2,True,9,4,395,2.528,,1,,b33,1,1
GSed584516da27,groundsource,A,-1.87828,52.62356,-1.1858,52.97634,2020-02-11,2020-03-01,2020-02-15,2020-02-16,2020,Europe,,nan,,,331.69629299828,False,True,False,1,True,149,20,4011,25.67,,3,,b33,3,1
GSdb14ecd7d1bc,groundsource,A,99.86665,20.10719,100.39093,20.47049,2022-08-07,2022-08-30,2022-08-11,2022-08-16,2022,EastAsia,,nan,,,455.61820638133037,False,True,False,1,True,31,12,4493,28.755,,5,,b33,5,1
GS16d0172eb38b,groundsource,A,-4.90507,41.10921,-4.49715,41.45293,2025-03-17,2025-04-06,2025-03-21,2025-03-23,2025,Europe,,nan,,,137.025192277209,True,False,False,1,True,35,13,4299,27.514,,5,,b33,5,1
GS13516a87b6c8,groundsource,A,83.73839,28.45958,84.33249,28.92014,2021-07-05,2021-07-23,2021-07-09,2021-07-09,2021,SouthAsia,,nan,,,692.2270530826569,False,True,False,1,True,29,10,948,6.067,,0,,b33,0,0
GSf77e34ba04db,groundsource,A,103.34733,14.97557,103.62796,15.29484,2022-10-09,2022-10-27,2022-10-13,2022-10-13,2022,SoutheastAsia,,nan,,,332.61089155441715,False,True,True,2,True,45,12,5552,35.533,,5,,b33,5,1
GS70951280d490,groundsource,A,121.3585,18.07593,121.56484,18.32188,2020-12-14,2021-01-02,2020-12-18,2020-12-19,2020,EastAsia,,nan,,,245.2616285472103,False,True,False,1,True,8,5,2153,13.779,,4,,b33,4,1
GS50ae47e72e08,groundsource,A,91.1282,24.29135,91.56698,24.76554,2022-04-22,2022-05-10,2022-04-26,2022-04-26,2022,SouthAsia,,nan,,,501.6245398362805,False,True,False,1,True,17,7,11078,70.899,,5,,b33,5,1
GSab446c4eab83,groundsource,A,108.52315,14.45794,109.0578,14.97543,2020-11-01,2020-11-19,2020-11-05,2020-11-05,2020,SoutheastAsia,,nan,,,1113.1640894021698,False,True,False,1,True,50,11,7361,47.11,,5,,b33,5,1
GS208186cbc9b2,groundsource,A,16.86604,48.56187,17.11321,48.75014,2024-09-08,2024-09-30,2024-09-12,2024-09-16,2024,Europe,,nan,,,27.786227477581956,True,False,True,2,True,47,16,1114,7.13,,1,,b33,1,1
GS8b231de5627c,groundsource,A,-39.63183,-17.70996,-39.15156,-17.18115,2022-11-22,2022-12-11,2022-11-26,2022-11-27,2022,SouthAmerica,,nan,,,1485.0335041328326,False,True,False,1,True,25,6,5469,35.002,,0,,b33,0,0
GS92bb0f7f1170,groundsource,A,108.76504,14.27088,109.02195,14.39531,2021-11-12,2021-11-30,2021-11-16,2021-11-16,2021,SoutheastAsia,,nan,,,103.05607031829994,False,True,True,2,True,11,5,501,3.206,,1,,b33,1,1
GSd99422c3a080,groundsource,A,83.45697,25.83807,83.67513,26.03816,2020-07-20,2020-08-08,2020-07-24,2020-07-25,2020,SouthAsia,,nan,,,15.18107422641089,False,True,True,2,True,23,10,882,5.645,,4,,b33,4,1
GS834f155f725c,groundsource,A,36.78842,-17.96217,37.01797,-17.75306,2020-01-14,2020-02-03,2020-01-18,2020-01-20,2020,Africa,,nan,,,25.64034875149642,False,True,False,1,True,23,6,1532,9.805,,0,,b33,0,0
GS296883bf9ad9,groundsource,A,-1.86262,52.68156,-1.26812,52.97189,2020-02-20,2020-03-09,2020-02-24,2020-02-24,2020,Europe,,nan,,,331.69629299828,False,True,False,1,True,149,19,1233,7.891,,1,,b34,1,1
GS2e735b49ff54,groundsource,A,79.04213,11.5244,79.53862,11.94967,2021-10-29,2021-11-16,2021-11-02,2021-11-02,2021,SouthAsia,,nan,,,683.3265455733201,False,True,False,1,True,11,3,3755,24.032,,1,,b34,1,1
GSafeccdd6e86f,groundsource,A,101.96586,15.20126,102.37516,15.52498,2022-09-24,2022-10-12,2022-09-28,2022-09-28,2022,SoutheastAsia,,nan,,,332.30620929090384,False,True,True,2,True,22,9,2206,14.118,,4,,b34,4,1
GS776fbb13d6ab,groundsource,A,86.38035,20.2245,86.82985,20.59563,2022-08-06,2022-08-26,2022-08-10,2022-08-12,2022,SouthAsia,,nan,,,497.5881315219821,False,True,False,1,True,16,7,39053,249.939,,5,,b34,5,1
GSe6d3868b2b73,groundsource,A,108.46889,14.45665,109.04964,14.97536,2020-11-26,2020-12-15,2020-11-30,2020-12-01,2020,SoutheastAsia,,nan,,,1113.1640894021698,False,True,False,1,True,34,10,889,5.69,,3,,b34,3,1
GSd12ed7ece949,groundsource,A,-44.55732,-12.20375,-44.27053,-11.76403,2021-12-22,2022-01-09,2021-12-26,2021-12-26,2021,SouthAmerica,,nan,,,343.61129864357986,False,True,True,2,True,21,6,591,3.782,,0,,b34,0,0
GSecaea260a825,groundsource,A,108.65577,-7.66579,108.87335,-7.48968,2021-01-10,2021-01-28,2021-01-14,2021-01-14,2021,SoutheastAsia,,nan,,,99.54134705010576,False,True,True,2,True,11,6,3998,25.587,,5,,b34,5,1
GSadfc3e431cde,groundsource,A,84.05842,26.34122,84.26932,26.5466,2020-07-11,2020-07-30,2020-07-15,2020-07-16,2020,SouthAsia,,nan,,,14.265028233056196,False,True,True,2,True,33,14,5661,36.23,,5,,b34,5,1
GSff4b4b9a45dd,groundsource,A,79.04213,11.5244,79.53936,11.94968,2021-11-22,2021-12-13,2021-11-26,2021-11-29,2021,SouthAsia,,nan,,,683.3265455733201,False,True,False,1,True,11,3,4109,26.298,,1,,b34,1,1
GS840d6e4090d7,groundsource,A,-109.75802,36.24241,-109.59124,36.45981,2021-07-21,2021-08-08,2021-07-25,2021-07-25,2021,NorthAmerica,,nan,,,22.28105478292339,False,True,False,1,True,26,10,487,3.117,,0,,b34,0,0
GSe079aec5d886,groundsource,A,103.37661,16.5876,103.71897,16.91387,2022-10-09,2022-10-27,2022-10-13,2022-10-13,2022,SoutheastAsia,,nan,,,328.5150736335874,False,True,True,2,True,89,12,4354,27.866,,5,,b34,5,1
GS8ea51e0df1c4,groundsource,A,86.38035,20.2245,86.82985,20.59563,2022-08-12,2022-08-31,2022-08-16,2022-08-17,2022,SouthAsia,,nan,,,497.5881315219821,False,True,False,1,True,15,7,35509,227.258,,5,,b34,5,1
GS940397b5b6a3,groundsource,A,106.80055,16.27349,107.22388,16.91209,2020-11-09,2020-11-27,2020-11-13,2020-11-13,2020,SoutheastAsia,,nan,,,1100.215339164609,False,True,False,1,True,56,15,8228,52.659,,5,,b34,5,1
GS7425618dc05c,groundsource,A,90.10529,26.13681,90.34247,26.3253,2023-06-16,2023-07-04,2023-06-20,2023-06-20,2023,SouthAsia,,nan,,,14.167275414982628,False,True,False,1,True,21,7,2312,14.797,,5,,b34,5,1
GS59d776484317,groundsource,A,108.65577,-7.66579,108.87335,-7.48968,2021-01-14,2021-02-02,2021-01-18,2021-01-19,2021,SoutheastAsia,,nan,,,99.54134705010576,False,True,True,2,True,12,7,3268,20.915,,5,,b34,5,1
GSe6614fad8d99,groundsource,A,121.3786,18.18473,121.64097,18.42602,2020-12-15,2021-01-03,2020-12-19,2020-12-20,2020,EastAsia,,nan,,,130.0708954097805,False,True,False,1,True,10,6,3189,20.41,,5,,b34,5,1
GS23c6042c5626,groundsource,A,22.90508,11.08442,23.04747,11.13814,2022-07-26,2022-08-14,2022-07-30,2022-07-31,2022,Africa,,nan,,,13.196867615325356,False,True,False,1,True,8,3,337,2.157,,0,,b34,0,0
GSce52bad11a0c,groundsource,A,81.49891,27.4779,81.70903,27.6673,2020-07-01,2020-07-21,2020-07-05,2020-07-07,2020,SouthAsia,,nan,,,13.8017729217534,False,True,True,2,True,24,9,1397,8.941,,5,,b34,5,1
GS6f48bd03e35e,groundsource,A,85.52231,25.06646,86.09985,25.34989,2021-05-23,2021-06-11,2021-05-27,2021-05-28,2021,SouthAsia,,nan,,,681.9768669587158,False,True,False,1,True,45,11,12868,82.355,,0,,b34,0,0
GS30066ee74f2e,groundsource,A,102.76048,15.35035,103.19064,15.66363,2022-09-17,2022-10-06,2022-09-21,2022-09-22,2022,SoutheastAsia,,nan,,,317.08851418990315,False,True,True,2,True,26,11,17640,112.896,,5,,b34,5,1
GSf838d57ea9a9,groundsource,A,10.87949,44.6732,11.19526,44.86657,2023-04-27,2023-05-18,2023-05-01,2023-05-04,2023,Europe,,nan,,,35.47137276694332,True,False,True,2,True,70,19,345,2.208,,0,,b34,0,0
GS3b34efed5a01,groundsource,A,86.78127,21.28013,87.29794,21.70815,2022-08-10,2022-08-31,2022-08-14,2022-08-17,2022,SouthAsia,,nan,,,482.0988984405376,False,True,False,1,True,33,12,24525,156.96,,5,,b34,5,1
GS61ceac44aca9,groundsource,A,108.24872,-6.91101,108.90909,-6.44143,2020-01-01,2020-01-20,2020-01-05,2020-01-06,2020,SoutheastAsia,,nan,,,1082.8546661566434,False,True,False,1,True,14,8,2765,17.696,,5,,b34,5,1
GS842a74ae17da,groundsource,A,-2.78747,52.54742,-2.25922,52.88249,2020-02-06,2020-02-24,2020-02-10,2020-02-10,2020,Europe,,nan,,,282.6116729336108,False,True,False,1,True,140,19,672,4.301,,1,,b34,1,1
GS5758bcbded60,groundsource,A,90.10531,26.13681,90.34247,26.32458,2023-06-19,2023-07-07,2023-06-23,2023-06-23,2023,SouthAsia,,nan,,,14.167275414982628,False,True,False,1,True,24,8,1480,9.472,,2,,b34,2,1
GSc9f15bf4a297,groundsource,A,108.6862,-7.66794,108.86967,-7.50141,2021-03-22,2021-04-09,2021-03-26,2021-03-26,2021,SoutheastAsia,,nan,,,99.54134705010576,False,True,True,2,True,13,7,1849,11.834,,5,,b34,5,1
GS8fa695a1f5b4,groundsource,A,126.9059,35.85031,127.21897,35.97498,2020-08-03,2020-08-23,2020-08-07,2020-08-09,2020,EastAsia,,nan,,,110.82693904095626,False,True,False,1,True,12,6,634,4.058,,3,,b34,3,1
GS93cce856c8bc,groundsource,A,83.66191,26.12655,83.88117,26.3356,2020-07-09,2020-07-27,2020-07-13,2020-07-13,2020,SouthAsia,,nan,,,13.589639272017596,False,True,True,2,True,48,13,10290,65.856,,5,,b34,5,1
GSaea869c67750,groundsource,A,85.52152,24.89962,86.10106,25.34989,2021-08-06,2021-08-24,2021-08-10,2021-08-10,2021,SouthAsia,,nan,,,681.9768669587158,False,True,False,1,True,49,12,72315,462.816,,5,,b34,5,1
GS88a24e571f3d,groundsource,A,100.52927,13.84061,100.99136,14.14327,2022-09-28,2022-10-17,2022-10-02,2022-10-03,2022,SoutheastAsia,,nan,,,308.2817962829698,False,True,True,2,True,34,11,10791,69.062,,5,,b34,5,1
GS1ccf6f9c0d9b,groundsource,A,114.17018,30.41684,114.5205,30.71083,2020-07-13,2020-07-31,2020-07-17,2020-07-17,2020,EastAsia,,nan,,,100.62352914344001,False,True,False,1,True,31,10,1383,8.851,,2,,b34,2,1
GS81a603929ffd,groundsource,A,70.29061,31.39809,70.71409,31.83519,2022-08-26,2022-09-13,2022-08-30,2022-08-30,2022,SouthAsia,,nan,,,478.0822296264599,False,True,False,1,True,57,14,9114,58.33,,5,,b34,5,1
GSff35d1530f5c,groundsource,A,-87.96683,32.43641,-87.68082,32.60641,2020-02-01,2020-02-21,2020-02-05,2020-02-07,2020,NorthAmerica,,nan,,,49.84577289306804,False,True,False,1,True,13,5,618,3.955,,0,,b34,0,0
GS394629b21c58,groundsource,A,108.24872,-6.91101,108.90909,-6.44143,2020-01-05,2020-01-23,2020-01-09,2020-01-09,2020,SoutheastAsia,,nan,,,1082.8546661566434,False,True,False,1,True,16,9,6437,41.197,,5,,b34,5,1
GScec4b4f429c8,groundsource,A,92.7487,25.9155,92.95837,26.09269,2023-06-23,2023-07-12,2023-06-27,2023-06-28,2023,SouthAsia,,nan,,,14.142197748067352,False,True,False,1,True,27,7,975,6.24,,2,,b34,2,1
GS1bce375cf43d,groundsource,A,83.66191,26.12655,83.88101,26.32911,2020-07-19,2020-08-07,2020-07-23,2020-07-24,2020,SouthAsia,,nan,,,13.589639272017596,False,True,True,2,True,50,13,9987,63.917,,5,,b34,5,1
GS0e3527ce4319,groundsource,A,-87.96683,32.43641,-87.68082,32.60641,2020-02-06,2020-02-28,2020-02-10,2020-02-14,2020,NorthAmerica,,nan,,,49.84577289306804,False,True,False,1,True,15,5,618,3.955,,0,,b34,0,0
GS4e3ee2288058,groundsource,A,14.94089,11.99104,15.11665,12.17626,2022-11-06,2022-11-24,2022-11-10,2022-11-10,2022,Africa,,nan,,,12.536393909578075,False,True,False,1,True,14,3,1627,10.413,,2,,b34,2,1
GS468437bee71a,groundsource,A,17.90951,45.45162,18.32911,45.71574,2025-03-24,2025-04-13,2025-03-28,2025-03-30,2025,Europe,,nan,,,116.58313030033554,True,False,False,1,True,33,13,970,6.208,,2,,b34,2,1
GS2314006d4456,groundsource,A,-40.35566,-20.05627,-39.83176,-19.47629,2022-11-17,2022-12-05,2022-11-21,2022-11-21,2022,SouthAmerica,,nan,,,1453.3392600059976,False,True,False,1,True,9,5,12030,76.992,,0,,b34,0,0
GS1d5b6c57cbbd,groundsource,A,108.29094,-6.86291,108.82667,-6.44165,2020-01-22,2020-02-09,2020-01-26,2020-01-26,2020,SoutheastAsia,,nan,,,1082.8546661566434,False,True,False,1,True,14,8,1329,8.506,,3,,b34,3,1
GS17869c64c271,groundsource,A,-38.54062,-5.15096,-37.74628,-4.52763,2023-03-28,2023-04-16,2023-04-01,2023-04-02,2023,SouthAmerica,,nan,,,1616.6298127616312,False,True,False,1,True,8,4,1367,8.749,,0,,b34,0,0
GS459857656bba,groundsource,A,126.42778,35.50891,126.69731,35.8111,2020-08-03,2020-08-22,2020-08-07,2020-08-08,2020,EastAsia,,nan,,,94.02187928888176,False,True,False,1,True,12,6,1493,9.555,,0,,b34,0,0
GSf2ec3abb65f8,groundsource,A,9.26008,11.59204,9.48063,11.83324,2022-07-29,2022-08-16,2022-08-02,2022-08-02,2022,Africa,,nan,,,12.171576814299394,False,True,False,1,True,11,5,912,5.837,,1,,b34,1,1
GS35d06bcb3e8e,groundsource,A,84.1531,25.55093,84.36433,25.77417,2020-07-20,2020-08-07,2020-07-24,2020-07-24,2020,SouthAsia,,nan,,,13.450224002357869,False,True,True,2,True,27,11,1279,8.186,,4,,b34,4,1
GS50c780fd80be,groundsource,A,-40.35489,-20.05627,-39.83177,-19.47774,2022-12-09,2022-12-28,2022-12-13,2022-12-14,2022,SouthAmerica,,nan,,,1453.3392600059976,False,True,False,1,True,10,6,5436,34.79,,0,,b34,0,0
GS3f3efbe006a8,groundsource,A,-2.41851,52.24096,-2.21198,52.52548,2020-02-26,2020-03-15,2020-03-01,2020-03-01,2020,Europe,,nan,,,200.21312806291095,False,True,False,1,True,160,19,408,2.611,,1,,b34,1,1
GS97e55dd65afe,groundsource,A,100.50584,13.92127,100.83295,14.28504,2022-10-10,2022-10-28,2022-10-14,2022-10-14,2022,SoutheastAsia,,nan,,,303.1805042827804,False,True,True,2,True,71,12,8175,52.32,,5,,b34,5,1
GS46990c10e12b,groundsource,A,6.67335,7.00758,6.75046,7.22995,2020-09-15,2020-10-04,2020-09-19,2020-09-20,2020,Africa,,nan,,,20.84080363901689,False,True,False,1,True,17,5,1877,12.013,,1,,b34,1,1
GSd94f1eaf1623,groundsource,A,108.29438,-7.02099,108.92134,-6.45179,2020-02-07,2020-02-25,2020-02-11,2020-02-11,2020,SoutheastAsia,,nan,,,1082.8546661566434,False,True,False,1,True,12,7,5511,35.27,,5,,b34,5,1
GS6d1712e0f5ea,groundsource,A,105.29791,10.71155,105.68568,11.04497,2022-09-15,2022-10-03,2022-09-19,2022-09-19,2022,SoutheastAsia,,nan,,,302.7122822840606,False,True,True,2,True,68,12,20544,131.482,,5,,b35,5,1
GS259ef448d104,groundsource,A,-88.10103,15.21733,-87.87498,15.43455,2020-10-29,2020-11-21,2020-11-02,2020-11-07,2020,NorthAmerica,,nan,,,42.000019517071436,False,True,False,1,True,33,10,7649,48.954,,3,,b35,3,1
GSc514c6fb93c8,groundsource,A,106.26618,-6.31126,106.68054,-5.98384,2020-02-18,2020-03-08,2020-02-22,2020-02-23,2020,SoutheastAsia,,nan,,,1045.0924198745981,False,True,False,1,True,22,10,1813,11.603,,4,,b35,4,1
GS502a88a54e12,groundsource,A,94.45385,27.38173,94.6621,27.51761,2023-06-06,2023-06-24,2023-06-10,2023-06-10,2023,SouthAsia,,nan,,,13.441844783955393,False,True,False,1,True,15,5,541,3.462,,1,,b35,1,1
GSe111f871d93f,groundsource,A,67.66219,26.64644,67.8732,26.82446,2020-09-04,2020-09-22,2020-09-08,2020-09-08,2020,SouthAsia,,nan,,,11.826838304754176,False,True,True,2,True,23,9,7754,49.626,,5,,b35,5,1
GS83ddae088e88,groundsource,A,-88.10103,15.21733,-87.87498,15.43455,2020-11-05,2020-11-24,2020-11-09,2020-11-10,2020,NorthAmerica,,nan,,,42.000019517071436,False,True,False,1,True,29,9,7660,49.024,,3,,b35,3,1
GS2d5f741808e1,groundsource,A,84.01546,26.51809,84.51013,26.98124,2021-08-29,2021-09-18,2021-09-02,2021-09-04,2021,SouthAsia,,nan,,,658.071446637111,False,True,False,1,True,23,10,14744,94.362,,5,,b35,5,1
GS8539a797f311,groundsource,A,101.07589,16.07307,101.1855,16.38852,2022-10-04,2022-10-22,2022-10-08,2022-10-08,2022,SoutheastAsia,,nan,,,302.0939915362237,False,True,True,2,True,17,8,6842,43.789,,5,,b35,5,1
GS58188d6a4376,groundsource,A,106.27704,-6.31123,106.64222,-5.98974,2020-02-21,2020-03-10,2020-02-25,2020-02-25,2020,SoutheastAsia,,nan,,,1045.0924198745981,False,True,False,1,True,24,11,898,5.747,,2,,b35,2,1
GS9c3d79c9633b,groundsource,A,99.84617,20.18378,100.11205,20.53798,2022-08-03,2022-08-23,2022-08-07,2022-08-09,2022,EastAsia,,nan,,,301.473615149402,False,True,False,1,True,24,10,4535,29.024,,5,,b35,5,1
GSc61ce462490b,groundsource,A,34.7748,-0.33699,34.91998,-0.14599,2020-04-06,2020-04-24,2020-04-10,2020-04-10,2020,Africa,,nan,,,15.679232984359798,False,True,False,1,True,16,8,1104,7.066,,1,,b35,1,1
GS70cd2f8af62b,groundsource,A,15.71733,46.33512,16.02443,46.53036,2023-08-02,2023-08-21,2023-08-06,2023-08-07,2023,Europe,,nan,,,26.061124517884938,True,True,False,2,True,30,11,394,2.522,,2,,b35,2,1
GSdae2dd3f8968,groundsource,A,94.45304,27.38098,94.66517,27.56021,2023-06-23,2023-07-14,2023-06-27,2023-06-30,2023,SouthAsia,,nan,,,13.441844783955393,False,True,False,1,True,30,8,3092,19.789,,5,,b35,5,1
GSaa7d9e9b3459,groundsource,A,126.11759,36.6782,126.35373,36.92336,2020-08-02,2020-08-20,2020-08-06,2020-08-06,2020,EastAsia,,nan,,,68.05680124172301,False,True,False,1,True,18,9,989,6.33,,0,,b35,0,0
GSec8d68c4da18,groundsource,A,111.51578,28.83495,111.90105,29.10628,2022-05-28,2022-06-18,2022-06-01,2022-06-04,2022,EastAsia,,nan,,,279.6330586141555,False,True,False,1,True,25,6,397,2.541,,2,,b35,2,1
GS19cabd593e09,groundsource,A,82.84262,27.0547,83.38349,27.5124,2021-08-31,2021-09-18,2021-09-04,2021-09-04,2021,SouthAsia,,nan,,,651.9878597925892,False,True,False,1,True,44,9,31844,203.802,,5,,b35,5,1
GS2d5d2b5c8e42,groundsource,A,104.96877,15.23863,105.29481,15.552,2022-09-19,2022-10-07,2022-09-23,2022-09-23,2022,SoutheastAsia,,nan,,,299.98176975704325,False,True,True,2,True,24,9,9164,58.65,,5,,b35,5,1
GSead962924a31,groundsource,A,89.42825,24.66096,89.83832,25.12488,2022-06-12,2022-07-01,2022-06-16,2022-06-17,2022,SouthAsia,,nan,,,438.5627427464347,False,True,False,1,True,45,14,28159,180.218,,5,,b35,5,1
GS6d506e7dc2b8,groundsource,A,108.6251,13.16142,109.26995,13.62568,2020-11-05,2020-11-27,2020-11-09,2020-11-13,2020,SoutheastAsia,,nan,,,1029.9007896619742,False,True,False,1,True,34,8,6397,40.941,,5,,b35,5,1
GSb549080d9493,groundsource,A,102.94446,1.92165,103.15032,2.12082,2023-01-18,2023-02-09,2023-01-22,2023-01-26,2023,SoutheastAsia,,nan,,,188.84686774351727,False,True,False,1,True,20,10,402,2.573,,0,,b35,0,0
GS7dc2513c3a1d,groundsource,A,-42.67459,-3.2461,-42.04399,-2.67199,2023-03-23,2023-04-10,2023-03-27,2023-03-27,2023,SouthAmerica,,nan,,,1578.0544598694669,False,True,False,1,True,25,8,834,5.338,,0,,b35,0,0
GSdca733f7215f,groundsource,A,126.34602,36.8806,126.68449,37.86969,2020-07-30,2020-08-20,2020-08-03,2020-08-06,2020,EastAsia,,nan,,,62.64120896557417,False,True,False,1,True,23,12,7892,50.509,,0,,b35,0,0
GS4a7ef9c4a1e2,groundsource,A,86.09284,20.94617,86.45161,21.36475,2022-08-17,2022-09-05,2022-08-21,2022-08-22,2022,SouthAsia,,nan,,,436.72121135273795,False,True,False,1,True,14,6,6876,44.006,,5,,b35,5,1
GS3386e7f7691e,groundsource,A,102.98705,-2.76691,103.33694,-2.57324,2020-11-21,2020-12-09,2020-11-25,2020-11-25,2020,SoutheastAsia,,nan,,,1007.0979267969054,False,True,False,1,True,23,6,367,2.349,,0,,b35,0,0
GS0db188dddba0,groundsource,A,121.17051,18.19379,121.84725,18.61757,2022-10-08,2022-10-26,2022-10-12,2022-10-12,2022,EastAsia,,nan,,,255.59904611703794,False,True,False,1,True,6,3,17269,110.522,,5,,b35,5,1
GS131d03250eb5,groundsource,A,88.79869,25.72741,89.01071,25.91787,2020-06-16,2020-07-04,2020-06-20,2020-06-20,2020,SouthAsia,,nan,,,10.899180745585086,False,True,True,2,True,28,10,473,3.027,,2,,b35,2,1
GSbd4607c7fe6e,groundsource,A,79.96987,13.3515,80.32331,14.10927,2021-11-06,2021-11-26,2021-11-10,2021-11-12,2021,SouthAsia,,nan,,,579.9768564481569,False,True,False,1,True,8,3,22567,144.429,,5,,b35,5,1
GS304792afc010,groundsource,A,98.84173,17.18018,99.19145,17.52515,2022-09-24,2022-10-13,2022-09-28,2022-09-29,2022,SoutheastAsia,,nan,,,297.1556505734061,False,True,True,2,True,24,10,5078,32.499,,5,,b35,5,1
GSdeec7bcb9401,groundsource,A,84.26699,25.59528,84.72256,25.96385,2022-08-23,2022-09-10,2022-08-27,2022-08-27,2022,SouthAsia,,nan,,,427.2776157831465,False,True,False,1,True,21,9,32081,205.318,,5,,b35,5,1
GSb54ef2014c92,groundsource,A,108.89663,-6.9242,109.43408,-6.80425,2020-12-24,2021-01-11,2020-12-28,2020-12-28,2020,SoutheastAsia,,nan,,,999.9773972336399,False,True,False,1,True,31,11,1133,7.251,,4,,b35,4,1
GS0e6bd2551922,groundsource,A,-45.41679,-2.83741,-44.82582,-2.09912,2023-03-23,2023-04-10,2023-03-27,2023-03-27,2023,SouthAmerica,,nan,,,1518.5436952727334,False,True,False,1,True,28,8,5908,37.811,,0,,b35,0,0
GS35abbc8f31c6,groundsource,A,9.94266,12.3644,10.13767,12.53875,2022-08-07,2022-08-25,2022-08-11,2022-08-11,2022,Africa,,nan,,,11.081907814010709,False,True,False,1,True,11,5,2822,18.061,,5,,b35,5,1
GS9a8a0902fbd9,groundsource,A,-2.67931,53.20111,-2.46318,53.34282,2021-01-10,2021-01-29,2021-01-14,2021-01-15,2021,Europe,,nan,,,11.271002323013759,False,True,False,1,True,86,20,347,2.221,,0,,b35,0,0
GS6fb3068bfa0d,groundsource,A,98.84175,17.18021,99.15827,17.50346,2022-10-06,2022-10-24,2022-10-10,2022-10-10,2022,SoutheastAsia,,nan,,,297.1556505734061,False,True,True,2,True,20,8,3193,20.435,,5,,b35,5,1
GSdb22d51638c9,groundsource,A,91.39743,24.7346,91.81131,25.12557,2022-04-22,2022-05-10,2022-04-26,2022-04-26,2022,SouthAsia,,nan,,,426.1993122524097,False,True,False,1,True,38,9,7272,46.541,,5,,b35,5,1
GS001533147cab,groundsource,A,0.59509,40.62323,0.85343,40.79456,2020-01-15,2020-02-08,2020-01-19,2020-01-25,2020,Europe,,nan,,,107.70042783052178,False,True,False,1,True,124,21,4916,31.462,,5,,b35,5,1
GS0c63ef6bf4d1,groundsource,A,94.93209,27.06643,95.08827,27.18558,2023-06-10,2023-06-28,2023-06-14,2023-06-14,2023,SouthAsia,,nan,,,12.421160999999513,False,True,False,1,True,18,5,444,2.842,,2,,b35,2,1
GS58be47883067,groundsource,A,-111.12107,35.45055,-110.82167,36.07022,2021-07-21,2021-08-08,2021-07-25,2021-07-25,2021,NorthAmerica,,nan,,,12.7625169839691,False,True,False,1,True,26,10,2759,17.658,,0,,b35,0,0
GS7ab8bbb55a05,groundsource,A,114.06429,30.08868,114.34388,30.35048,2020-08-06,2020-08-24,2020-08-10,2020-08-10,2020,EastAsia,,nan,,,44.695299937349404,False,True,False,1,True,31,10,829,5.306,,2,,b35,2,1
GS6f362a327c80,groundsource,A,10.356,44.83835,10.81426,45.13039,2025-04-15,2025-05-03,2025-04-19,2025-04-19,2025,Europe,,nan,,,99.94319492927363,True,False,False,1,True,68,18,1237,7.917,,5,,b35,5,1
GSb1d8aed35342,groundsource,A,-86.61949,38.76123,-86.34331,38.95781,2020-03-04,2020-03-22,2020-03-08,2020-03-08,2020,NorthAmerica,,nan,,,31.837154414246513,False,True,False,1,True,10,4,313,2.003,,0,,b35,0,0
GSea4e15e026ca,groundsource,A,140.03533,37.9868,140.18567,38.19915,2022-07-30,2022-08-19,2022-08-03,2022-08-05,2022,EastAsia,,nan,,,209.8464079097471,False,True,False,1,True,7,3,942,6.029,,3,,b35,3,1
GSc18fd736b98b,groundsource,A,29.46664,-11.47039,29.62372,-11.26739,2020-03-17,2020-04-04,2020-03-21,2020-03-21,2020,Africa,,nan,,,12.777035083391763,False,True,False,1,True,23,7,704,4.506,,0,,b35,0,0
GS852b47babb6b,groundsource,A,86.57059,20.42996,86.99664,20.85988,2021-05-25,2021-06-13,2021-05-29,2021-05-30,2021,SouthAsia,,nan,,,553.3518910000377,False,True,False,1,True,31,11,95291,609.862,,5,,b35,5,1
GS6d4c34f0e768,groundsource,A,-39.25458,-6.11791,-38.73255,-5.38768,2023-03-28,2023-04-15,2023-04-01,2023-04-01,2023,SouthAmerica,,nan,,,1507.6663486810419,False,True,False,1,True,8,4,703,4.499,,0,,b35,0,0
GS12eaaefec484,groundsource,A,102.23632,15.74386,102.59229,15.97638,2022-09-30,2022-10-18,2022-10-04,2022-10-04,2022,SoutheastAsia,,nan,,,295.1828195777641,False,True,True,2,True,20,9,11516,73.702,,5,,b35,5,1
GS67745e8b74ce,groundsource,A,114.22246,30.30482,114.52348,30.49179,2020-07-02,2020-07-20,2020-07-06,2020-07-06,2020,EastAsia,,nan,,,36.2090380430682,False,True,False,1,True,25,9,676,4.326,,2,,b35,2,1
GSe693691e71d5,groundsource,A,114.2292,30.49753,114.3943,30.71355,2020-07-11,2020-07-29,2020-07-15,2020-07-15,2020,EastAsia,,nan,,,28.210117742374184,False,True,False,1,True,28,10,593,3.795,,0,,b35,0,0
GS4de1345b162f,groundsource,A,33.1419,14.82155,33.28639,15.01119,2020-08-17,2020-09-05,2020-08-21,2020-08-22,2020,Africa,,nan,,,12.75867853030374,False,True,False,1,True,12,5,369,2.362,,2,,b35,2,1
GScd5bd4c6a26a,groundsource,A,0.64386,40.74574,0.80362,40.79495,2020-01-15,2020-02-07,2020-01-19,2020-01-24,2020,Europe,,nan,,,102.5398640487182,False,True,False,1,True,112,20,718,4.595,,1,,b35,1,1
GS5b0083407f0d,groundsource,A,81.54191,25.84635,81.69434,25.9763,2020-07-29,2020-08-16,2020-08-02,2020-08-02,2020,SouthAsia,,nan,,,10.196004984370996,False,True,True,2,True,22,9,357,2.285,,1,,b36,1,1
GS372daf14fc83,groundsource,A,-44.65644,-3.58836,-44.27163,-3.11556,2023-03-18,2023-04-05,2023-03-22,2023-03-22,2023,SouthAmerica,,nan,,,1495.4036443297282,False,True,False,1,True,15,6,3364,21.53,,0,,b36,0,0
GSd219621261c5,groundsource,A,86.57059,20.42996,86.99664,20.85988,2021-05-29,2021-06-16,2021-06-02,2021-06-02,2021,SouthAsia,,nan,,,553.3518910000377,False,True,False,1,True,34,12,95291,609.862,,5,,b36,5,1
GS89c075e006e7,groundsource,A,68.11079,28.61535,68.50527,29.01087,2022-07-29,2022-08-16,2022-08-02,2022-08-02,2022,SouthAsia,,nan,,,385.1036177113827,False,True,False,1,True,25,11,3423,21.907,,5,,b36,5,1
GS5570fb125ac5,groundsource,A,121.6879,16.93816,122.39405,17.36881,2020-12-01,2020-12-19,2020-12-05,2020-12-05,2020,SoutheastAsia,,nan,,,977.2086437235416,False,True,False,1,True,21,7,11285,72.224,,5,,b36,5,1
GSb8fa66dff225,groundsource,A,-42.92942,-4.15209,-42.64965,-3.73984,2023-03-23,2023-04-10,2023-03-27,2023-03-27,2023,SouthAmerica,,nan,,,1476.1130443840268,False,True,False,1,True,15,6,536,3.43,,0,,b36,0,0
GS7d3dd3a7b1fb,groundsource,A,17.56828,45.04792,17.85217,45.17178,2023-05-10,2023-05-31,2023-05-14,2023-05-17,2023,Europe,,nan,,,18.97489931504143,True,False,True,2,True,36,15,659,4.218,,0,,b36,0,0
GS834cbcab1872,groundsource,A,80.97745,27.99695,81.838,28.67757,2020-07-25,2020-08-13,2020-07-29,2020-07-30,2020,SouthAsia,,nan,,,1987.9959940236579,False,True,False,1,True,25,9,16492,105.549,,5,,b36,5,1
DFO4934,dfo,C,99.68211,43.76127,114.04521,49.06784,2020-06-17,2020-07-09,2020-06-21,2020-06-25,2020,EastAsia,Mongolia,1.5,Heavy rain,,423250.40986484,,,,,True,176,21,18867,120.749,DFO Severity 1.5,5,,b36,5,1
GS78f75dbc772c,groundsource,A,68.11079,28.61463,68.51509,29.01091,2022-09-02,2022-09-20,2022-09-06,2022-09-06,2022,SouthAsia,,nan,,,385.1036177113827,False,True,False,1,True,24,11,1956,12.518,,5,,b36,5,1
GS0b79ad7d20cd,groundsource,A,121.6879,16.93816,122.39405,17.36881,2020-12-15,2021-01-05,2020-12-19,2020-12-22,2020,SoutheastAsia,,nan,,,977.2086437235416,False,True,False,1,True,31,9,11305,72.352,,5,,b36,5,1
GS9ca69bf99f28,groundsource,A,91.30758,25.06095,91.50829,25.18658,2023-06-25,2023-07-15,2023-06-29,2023-07-01,2023,SouthAsia,,nan,,,11.159320531291817,False,True,False,1,True,50,10,6134,39.258,,4,,b36,4,1
DFO4930,dfo,C,102.86198,25.84094,109.18968,31.41617,2020-06-11,2020-07-19,2020-06-15,2020-07-05,2020,EastAsia,China,1.5,Monsoonal Rain,,251526.70257804,,,,,True,192,20,1113,7.123,DFO Severity 1.5,0,,b36,0,0
GS1e77a9a870b1,groundsource,A,78.50125,27.4935,79.30576,28.10743,2020-08-20,2020-09-08,2020-08-24,2020-08-25,2020,SouthAsia,,nan,,,1971.2099909548785,False,True,False,1,True,31,11,6202,39.693,,5,,b36,5,1
GS8e218a96f655,groundsource,A,78.42234,9.5887,78.82039,10.01077,2021-11-28,2021-12-18,2021-12-02,2021-12-04,2021,SouthAsia,,nan,,,526.2407532919552,False,True,False,1,True,18,6,1309,8.378,,0,,b36,0,0
GSf9177586c59a,groundsource,A,-4.35721,51.62222,-4.01892,51.81041,2020-12-09,2020-12-27,2020-12-13,2020-12-13,2020,Europe,,nan,,,71.8034759974398,False,True,False,1,True,72,19,615,3.936,,0,,b36,0,0
GSf387607f9366,groundsource,A,107.01519,16.43335,107.58613,16.80382,2020-11-28,2020-12-16,2020-12-02,2020-12-02,2020,SoutheastAsia,,nan,,,959.0280807309258,False,True,False,1,True,20,11,9157,58.605,,5,,b36,5,1
DFO4938,dfo,C,109.61417,29.4741,115.55593,32.68036,2020-06-23,2020-08-13,2020-06-27,2020-07-30,2020,EastAsia,China,2.0,Monsoonal Rain and Dam release,,107563.03453592,,,,,True,188,32,105659,676.218,DFO Severity 2,5,,b36,5,1
DFO5039,dfo,C,-0.59209,33.72962,3.8296,36.29935,2021-03-02,2021-03-21,2021-03-06,2021-03-07,2021,Europe,Algeria,1.5,Torrential rain,,87378.846776237,,,,,True,167,20,3556,22.758,DFO Severity 1.5,0,,b36,0,0
GS8d679f827a5c,groundsource,A,102.73917,2.34794,102.85667,2.53184,2023-03-07,2023-03-25,2023-03-11,2023-03-11,2023,SoutheastAsia,,nan,,,169.7389631372359,False,True,False,1,True,26,7,386,2.47,,0,,b36,0,0
GS61baa5aa01f7,groundsource,A,87.19807,21.9092,87.59559,22.32501,2021-09-08,2021-10-01,2021-09-12,2021-09-17,2021,SouthAsia,,nan,,,504.5496090620054,False,True,False,1,True,54,12,28374,181.594,,5,,b36,5,1
GS2d02e8c3b807,groundsource,A,99.9175,16.36114,100.26862,16.68545,2022-10-09,2022-10-27,2022-10-13,2022-10-13,2022,SoutheastAsia,,nan,,,279.33385460534186,False,True,True,2,True,15,5,12430,79.552,,5,,b36,5,1
GS5bf9a016898f,groundsource,A,67.70279,27.9518,68.2129,28.31523,2022-08-14,2022-09-01,2022-08-18,2022-08-18,2022,SouthAsia,,nan,,,378.0471450950311,False,True,False,1,True,54,13,226278,1448.179,,5,,b36,5,1
GS7fd4097b1e5e,groundsource,A,14.85615,10.76141,15.0304,10.93075,2020-07-31,2020-08-18,2020-08-04,2020-08-04,2020,Africa,,nan,,,10.756111960569795,False,True,False,1,True,17,6,1191,7.622,,1,,b36,1,1
GS4ded2a145ec8,groundsource,A,-2.65893,52.54753,-2.32607,52.7913,2020-02-10,2020-03-05,2020-02-14,2020-02-20,2020,Europe,,nan,,,69.14238608831862,False,True,False,1,True,190,25,870,5.568,,2,,b36,2,1
GS8018aae64577,groundsource,A,99.17535,19.84036,99.28185,20.00895,2022-08-01,2022-08-20,2022-08-05,2022-08-06,2022,EastAsia,,nan,,,120.35899135429696,False,True,False,1,True,24,10,1253,8.019,,3,,b36,3,1
GS8a62fe48159f,groundsource,A,10.36112,12.78667,10.54494,12.96414,2022-07-23,2022-08-10,2022-07-27,2022-07-27,2022,Africa,,nan,,,10.261226303520926,False,True,False,1,True,13,5,442,2.829,,0,,b36,0,0
GSe131f0e719a5,groundsource,A,93.88748,26.49169,94.69473,27.0319,2020-05-21,2020-06-11,2020-05-25,2020-05-28,2020,SouthAsia,,nan,,,1861.2733528721608,False,True,False,1,True,31,11,17827,114.093,,5,,b36,5,1
DFO5038,dfo,C,-7.48037,35.9944,-1.29109,38.54608,2021-03-01,2021-03-22,2021-03-05,2021-03-08,2021,Europe,Spain,1.5,Torrential rain,,74893.283707067,,,,,True,269,22,15802,101.133,DFO Severity 1.5,5,,b36,5,1
GSae35f41918d8,groundsource,A,79.04811,28.65404,79.51649,29.02803,2021-10-15,2021-11-02,2021-10-19,2021-10-19,2021,SouthAsia,,nan,,,492.92423663900007,False,True,False,1,True,27,10,3763,24.083,,5,,b36,5,1
DFO5102,dfo,C,-116.09646,34.32791,-104.93391,38.50355,2021-07-18,2021-08-11,2021-07-22,2021-07-28,2021,NorthAmerica,United States of America,2.0,Torrential rain,,281607.32853015,,,,,True,450,25,102923,658.707,"DFO Severity 2; Nevada, Colorado, New Mexico, Arizona, Utah",5,,b36,5,1
GS92385d6b0fd2,groundsource,A,67.70279,27.9518,68.2129,28.31523,2022-08-24,2022-09-12,2022-08-28,2022-08-29,2022,SouthAsia,,nan,,,378.0471450950311,False,True,False,1,True,50,12,201003,1286.419,,5,,b36,5,1
GSa0c228ab6531,groundsource,A,121.65991,17.74062,121.89804,18.10718,2020-12-14,2021-01-06,2020-12-18,2020-12-23,2020,SoutheastAsia,,nan,,,927.9784182973157,False,True,False,1,True,12,7,8556,54.758,,5,,b36,5,1
DFO5433,dfo,C,68.41316,20.422,74.71037,24.8626,2023-06-12,2023-07-04,2023-06-16,2023-06-20,2023,SouthAsia,India,2.0,Tropical cyclone,,184454.0,,,,,True,140,12,369660,2365.824,DFO Severity 2,5,,b36,5,1
DFO5074,dfo,C,-94.94162,29.78969,-91.33622,33.11362,2021-05-12,2021-06-11,2021-05-16,2021-05-28,2021,NorthAmerica,United States of America,2.0,Heavy rain,,90600.701797937,,,,,True,90,16,209589,1341.37,"DFO Severity 2; Texas, Louisiana",5,,b36,5,1
GSb6ee63f691d0,groundsource,A,85.93054,19.89589,86.81105,20.47659,2020-05-16,2020-06-03,2020-05-20,2020-05-20,2020,SouthAsia,,nan,,,1759.090756945831,False,True,False,1,True,19,9,5689,36.41,,5,,b36,5,1
GS700bbcb3aa6e,groundsource,A,98.05287,4.22166,98.24492,4.47589,2023-01-18,2023-02-06,2023-01-22,2023-01-23,2023,SoutheastAsia,,nan,,,168.4141378324568,False,True,False,1,True,15,7,930,5.952,,1,,b36,1,1
GS7819eb4439c3,groundsource,A,99.96011,15.01182,100.3693,15.35596,2022-09-19,2022-10-07,2022-09-23,2022-09-23,2022,SoutheastAsia,,nan,,,273.2413300801203,False,True,True,2,True,18,6,6630,42.432,,5,,b36,5,1
DFO5247,dfo,C,23.06814,9.144,36.74899,15.48093,2022-07-06,2022-08-01,2022-07-10,2022-07-18,2022,Africa,Sudan,2.0,Heavy rain,,532000.0,,,,,True,100,15,40491,259.142,DFO Severity 2,0,,b36,0,0
GS9a13f75c7c65,groundsource,A,67.70279,27.9518,68.2129,28.31523,2022-09-06,2022-09-24,2022-09-10,2022-09-10,2022,SouthAsia,,nan,,,378.0471450950311,False,True,False,1,True,48,11,121607,778.285,,5,,b36,5,1
GS93f441b97a59,groundsource,A,102.65522,-2.08194,103.21499,-1.65453,2020-11-25,2020-12-13,2020-11-29,2020-11-29,2020,SoutheastAsia,,nan,,,918.5868620537701,False,True,False,1,True,11,5,2967,18.989,,0,,b36,0,0
DFO5482,dfo,C,87.9203,25.84005,90.22281,28.21352,2023-09-30,2023-10-18,2023-10-04,2023-10-04,2023,SouthAsia,India,1.5,Ice jam/break-up,,21138.0,,,,,True,104,12,23183,148.371,DFO Severity 1.5,5,,b36,5,1
DFO4911,dfo,C,43.04271,1.18777,51.11393,11.22684,2020-04-16,2020-05-12,2020-04-20,2020-04-28,2020,Africa,"Somalia,Ethiopia",1.5,Heavy rain,,428331.40408532,,,,,True,301,23,56139,359.29,DFO Severity 1.5,0,,b36,0,0
GSf4634ca8acd6,groundsource,A,79.4068,17.5533,80.05598,18.18354,2020-10-09,2020-10-29,2020-10-13,2020-10-15,2020,SouthAsia,,nan,,,1756.8795754054786,False,True,False,1,True,16,6,608,3.891,,0,,b36,0,0
DFO5292,dfo,C,6.11188,12.73864,12.15307,17.62699,2022-09-13,2022-10-05,2022-09-17,2022-09-21,2022,Africa,Niger,2.0,Heavy rain,,187000.0,,,,,True,83,9,22368,143.155,DFO Severity 2,5,,b36,5,1
GS109ec4ed6ba3,groundsource,A,-1.44308,51.62703,-1.04918,51.87362,2020-02-16,2020-03-07,2020-02-20,2020-02-22,2020,Europe,,nan,,,61.069041276686484,False,True,False,1,True,82,21,2428,15.539,,1,,b36,1,1
GSa125e6db8321,groundsource,A,104.51597,14.74277,104.88243,15.09405,2022-09-18,2022-10-09,2022-09-22,2022-09-25,2022,SoutheastAsia,,nan,,,273.0501904897708,False,True,True,2,True,30,11,3165,20.256,,5,,b37,0,1
GS9db479c4b20b,groundsource,A,-5.03465,41.51472,-4.58404,41.894,2025-03-15,2025-04-08,2025-03-19,2025-03-25,2025,Europe,,nan,,,90.59198825828003,True,False,False,1,True,46,17,4912,31.437,,5,,b37,0,1
GS1e44ee58aaab,groundsource,A,92.46429,25.89087,92.85906,26.29849,2022-05-10,2022-06-02,2022-05-14,2022-05-19,2022,SouthAsia,,nan,,,377.0474665307248,False,True,False,1,True,63,13,64594,413.402,,5,,b37,0,1
DFO4992,dfo,C,41.14072,6.23146,51.18358,11.48888,2020-11-18,2020-12-07,2020-11-22,2020-11-23,2020,Africa,"Somalia,Ethiopia",1.5,Tropical Storm Gati,,416954.67262473,,,,,True,190,18,13562,86.797,DFO Severity 1.5,0,,b37,0,0
DFO5067,dfo,C,22.00325,46.30296,24.71043,48.22964,2021-05-08,2021-05-28,2021-05-12,2021-05-14,2021,Europe,Romania,1.5,Torrential rain,,20206.579651049,,,,,True,309,21,3722,23.821,DFO Severity 1.5,5,,b37,0,1
DFO5473,dfo,C,96.26186,16.99242,97.52842,17.73478,2023-10-02,2023-10-24,2023-10-06,2023-10-10,2023,SouthAsia,Myanmar,1.5,Heavy rain,,4674.0,,,,,True,41,10,72064,461.21,DFO Severity 1.5,5,,b37,0,1
GSce99a17d53ee,groundsource,A,110.68896,-7.11503,110.93532,-6.87685,2021-03-27,2021-04-14,2021-03-31,2021-03-31,2021,SoutheastAsia,,nan,,,46.73580008031927,False,True,True,2,True,16,8,8657,55.405,,5,,b37,0,1
DFO5248,dfo,C,2.74954,12.6938,10.40526,15.29055,2022-07-10,2022-07-31,2022-07-14,2022-07-17,2022,Africa,Niger,1.5,Heavy rain,,138000.0,,,,,True,94,13,23719,151.802,DFO Severity 1.5,0,,b37,0,0
GS214f99d30760,groundsource,A,70.26742,31.9113,70.79074,32.29415,2020-03-07,2020-03-27,2020-03-11,2020-03-13,2020,SouthAsia,,nan,,,1690.570691320129,False,True,False,1,True,64,16,5334,34.138,,0,,b37,0,0
DFO4863,dfo,C,32.72519,-22.04481,40.75221,-10.47124,2020-01-13,2020-02-05,2020-01-17,2020-01-22,2020,Africa,Mozambique,1.5,Heavy rain,,401249.74493611,,,,,True,401,24,52906,338.598,DFO Severity 1.5,0,,b37,0,0
GSa248cc45f5ee,groundsource,A,-1.44308,51.62703,-1.04918,51.87362,2020-12-21,2021-01-10,2020-12-25,2020-12-27,2020,Europe,,nan,,,61.069041276686484,False,True,False,1,True,83,21,4491,28.742,,0,,b37,0,0
GS641f63ee78d8,groundsource,A,79.11915,26.32489,79.54161,26.68646,2022-08-21,2022-09-08,2022-08-25,2022-08-25,2022,SouthAsia,,nan,,,361.53170335735547,False,True,False,1,True,13,6,3818,24.435,,0,,b37,0,0
DFO5206,dfo,C,28.71447,-30.64126,32.86633,-26.70197,2022-04-06,2022-04-27,2022-04-10,2022-04-13,2022,Africa,South Africa,2.0,Heavy rain,,93000.0,,,,,True,45,11,13567,86.829,DFO Severity 2,0,,b37,0,0
GSd3ec1b0f6d4c,groundsource,A,82.6071,27.33575,83.32448,27.82649,2020-07-20,2020-08-08,2020-07-24,2020-07-25,2020,SouthAsia,,nan,,,1657.2334930660631,False,True,False,1,True,46,10,11288,72.243,,0,,b37,0,0
GS145085d42ffb,groundsource,A,109.09536,13.60773,109.21701,13.84505,2021-11-08,2021-11-28,2021-11-12,2021-11-14,2021,SoutheastAsia,,nan,,,44.82597123754512,False,True,True,2,True,9,4,1798,11.507,,0,,b37,0,0
DFO5040,dfo,C,-5.66152,34.14655,-4.54703,35.49743,2021-02-25,2021-04-06,2021-03-01,2021-03-23,2021,Europe,Morocco,1.5,Torrential rain,,10825.943629672,,,,,True,240,27,1523,9.747,DFO Severity 1.5,0,,b37,0,0
DFO4947,dfo,C,-5.82008,13.35523,8.06992,17.74085,2020-06-27,2020-08-13,2020-07-01,2020-07-30,2020,Africa,"Niger,Mali",1.5,Heavy rain,,390094.45237437,,,,,True,311,39,172734,1105.498,DFO Severity 1.5,0,,b37,0,0
GS402bf9cc5d19,groundsource,A,79.12039,26.32489,79.5392,26.61061,2022-08-24,2022-09-11,2022-08-28,2022-08-28,2022,SouthAsia,,nan,,,361.53170335735547,False,True,False,1,True,17,7,3782,24.205,,0,,b37,0,0
GS125860608d6a,groundsource,A,-45.63396,-3.79084,-45.00209,-3.1892,2023-03-23,2023-04-10,2023-03-27,2023-03-27,2023,SouthAmerica,,nan,,,1229.920849312471,False,True,False,1,True,13,5,4997,31.981,,0,,b37,0,0
DFO5260,dfo,C,22.45192,9.76075,25.18557,12.96022,2022-07-28,2022-09-12,2022-08-01,2022-08-29,2022,Africa,Sudan,1.5,Torrential rain,,92000.0,,,,,True,45,8,14661,93.83,DFO Severity 1.5,0,,b37,0,0
GS7b46187193c0,groundsource,A,89.78613,21.78169,90.46454,22.5679,2020-05-16,2020-06-03,2020-05-20,2020-05-20,2020,SouthAsia,,nan,,,1512.13346414992,False,True,False,1,True,121,15,51508,329.651,,0,,b37,0,0
GSf056f1d7715b,groundsource,A,-0.96097,52.11728,-0.66403,52.33031,2020-12-19,2021-01-10,2020-12-23,2020-12-27,2020,Europe,,nan,,,59.26627229350495,False,True,False,1,True,91,23,583,3.731,,0,,b37,0,0
DFO4960,dfo,C,3.26557,7.99735,12.42022,12.20948,2020-08-01,2020-09-10,2020-08-05,2020-08-27,2020,Africa,Nigeria,1.5,Heavy rain,,330402.22939466994,,,,,True,286,28,282861,1810.31,DFO Severity 1.5,0,,b37,0,0
GS01afe0d9618f,groundsource,A,-0.53625,39.23156,-0.26298,39.38301,2025-03-09,2025-03-27,2025-03-13,2025-03-13,2025,Europe,,nan,,,89.71644811007347,True,False,False,1,True,30,12,436,2.79,,0,,b37,0,0
GS9c2304cf4d66,groundsource,A,66.86523,24.86315,67.34004,25.32115,2022-08-06,2022-08-24,2022-08-10,2022-08-10,2022,SouthAsia,,nan,,,357.7641998712464,False,True,False,1,True,25,10,954,6.106,,0,,b37,0,0
GSa9699df0c985,groundsource,A,123.06203,13.60851,123.21081,13.74169,2022-12-31,2023-01-19,2023-01-04,2023-01-05,2023,SoutheastAsia,,nan,,,159.79729680773642,False,True,False,1,True,12,6,573,3.667,,0,,b37,0,0
DFO5321,dfo,C,12.70119,8.3292,15.84115,13.12766,2022-08-11,2022-11-15,2022-08-15,2022-11-01,2022,Africa,Cameroon,2.0,Heavy rain,,61738.0,,,,,True,480,33,209809,1342.778,DFO Severity 2,0,,b37,0,0
DFO5131,dfo,C,8.52242,44.73221,10.03939,45.25221,2021-09-30,2021-10-20,2021-10-04,2021-10-06,2021,Europe,Italy,1.5,Torrential rain,,10408.227805607,,,,,True,56,17,871,5.574,DFO Severity 1.5,0,,b37,0,0
GSdd1d4022f14e,groundsource,A,100.63135,14.52544,100.97364,14.87582,2022-10-08,2022-10-26,2022-10-12,2022-10-12,2022,SoutheastAsia,,nan,,,267.5762709323297,False,True,True,2,True,33,11,8111,51.91,,0,,b37,0,0
GS246151b5e964,groundsource,A,78.42909,9.93405,78.79621,10.34588,2021-11-15,2021-12-03,2021-11-19,2021-11-19,2021,SouthAsia,,nan,,,483.47327932764915,False,True,False,1,True,18,6,810,5.184,,0,,b37,0,0
GS64e38e19fd13,groundsource,A,106.97302,-6.40351,107.31362,-5.98124,2020-02-19,2020-03-12,2020-02-23,2020-02-27,2020,SoutheastAsia,,nan,,,875.0327992628903,False,True,False,1,True,23,10,15670,100.288,,0,,b37,0,0
DFO4965,dfo,C,35.51892,-18.14594,40.6784,-11.02503,2020-09-28,2020-11-08,2020-10-02,2020-10-25,2020,Africa,Mozambique,1.5,Heavy rain,,293973.02412023,,,,,True,265,34,24694,158.042,DFO Severity 1.5,0,,b37,0,0
GS8644983576d9,groundsource,A,8.16115,52.37323,9.23833,53.12742,2023-12-23,2024-01-10,2023-12-27,2023-12-27,2023,Europe,,nan,,,1994.3265573448755,True,False,False,1,True,45,10,22454,143.706,,0,,b37,0,0
DFO5188,dfo,C,44.33457,-20.45187,49.0998,-18.68711,2022-02-01,2022-02-24,2022-02-05,2022-02-10,2022,Africa,Madagascar,2.0,Tropical cyclone,,61000.0,,,,,True,32,9,10325,66.08,DFO Severity 2,0,,b37,0,0
GS1affc24f0115,groundsource,A,76.74706,28.33684,77.43229,28.9166,2020-08-02,2020-08-20,2020-08-06,2020-08-06,2020,SouthAsia,,nan,,,1474.629190102905,False,True,False,1,True,37,10,1429,9.146,,0,,b37,0,0
GS251185a2cd00,groundsource,A,123.05759,13.5832,123.19601,13.74748,2023-01-13,2023-02-01,2023-01-17,2023-01-18,2023,SoutheastAsia,,nan,,,159.79729680773642,False,True,False,1,True,12,6,1578,10.099,,0,,b37,0,0
GS5d13e1720618,groundsource,A,-2.25117,46.99608,-1.82443,47.2681,2025-01-25,2025-02-14,2025-01-29,2025-01-31,2025,Europe,,nan,,,88.89695206957735,True,False,False,1,True,84,16,3044,19.482,,0,,b37,0,0
GS3f9331707bce,groundsource,A,86.79133,21.28085,87.29794,21.70816,2021-05-22,2021-06-09,2021-05-26,2021-05-26,2021,SouthAsia,,nan,,,482.0988984405376,False,True,False,1,True,27,11,7448,47.667,,0,,b37,0,0
DFO5229,dfo,C,103.05108,24.61844,118.99456,30.46305,2022-05-26,2022-06-23,2022-05-30,2022-06-09,2022,EastAsia,China,2.0,Heavy rain,,663000.0,,,,,True,384,26,147409,943.418,DFO Severity 2,0,,b37,0,0
DFO4875,dfo,C,31.77916,-10.57431,38.84512,-4.99937,2020-01-28,2020-03-02,2020-02-01,2020-02-17,2020,Africa,United Republic of Tanzania,2.0,Heavy rain,,266334.31761094,,,,,True,634,35,237668,1521.075,DFO Severity 2,0,,b37,0,0
DFO5085,dfo,C,35.86631,45.01977,36.44547,45.47813,2021-06-11,2021-07-05,2021-06-15,2021-06-21,2021,Europe,Ukraine,1.5,Heavy rain,,2832.2134774122,,,,,True,60,21,640,4.096,DFO Severity 1.5,0,,b37,0,0
DFO5264,dfo,C,96.49408,18.33377,104.9847,22.4758,2022-08-06,2022-08-26,2022-08-10,2022-08-12,2022,EastAsia,"Viet Nam,Thailand, Myanmar, Lao People's Democratic Republic",1.5,Heavy rain,,240000.0,,,,,True,266,17,35289,225.85,DFO Severity 1.5,0,,b37,0,0
GS16813a61de31,groundsource,A,76.74868,28.43585,77.42325,28.91587,2020-08-21,2020-09-11,2020-08-25,2020-08-28,2020,SouthAsia,,nan,,,1474.629190102905,False,True,False,1,True,45,12,2597,16.621,,0,,b37,0,0
DFO5246,dfo,C,102.66,30.98736,107.20693,34.7776,2022-07-08,2022-07-30,2022-07-12,2022-07-16,2022,EastAsia,China,2.0,Heavy rain,,120000.0,,,,,True,62,8,1759,11.258,DFO Severity 2,0,,b37,0,0
GSd38804fbccc4,groundsource,A,86.78127,21.28013,87.29794,21.70815,2021-09-09,2021-10-02,2021-09-13,2021-09-18,2021,SouthAsia,,nan,,,482.0988984405376,False,True,False,1,True,38,14,31873,203.987,,0,,b37,0,0
GSfc987648ccfb,groundsource,A,-88.0214,15.37162,-87.87682,15.52193,2020-11-19,2020-12-08,2020-11-23,2020-11-24,2020,NorthAmerica,,nan,,,12.961472099244979,False,True,False,1,True,32,9,4110,26.304,,0,,b37,0,0
GS6f530bfbd75e,groundsource,A,103.58291,2.338,103.81195,2.6074,2023-01-21,2023-02-08,2023-01-25,2023-01-25,2023,SoutheastAsia,,nan,,,159.4658743226584,False,True,False,1,True,13,7,1159,7.418,,0,,b37,0,0
DFO5257,dfo,C,137.89746,36.86801,141.36025,40.88318,2022-07-30,2022-08-18,2022-08-03,2022-08-04,2022,EastAsia,Japan,1.5,Heavy rain,,86000.0,,,,,True,32,5,1593,10.195,DFO Severity 1.5,0,,b37,0,0
DFO4981,dfo,C,40.79566,-1.08355,46.64518,5.4038,2020-09-27,2020-11-26,2020-10-01,2020-11-12,2020,Africa,Somalia,1.5,Heavy rain,,244176.26046316,,,,,True,407,55,77179,493.946,DFO Severity 1.5,0,,b37,0,0
GSa3e1142da125,groundsource,A,84.94882,20.15468,85.31572,20.48008,2022-08-11,2022-08-30,2022-08-15,2022-08-16,2022,SouthAsia,,nan,,,357.23237558665244,False,True,False,1,True,15,7,3241,20.742,,0,,b37,0,0
GS17701c9526b7,groundsource,A,103.00846,14.55565,103.35223,14.89666,2022-09-17,2022-10-06,2022-09-21,2022-09-22,2022,SoutheastAsia,,nan,,,258.1771201588704,False,True,True,2,True,53,14,4336,27.75,,0,,b38,0,0
DFO5265,dfo,C,99.63025,35.68194,103.7055,37.88471,2022-08-13,2022-09-01,2022-08-17,2022-08-18,2022,EastAsia,China,1.5,Heavy rain,,62000.0,,,,,True,62,7,1819,11.642,DFO Severity 1.5,0,,b38,0,0
DFO5201,dfo,C,34.09544,-17.2085,35.92921,-14.87965,2022-03-08,2022-03-28,2022-03-12,2022-03-14,2022,Africa,Malawi,2.0,Tropical cyclone,,34000.0,,,,,True,56,8,23749,151.994,DFO Severity 2,0,,b38,0,0
GS0b6d03a29427,groundsource,A,-2.43036,47.25668,-2.05271,47.50748,2025-01-20,2025-02-07,2025-01-24,2025-01-24,2025,Europe,,nan,,,86.69807523503204,True,False,False,1,True,52,13,15657,100.205,,0,,b38,0,0
GS1c1304fe7ecf,groundsource,A,-39.27441,-15.91712,-38.89996,-15.57705,2022-12-07,2022-12-29,2022-12-11,2022-12-15,2022,SouthAmerica,,nan,,,1325.5700534432558,False,True,False,1,True,15,6,821,5.254,,0,,b38,0,0
GSdd1e5a4f4825,groundsource,A,79.56707,11.1841,79.85356,11.49059,2021-11-09,2021-11-27,2021-11-13,2021-11-13,2021,SouthAsia,,nan,,,464.7747250876047,False,True,False,1,True,13,3,1095,7.008,,0,,b38,0,0
GSf6f91206cefc,groundsource,A,-70.42322,-33.56242,-70.09679,-33.02173,2021-01-25,2021-02-15,2021-01-29,2021-02-01,2021,SouthAmerica,,nan,,,1019.9230501922708,False,True,False,1,True,47,13,897,5.741,,0,,b38,0,0
DFO4900,dfo,C,30.87041,-6.17917,37.57765,-2.85239,2020-04-20,2020-05-11,2020-04-24,2020-04-27,2020,Africa,United Republic of Tanzania,1.5,Heavy rain,,184333.47662471,,,,,True,157,17,191878,1228.019,DFO Severity 1.5,0,,b38,0,0
GS1547f8c97a20,groundsource,A,96.95346,5.15884,97.0634,5.24887,2022-10-11,2022-10-29,2022-10-15,2022-10-15,2022,SouthAsia,,nan,,,356.4184646755091,False,True,False,1,True,12,5,605,3.872,,0,,b38,0,0
DFO5212,dfo,C,32.08475,-9.35204,34.3657,-7.93704,2022-04-25,2022-05-17,2022-04-29,2022-05-03,2022,Africa,United Republic of Tanzania,1.5,Heavy rain,,28400.0,,,,,True,56,12,10415,66.656,DFO Severity 1.5,0,,b38,0,0
GS1e2e6f44b94a,groundsource,A,80.12935,25.77788,80.85445,26.30195,2020-08-19,2020-09-06,2020-08-23,2020-08-23,2020,SouthAsia,,nan,,,1310.137781113558,False,True,False,1,True,38,11,2368,15.155,,0,,b38,0,0
GS1f566866ee6a,groundsource,A,-40.05161,-18.07365,-39.20232,-17.75495,2022-12-07,2022-12-27,2022-12-11,2022-12-13,2022,SouthAmerica,,nan,,,1318.1760634371924,False,True,False,1,True,7,5,1028,6.579,,0,,b38,0,0
GS0ed54ab26a0d,groundsource,A,101.09129,15.60181,101.25811,15.92,2022-09-25,2022-10-14,2022-09-29,2022-09-30,2022,SoutheastAsia,,nan,,,256.51226843960984,False,True,True,2,True,21,9,1078,6.899,,0,,b38,0,0
DFO4896,dfo,C,25.54385,-6.44642,27.01381,-3.22768,2020-03-13,2020-04-17,2020-03-17,2020-04-03,2020,Africa,Democratic Republic of the Congo,2.0,Heavy rain,,180311.70703723,,,,,True,128,27,2307,14.765,DFO Severity 2,0,,b38,0,0
GS86f42e81bb42,groundsource,A,67.43261,28.01683,67.82278,28.44376,2022-08-17,2022-09-04,2022-08-21,2022-08-21,2022,SouthAsia,,nan,,,342.985155405277,False,True,False,1,True,31,10,129632,829.645,,0,,b38,0,0
GS988e7312578b,groundsource,A,-90.76209,19.25019,-90.62561,19.43177,2020-05-26,2020-06-19,2020-05-30,2020-06-05,2020,NorthAmerica,,nan,,,11.383202637574087,False,True,False,1,True,24,16,785,5.024,,0,,b38,0,0
GS6496fc7f82b8,groundsource,A,-45.3321,-3.41261,-44.60182,-2.84878,2023-03-13,2023-03-31,2023-03-17,2023-03-17,2023,SouthAmerica,,nan,,,1181.056223800588,False,True,False,1,True,31,8,17166,109.862,,0,,b38,0,0
GSd8e0c55dea04,groundsource,A,108.49555,-6.7882,108.65404,-6.61895,2021-01-14,2021-02-03,2021-01-18,2021-01-20,2021,SoutheastAsia,,nan,,,36.2665589585077,False,True,True,2,True,12,7,306,1.958,,0,,b38,0,0
DFO5324,dfo,C,32.93708,6.95255,34.47171,8.77044,2022-08-03,2022-10-15,2022-08-07,2022-10-01,2022,Africa,Ethiopia,2.0,Heavy rain,,27278.0,,,,,True,128,21,2937,18.797,DFO Severity 2,0,,b38,0,0
GS23b5ff1916b7,groundsource,A,78.34237,24.9874,78.9999,25.62127,2020-08-24,2020-09-12,2020-08-28,2020-08-29,2020,SouthAsia,,nan,,,1302.8821936478935,False,True,False,1,True,19,9,1323,8.467,,0,,b38,0,0
GS7b8c2b435221,groundsource,A,78.51159,12.58748,78.95449,12.95341,2021-11-26,2021-12-14,2021-11-30,2021-11-30,2021,SouthAsia,,nan,,,445.9613891097181,False,True,False,1,True,11,3,568,3.635,,0,,b38,0,0
GS217c91c11e5b,groundsource,A,102.64559,14.63976,103.01031,14.93806,2022-09-17,2022-10-06,2022-09-21,2022-09-22,2022,SoutheastAsia,,nan,,,244.3779036532193,False,True,True,2,True,26,11,5206,33.318,,0,,b38,0,0
DFO4959,dfo,C,-4.50829,14.33915,3.19111,18.01747,2020-07-16,2020-09-10,2020-07-20,2020-08-27,2020,Africa,Mali,1.5,Heavy rain,,178502.14849167,,,,,True,219,32,94584,605.338,DFO Severity 1.5,0,,b38,0,0
GS8ce69986cad5,groundsource,A,87.23006,21.55165,87.56505,21.86396,2022-08-25,2022-09-13,2022-08-29,2022-08-30,2022,SouthAsia,,nan,,,329.90236977075676,False,True,False,1,True,16,8,1555,9.952,,0,,b38,0,0
GS9d96be32e2b2,groundsource,A,-45.3321,-3.41261,-44.60182,-2.85023,2023-03-21,2023-04-08,2023-03-25,2023-03-25,2023,SouthAmerica,,nan,,,1181.056223800588,False,True,False,1,True,24,7,10391,66.502,,0,,b38,0,0
DFO5200,dfo,C,39.35616,-16.53814,40.72451,-13.66477,2022-03-07,2022-04-01,2022-03-11,2022-03-18,2022,Africa,Mozambique,2.0,Tropical cyclone,,26000.0,,,,,True,23,6,9220,59.008,DFO Severity 2,0,,b38,0,0
GS1ab5be021d91,groundsource,A,89.43745,21.71306,89.87441,22.6534,2020-05-16,2020-06-04,2020-05-20,2020-05-21,2020,SouthAsia,,nan,,,1300.7640096562736,False,True,False,1,True,121,15,15045,96.288,,0,,b38,0,0
GSc9b217cd7f94,groundsource,A,-8.28631,51.84795,-6.80937,52.43384,2023-10-14,2023-11-06,2023-10-18,2023-10-23,2023,Europe,,nan,,,1848.2215588525055,False,True,False,1,True,26,10,1115,7.136,,0,,b38,0,0
GSc1ebe0aca132,groundsource,A,81.63567,26.24148,82.1263,26.6215,2021-09-13,2021-10-05,2021-09-17,2021-09-21,2021,SouthAsia,,nan,,,445.47463133641105,False,True,False,1,True,25,11,2595,16.608,,0,,b38,0,0
GSe5a36ab2111c,groundsource,A,-97.87962,26.37827,-97.67415,26.53817,2020-07-21,2020-08-09,2020-07-25,2020-07-26,2020,NorthAmerica,,nan,,,10.296233968611606,False,True,False,1,True,14,6,2699,17.274,,0,,b38,0,0
DFO4872,dfo,C,32.97972,-21.76785,37.59974,-14.92537,2020-02-08,2020-03-02,2020-02-12,2020-02-17,2020,Africa,Mozambique,1.5,Heavy rain,,172916.50847468,,,,,True,230,19,72347,463.021,DFO Severity 1.5,0,,b38,0,0
GS64bf22e7a628,groundsource,A,-1.96309,51.62856,-1.6646,51.68262,2020-12-19,2021-01-06,2020-12-23,2020-12-23,2020,Europe,,nan,,,50.77134030290718,False,True,False,1,True,77,19,1020,6.528,,0,,b38,0,0
GSefd70ba3ce5d,groundsource,A,88.77611,25.99211,89.18478,26.36512,2022-06-19,2022-07-08,2022-06-23,2022-06-24,2022,SouthAsia,,nan,,,329.4814154348417,False,True,False,1,True,31,11,25528,163.379,,0,,b38,0,0
GS431377045083,groundsource,A,100.34507,14.59584,100.65638,15.01577,2022-10-03,2022-10-21,2022-10-07,2022-10-07,2022,SoutheastAsia,,nan,,,242.76804295795387,False,True,True,2,True,18,6,39476,252.646,,0,,b38,0,0
DFO5270,dfo,C,42.65564,14.68357,48.96017,17.66908,2022-08-09,2022-08-31,2022-08-13,2022-08-17,2022,Africa,Yemen,1.5,Heavy rain,,6300.0,,,,,True,60,10,4736,30.31,DFO Severity 1.5,0,,b38,0,0
GSc2cf4c8551d6,groundsource,A,89.76203,22.07024,90.28322,22.94706,2020-05-16,2020-06-04,2020-05-20,2020-05-21,2020,SouthAsia,,nan,,,1271.9408795206089,False,True,False,1,True,121,15,57991,371.142,,0,,b38,0,0
GSf21ada83f5df,groundsource,A,17.47683,47.7338,17.73084,47.92846,2024-09-09,2024-09-29,2024-09-13,2024-09-15,2024,Europe,,nan,,,13.23995067364452,True,False,True,2,True,41,14,394,2.522,,0,,b38,0,0
GS2361aaba701e,groundsource,A,85.09043,26.24948,85.48836,26.73791,2021-08-23,2021-09-14,2021-08-27,2021-08-31,2021,SouthAsia,,nan,,,440.96121194002774,False,True,False,1,True,28,12,12460,79.744,,0,,b38,0,0
DFO4880,dfo,C,13.74976,-12.78647,17.60306,-8.35452,2020-03-04,2020-03-31,2020-03-08,2020-03-17,2020,Africa,Angola,1.5,Heavy rain,,157818.45670346,,,,,True,76,10,55000,352.0,DFO Severity 1.5,0,,b38,0,0
GSf5d25ca54dde,groundsource,A,16.82112,45.08233,18.24685,45.67663,2023-05-13,2023-05-31,2023-05-17,2023-05-17,2023,Europe,,nan,,,1835.1251236429616,True,False,False,1,True,31,13,4246,27.174,,0,,b38,0,0
GS84581607b37c,groundsource,A,83.5482,25.42112,83.96853,25.68582,2022-08-27,2022-09-14,2022-08-31,2022-08-31,2022,SouthAsia,,nan,,,325.9458171181982,False,True,False,1,True,41,12,4872,31.181,,0,,b38,0,0
GSd59af8ae60da,groundsource,A,0.5974,40.62373,0.84597,40.73371,2020-01-22,2020-02-09,2020-01-26,2020-01-26,2020,Europe,,nan,,,48.535580376236936,False,True,False,1,True,52,11,3490,22.336,,0,,b38,0,0
GS5d842fe791ae,groundsource,A,89.76203,22.07024,90.28322,22.94706,2020-05-22,2020-06-09,2020-05-26,2020-05-26,2020,SouthAsia,,nan,,,1271.9408795206089,False,True,False,1,True,119,16,66794,427.482,,0,,b38,0,0
GS131506a17887,groundsource,A,-88.02273,15.12175,-87.87883,15.32051,2020-11-17,2020-12-10,2020-11-21,2020-11-26,2020,NorthAmerica,,nan,,,10.015056701502974,False,True,False,1,True,34,10,6318,40.435,,0,,b38,0,0
GS09edfa0683d9,groundsource,A,100.34507,14.59584,100.65638,15.01577,2022-10-10,2022-10-29,2022-10-14,2022-10-15,2022,SoutheastAsia,,nan,,,242.76804295795387,False,True,True,2,True,18,6,47916,306.662,,0,,b38,0,0
DFO4897,dfo,C,34.75816,-1.04264,38.48643,3.40408,2020-03-23,2020-05-11,2020-03-27,2020-04-27,2020,Africa,Kenya,1.5,Heavy rain,,154389.89680162,,,,,True,455,49,37295,238.688,DFO Severity 1.5,0,,b38,0,0
GS70d7e32a489b,groundsource,A,-3.56608,40.17825,-3.28403,40.42433,2025-03-17,2025-04-04,2025-03-21,2025-03-21,2025,Europe,,nan,,,84.31072337781238,True,False,False,1,True,30,13,340,2.176,,0,,b38,0,0
GS1dbbec3c02d8,groundsource,A,85.09043,26.24948,85.48836,26.73791,2021-09-02,2021-09-21,2021-09-06,2021-09-07,2021,SouthAsia,,nan,,,440.96121194002774,False,True,False,1,True,23,10,8709,55.738,,0,,b38,0,0
DFO4970,dfo,C,-90.85537,11.87575,-83.30112,21.54602,2020-10-31,2020-11-23,2020-11-04,2020-11-09,2020,NorthAmerica,"Nicaragua,Honduras",1.5,Tropical Storm Eta,,412060.38377522,,,,,True,320,21,264477,1692.653,DFO Severity 1.5,0,,b38,0,0
GS259a4f399c60,groundsource,A,90.93784,24.9462,91.37538,25.20794,2022-06-27,2022-07-15,2022-07-01,2022-07-01,2022,SouthAsia,,nan,,,323.62961818025474,False,True,False,1,True,43,9,33480,214.272,,0,,b38,0,0
